youtube_id,source,title
cA5-a1MdkpU,channel,"14-Jun-26 | Dr. Subhankar Ghosh, CEO Graham Stains Ministry | Sunday Service | Apo AS Ranjith Ophir"
8fOHevd66h4,channel,Yehova Na Kapari.... యెహోవా నా కాపరి .....Song by Ashrit | Apo Dr. Addanki Ranjith Ophir
enULurGbDKg,channel,Yemi Dhachagalanu Na Prabhuvaa.... ఏమి దాచగలను నా ప్రభువా....song by Rithika
kCyIyUrAQXc,channel,11-Jun-26 | Mrs. Suvani John Prakash 70th Birthday Celebrations
8GPoCR1IUEY,channel,11-Jun-26 | Mrs. Suvani John Prakash 70th Birthday Celebrations
i-PMo-zX4kE,channel,11-Jun-26 | Mrs. Suvani John Prakash 70th Birthday Celebrations
FaP-mG_J8es,channel,10-Jun-26 | Gruhapravesam  | Apostle Dr. AS Ranjith Ophir
kmnhOti6wvg,channel,కేజీ బాలకృష్ణన్ కమిషన్‌కు లక్ష సంతకాల వినతిపత్రం సమర్పించాక ప్రెస్ తో దేశభక్త డా. రంజిత్ ఓఫిర్ గారు
1mxki4mAzso,channel,10-Jun-26 | Gruhapravesam  | Apostle Dr. AS Ranjith Ophir
0uQgzz2ZFOU,channel,07-Jun-26 | Sunday Service | Second Message | Central Church | Apostle Dr. AS Ranjith Ophir
cEAHrhzvrpA,channel,07-Jun-26 | Sunday Service | First Message | Central Church | Apostle Dr. AS Ranjith Ophir
W0hszIhnLDA,channel,07-Jun-26 | Sunday Service | First Message | Central Church | Apostle Dr. AS Ranjith Ophir
IxSfG2K99qY,channel,Ninu Mathrame ne Nammanayya | Song by Ashrith & Anugna
pYDj__bb0J0,channel,#ksmlive : 276 l Ksheerasagara Madhanam | Q&A | Apo. Ranjith Ophir | Maark Babu | 06-06-26
m4rEQ06Pj6s,channel,06-Jun-2026 | Agape Bible Fair | ACE Club | AFGC Nizampet
BSKFdPwsbec,channel,27-05-2026 | సత్యసువార్త మహాసభ | శంకర్ పల్లి | Apostle Dr A S Ranjeet Ophir
L3AIo4twQuQ,channel,దైవ ప్రణాళికకు అడ్డుపడుతున్న మూర్ఖతరం!! | Spiritual Warfare Series | Apostle Dr Ophir | 02-Jun-2026
YUile-cVOQI,channel,30-05-2026 | Message by Apo Dr.Ranjith Ophir @Bible Mission - Gooty |  మహిమ సువార్త మహాసభలు
k4rUS-J5hAc,channel,29-05-2026 | Message by Apo Dr.Ranjith Ophir @Bible Mission - Gooty | సంగీత మహోత్సవములు Day 3
uzC2F2qsTm0,channel,31-05-2026 | M.Laxman & Sujatha | Silver Jubilee Celebrations | AFGC Nizampet
UlDAIbtf2Sc,channel,31-05-2026 | Sunday Service | First Message | Central Church | Apostle Dr. AS Ranjith Ophir
l1VBE3M0CkU,channel,31-05-2026 | Sunday Service | Second Message | Central Church | Apostle Dr. AS Ranjith Ophir
8LdmLfbpKfI,channel,"Aashcharya Karuda Athi Balavanthuda | Song By Apo Dr. Ranjith Ophir @Bible  Mission,Gooty | 29-05-26"
qZ-p9BBggNw,channel,30-5-2026 | దైవశక్తి ప్రార్థన కార్యక్రమము | Bible Mission Gooty | Apo A S Ranjith Ophir
0YN_gSfq1lk,channel,"29-5-2026  సంగీత మహోత్సవములు Day 3 బైబిలు మిషను,గుత్తి | Bible Mission Gooty | Apo A S Ranjith Ophir"
tIbjMYYvr-A,channel,27-05-2026 | సత్యా సువార్త మహాసభ | శంకరపల్లి
ErNSbg6BD6s,channel,27-05-2026 Testing Video
51WCg8U1jmg,channel,26-May-2026 | ARUN KUMAR  Weds  ADWAITHA Wedding  Ceremony | Apostle Dr AS Ranjeet Ophir
NGYdja9GJ-o,channel,అసలైన ప్రార్థనాపరులు!! | Spiritual Warfare Series | Apo Dr Ranjeet Ophir | 25-May-2026
l43gJAmRduM,channel,24-05-26 | Sunday Service | Second Message | Central Church | Apostle Dr. AS Ranjith Ophir
7aadpZqxd14,channel,24-05-26 Sunday Service | First Message | Malkajgiri Church | Apostle Dr AS Ranjith
pK34X7WSkdE,channel,24-05-26 | Sunday Service | Second Message | Central Church | Apostle Dr. AS Ranjith Ophir
KTnoAlbeD-w,channel,#ksmlive : 274 | Ksheerasagara Madhanam | Q&A | Apo. Ranjith Ophir | Maark Babu | 23-05-26
p7_7CzmL0AY,channel,ఓటమి యెరుగని ప్రార్థన!! | Spiritual Warfare Series | Apo Dr Ranjeet Ophir || 23-May-2026
7dKiebEXIvM,channel,17-May-2026 | Sunday Service | First Message | Central Church | Apostle Dr AS Ranjith Ophir
MpwyYYti8Mo,channel,17-May-2026 | Sunday Service | Second Message | Central Church | Apostle Dr. AS Ranjith Ophir
z9Kh1eK1khM,channel,#ksm : 273: Ksheerasagara Madhanam क्षीरसागर मंथन #QandA Ranjith Ophir l Mark Babu 16-05-2026
4GthakEzLTE,channel,13-May-2026 | Church Inauguration Ceremony | Ps Vijay kumar | Tallapally | Apostle Dr Ranjeet Ophir
Too0zbPw2u4,channel,21-Apr-2026 | Memorial Service of Bro Sai Prabath Eluri | Central Church | Apo Dr AS Ranjeet ophir
ZGIn4XHJhmM,channel,10-May-2026 | Sunday Service | Second Message | Central Church | Apostle Dr. AS Ranjith Ophir
ZCHZTI2FX_g,channel,10-May-2026 | Sunday Service | First Message | Malkajgiri | Apostle Dr. AS Ranjith Ophir
HhbYtWqybZ0,channel,#ksm : 272: Ksheerasagara Madhanam क्षीरसागर मंथन #QandA Ranjith Ophir l Mark Babu 09-05-2026
gP_JZKw0RfU,channel,05-May-2026 | దళిత క్రైస్తవ సమైక్య మహాసభ ! గుంటూరు !  Dr AS Ranjith Ophir
ZBk_YvUkRdQ,channel,"05-May-2026 | ఆంధ్రప్రదేశ్ అగాపే అభిషిక్త సేవకుల సదస్సు, గుంటూరు | Apostle Dr AS Ranjith Ophir"
4KId3mZATlQ,channel,03-May-2026 | Sunday Service | Second Message | Central Church | Apostle Dr AS Ranjith Ophir
YTvLS8u3_d4,channel,03-May-2026 | Sunday Service | Second Message | Central Church | Apostle Dr AS Ranjith Ophir
s--ob_ERJYQ,channel,02-May-2026Retirement Occasions of Sikhinam Shalemu Raju
sTpflHa-CTI,channel,Venkatesh (John Peter) weds Anuradha | Wedding Ceremony | Ophir Ministries | 01-May-2026
Cx-mu1-POU4,channel,Venkatesh (John Peter) weds Anuradha | Wedding Ceremony | Ophir Ministries | 01-May-2026
Qpq7wrzH-xs,channel,Venkatesh (John Peter) weds Anuradha | Wedding Ceremony | Ophir Ministries | 01-May-2026
DqQH4Nn5qQg,channel,Dr Ranjith Ophir's Oath Taking Ceremony as State Chairman Telangana - Rashtriya Udyog Bharat 30-4-26
DosbcpaQ_RE,channel,26-Apr-2026 | Sunday Service | First Message | Malkajgiri Church | Apostle Dr AS Ranjith Ophir
Ll-iiFX8xeA,channel,26-Apr-2026 | Sunday Service | Second Message | Central Church | Apostle Dr AS Ranjith Ophir
qDlOGZSFj9k,channel,#ksm : 271: Ksheerasagara Madhanam क्षीरसागर मंथन #QandA Ranjith Ophir l Mark Babu 25-04-2026
C9A0ZJkqGFU,channel,బబులోనులో శ్రేష్ఠ భక్తులు!! | సంపూర్ణ రాత్రి ప్రార్థన | Apostle Dr AS Ranjeet Ophir | 20-Apr-2026
8ABRGDqMyk8,channel,ఎవరు ప్రార్థనాపరులు?? | సంపూర్ణ రాత్రి ప్రార్థన | Apostle Dr AS Ranjeet Ophir | 20-Apr-2026
UPLZkWCRqSg,channel,భక్తుని శ్రమలో దైవ మహిమ ప్రత్యక్షం!! Second Message | Central Church | Apostle Dr AS Ranjith Ophir
xOLhWw6nvzA,channel,Mr. Samuel Kothapally & Mrs. Hephzibah Addanki's 50th Wedding Anniversary
8OIkoirOOZI,channel,#ksm : 270: Ksheerasagara Madhanam क्षीरसागर मंथन #QandA Ranjith Ophir l Mark Babu 18-04-2026
EFdOjhgbez8,channel,మహా శ్రమల కాలం!! | Ranjith Ophir Short Messages
h-egHQRc2xo,channel,16-Apr-2026 | ఉమ్మడి గోదావరి జిల్లాల అభిషిక్త దైవజనులు సహవాస కూడిక | Apostle Dr A S Ranjeet Ophir
Iwyny29_MKo,channel,ప్రార్థనలో విజయానికి చిట్కాలు?? | సంపూర్ణ రాత్రి ప్రార్థన | Apostle Dr AS Ophir | 16-Apr-2026
pUcvDd80rYQ,channel,ఉజ్జీవానికి ఆరంభం!! | Ranjith Ophir Short Messages
gB08FoMUN0s,channel,ప్రేమ మోకరించి ప్రార్థిస్తే?! | సంపూర్ణ రాత్రి ప్రార్థన | Apostle Dr AS Ophir | 14-Apr-2026
1Y-PllQUbmg,channel,దావీదు జీవితాశయం! | Sunday Service | Second Message |  | Apostle Dr AS Ranjith Ophir | 12-Apr-2026
gajsrYDxtyY,channel,విజ్ఞాన కాలంలో దేవుని కరుణా సంకల్పం! |  Apostle Dr AS Ranjith Ophir | 12-Apr-2026 |
eLuACL54Tig,channel,22 March 2026 ||  నిన్ను కొలిచేదా రావయ్యా! | బ్రదర్ నాని | నాగోల్
kfqVxVgg2V4,channel,22 March 2026 | చాలునయ్యా నీ కృప ఈ జీవితానికి! | బ్రదర్ బాబ్ సంస్కారణ్ |
_4cww2b8b9k,channel,12 April 2026   ఓఫీర్ గారి పాట ఓఫీర్ దండు నోట! బేబీ ప్రణవి
KLna-X6TH5g,channel,#ksm : 269: Ksheerasagara Madhanam क्षीरसागर मंथन #QandA Ranjith Ophir l Mark Babu 11-04-2026
M_V6BRhh-V8,channel,ప్రార్థనాపరులందరూ తెలుసుకోవాల్సిన దేవ రహస్యం!! | Ranjith Ophir Short Messages
NHTrpgfkdAs,channel,సాతాను కార్యాలు vs దేవుని కార్యాలు | సంపూర్ణ రాత్రి ప్రార్థన | Apostle Dr AS Ophir | 11-Apr-2026
tyPtEX15tZw,channel,10-Apr-2026 | తెలంగాణ రాష్ట్ర అభిషిక్త దైవజనుల సహవాసము! | Ophir Ministries
iomUXygTMp0,channel,హస్తనిక్షేపణ పూర్వాపరాలు! | Audio Message | Apostle Dr A S Ranjeet Ophir | 10-Apr-2026
9x18USFB73k,channel,సిద్థపడియున్నవారు! | Audio Message | Apostle Dr A S Ranjeet Ophir | 10-Apr-2026
QzBku4tH_LI,channel,యేసు ప్రభువువారు ఎందుకు పుట్టాడు? | Audio Message | Apostle Dr A S Ranjeet Ophir | 10-Apr-2026
uxFG8aTUhks,channel,దేవునికి అసాధ్యమైనది ఏదీ లేదు!! Ranjith Ophir Short Messages
MDFAPswsZ0w,channel,మన నోటికి అత్యున్నత ప్రయోజనం!! | సంపూర్ణ రాత్రి ప్రార్థన | Day 910 | Apo Dr AS Ranjeet Ophir
iA2BOfERGCA,channel,08-Apr-2026 | కర్మేలు ప్రార్ధన సందేశం | Carmel Prayer | Central Church | Apo Dr AS Ranjeet Ophir
DFWlj0MW2oU,channel,09-Apr-2026 | Central Church Women Fellowship | Apostle Dr AS Ranjeet Ophir
-6NiKKoCOA4,channel,ప్రేమమూర్తి రౌద్రం! | సంపూర్ణ రాత్రి ప్రార్థన | Apostle Dr AS Ophir | 09-Apr-2026
-QbyBusRkA8,channel,08-Apr-2026 | కొండమీద మాట్లాడుట!! | Audio Message | Apostle Dr A S Ranjeet Ophir
PIK80mYcKr4,channel,07-Apr-2026 | Bro Bob Samskaran's House warming Ceremony  | Nizampet
7KPjXqO-i4Y,channel,నీకు సాతాను మీద కోపం రావాలి!! | Ranjith Ophir Short Messages
lPbHlVG7YO0,channel,Day 4  Thialand International Prayer Conference  Dr Ranjith Ophir  Dr Rathnakumar
TJHCUyCrQDQ,channel,Day 3  Thialand International Prayer Conference  Dr Ranjith Ophir  Dr Rathnakumar
-b3ZVhkD3Dw,channel,07-Apr-2026 | పురుషుని ప్రాముఖ్యత! | Audio Message | Apostle Dr A S Ranjeet Ophir
qJB6YEnFtjU,channel,44th The Day of Divine Visitation
ba5FzB5JTS8,channel,క్రైస్తవుండా కదలి రావయ్యా ఆల్బమ్ l Kraisthavumdaa Kadali Raavayya Album l Ranjith Ophir Songs
v2SqBCRUV84,channel,ప్రార్థనలో భిన్న కోణాలు!! | సంపూర్ణ రాత్రి ప్రార్థన | Apostle Dr AS Ophir | 07-Apr-2026
gIJM0Ew9ZdA,channel,07-Apr-2026 | క్షమాపణకు మార్గం!! | Audio Message | Apostle Dr A S Ranjeet Ophir
vyenSWV0kWg,channel,రాజాధి రాజా స్తోత్రము l Raajadhi Raaja Stotramu  | యాత్రికుడి పద ధ్వనులు l Ranjith Ophir Songs
PpWQmo-SiFg,channel,రేయిపగలు నీ పదసేవే l Reyi Pagalu Nee Pada Seve l Ranjith Ophir Songs
4T0BtIcbevg,channel,యాత్రికుడి పద ధ్వనులు | Yatrikudi Padadhvanulu | Volume - 5 | Ranjith Ophir Songs
N64v-YEpTMk,channel,యాత్రికుడి పద ధ్వనులు | Yatrikudi Padadhvanulu | Volume - 4 | Ranjith Ophir Songs
kbaS61JObUc,channel,యాత్రికుడి పద ధ్వనులు | Yatrikudi Padadhvanulu | Volume - 3 | Ranjith Ophir Songs
Kg_VH8x27qA,channel,05-Apr-2026 | Apo Addanki Ranjith Ophir's 67th Birthday Celebrations
4ukktro3Gq8,channel,05-Apr-2026 | India Praja Bandhu Party's 8th Anniversary Celebrations
s4TLPufvaKE,channel,05-Apr-2026 | Second  Message | Easter Sunday Service | Central Church | Apo Addanki Ranjith Ophir
g_YbriUUTaU,channel,05-Apr-2026 | First Message | Easter Sunday Service | Central Church | Apo Addanki Ranjith Ophir
JmxP59MAj74,channel,05-Apr-2026 | Choir Songs | Easter Sunday Service | Central Church | Apo Addanki Ranjith Ophir
RkaEL8UkX5Y,channel,#ksm: 268: Ksheerasagara Madhanam क्षीरसागर मंथन #QandA Ranjith Ophir l Mark Babu 04-04-2026
dvoM8t245Pk,channel,03-Apr-2026 | Good Friday Worship | Central Church | Apostle Dr AS Ranjith Ophir
mTooSUqwMnA,channel,03-Apr-2026 | Good Friday Worship | Central Church | Apostle Dr AS Ranjith Ophir
abKOZyCZZO8,channel,దేవునికి లోబడుట - ఒక ముఖ్య దినుసు! | Ranjith Ophir Short Messages
puA8BKuuMYU,channel,29-Mar-2026 | First Message | Palm Sunday Service | Central Church | Pas. Arun Kumar
M577LCjvYsA,channel,యుద్ధరంగంలో మనకు తప్పకుండా ఎదురయ్యే శోధన!! | Ranjith Ophir Short Messages
HPZ-GruB73Y,channel,29-Mar-2026 | Second Message | Palm Sunday Service | Central Church | Apostle Dr AS Ranjith Ophir
warPs7yQz_g,channel,26-Mar-2026 | Special Bible Study for Pastors & Church Leaders | Divine Visitaion Day | Bangkok
E6rOTEVmT9g,channel,26-Mar-2026 | Special Bible Study for Pastors & Church Leaders | Divine Visitaion Day | Bangkok
ND2273KI2Zs,channel,26-Mar-2026 | Special Bible Study for Pastors & Church Leaders | Divine Visitaion Day | Bangkok
Vm8I9Ja7gIc,channel,26-Mar-2026 | Special Bible Study for Pastors & Church Leaders | Divine Visitaion Day | Bangkok
VsQZ1AKJJGs,channel,లోకనాథులతో పోరాడుతున్న సత్యసంబంధులు! | సంపూర్ణ రాత్రి ప్రార్థన | Apostle Dr AS Ophir | 25-Mar-2026
fZD97nW5uO8,channel,విశ్వాసి చేయాల్సిన కాలప్రయాణం!! | Ranjith Ophir Short Messages
rf0Ba2reQtY,channel,22-Mar-2026 | Sunday Service | Second Message | Central Church | Apostle Dr AS Ranjith Ophir
dN61Y-JCIFA,channel,మన పనులన్నియు విత్తనాలే!! | Short Messages | Apostle Dr A S Ranjeet Ophir
gpsr8zimluk,channel,ప్రార్థనకు అసలైన కారణం!! | సంపూర్ణ రాత్రి ప్రార్థన | Apostle Dr AS Ranjeet Ophir | 20-Mar-2026
dhck7-Gf0uo,channel,19-Mar-2026 | Fasting Prayer | Central Church | Apostle Dr AS Ranjeet Opjir
KZ29LO6hEh8,channel,20-Mar-2026 | House Ceremony Celebration Pas Chand & Madhuri  Apostle Dr AS Ranjith Ophir
q3evsMUYNKU,channel,20-Mar-2026 | House Ceremony Celebration Pas Chand & Madhuri  Apostle Dr AS Ranjith Ophir
SdjamQCNf8A,channel,ఎడతెగని ప్రార్థన ఎందుకు చేయాలి?? | సంపూర్ణ రాత్రి ప్రార్థన | Apostle Dr AS Ophir | 18-Mar-2026
yr-NtOtlIvk,channel,దేవుని క్షత్రియులు!! | సంపూర్ణ రాత్రి ప్రార్థన | Apostle Dr AS Ranjeet Ophir | 17-Mar-2026
smOo0xlxjTk,channel,ఓటమి ఎరుగని ప్రార్థన!! | సంపూర్ణ రాత్రి ప్రార్థన | Apostle Dr AS Ranjeet Ophir | 14-Mar-2026
-oXg6hN3q2Q,channel,6000 యేండ్లు అయినా ఇంకా మారరా??
HJ9b9iGssVU,channel,క్రీస్తు సిలువ యేసునే కాదు మన అహాన్ని చంపే సిలువ కూడా!!!
DiFMaHkckE0,channel,పరలోకానికి షార్ట్ కట్!!
jIzMZ0kCZ8E,channel,సిలువను మోయడమంటే చావడానికి సిద్ధమవ్వడం!!
ree516WLUx8,channel,బుద్ధి మారకుండా భక్తి ఉంటే లాభమేంటి?
JoE7C1HC2yI,channel,15-Mar-2026 | Sunday Service | Second Message | Central Church | Apostle Dr AS Ranjith Ophir
FhU_C5HFjjc,channel,మారని క్రైస్తవ సంఘం!
jn6eLn6ERYY,channel,క్రైస్తవ జీవన ప్రారంభ అడుగు!
srw9klHw3d0,channel,పైసా! నీరు!! నీసు!!!
fSbkKpnXQBo,channel,ఏ ముఖంబు తోడ వత్తుయేసు నాధ నీదు మ్రోల .Author:జొన్నకూటి దేవదానం ! | Ashrith & Anugna
N4AXUiFd0CI,channel,15-Mar-2026 | Sunday Service | First Message | Malkajgiri Church | Apostle Dr AS Ranjith Ophir
dysW3X8ksNo,channel,స్వచిత్తమును బలపరుస్తున్న క్రైస్తవులు !
tvdCryUr0sw,channel,క్రీస్తును వెంబడించేవారికి ఇష్టా యిష్టాలు ఉండకూడదు!!
BMyovZ-i0gI,channel,మేజర్ ఓపెన్ హార్ట్ సర్జరీ !
NqFiEZFsKVM,channel,#ksm: 266: Ksheerasagara Madhanam क्षीरसागर मंथन #QandA Ranjith Ophir l Mark Babu 14-03-2026
XtxrP-HPvks,channel,క్రైస్తవుడను అని అనిపించుకొనుటకు కనీస అర్హత!
yCSaoj4DXHM,channel,ఆపేక్ష - ఉపేక్ష!! ఏంటి తేడా??
3e_-7k3zhd4,channel,ANY TIME MONEY......ANY TIME JESUS
1apxDZTUCcU,channel,14-Mar-2026 | సంపూర్ణ రాత్రి ప్రార్థన | Spiritual Warfare Series | Apostle Dr AS Ranjeet Ophir
6Kxd3QQ5NKQ,channel,13-Mar-2026 | సంపూర్ణ రాత్రి ప్రార్థన | Spiritual Warfare Series | Apostle Dr AS Ranjeet Ophir
8n299mDQb8o,channel,12-Mar-2026 | సంపూర్ణ రాత్రి ప్రార్థన | Spiritual Warfare Series | Apostle Dr AS Ranjeet Ophir
bfdU0mfh_Ts,channel,సజీవుడు రా.... నా దేవుడు !!
a5dv8-CdX9w,channel,యేసును వెంబడింపగోరువారు చుడండి!
Cxil3bVxgh4,channel,మానవ రక్షణ యజ్ఞమును అడ్డుపడ్డ పేతురు!
OTW0Vynn8F8,channel,11-Mar-2026 | కర్మేలు ప్రార్ధన సందేశం | Central Church | Apostle Dr AS Ranjith Ophir
5Zh-HrMQcIE,channel,11-Mar-2026 | సంపూర్ణ రాత్రి ప్రార్థన | Spiritual Warfare Series | Apostle Dr AS Ranjeet Ophir
9tXXlKmALmM,channel,08-Mar-2026 | Sunday Service | Second Message | Central Church | Apostle Dr AS Ranjith Ophir
RJgS9YQ-vbk,channel,08-Mar-2026 | Sunday Service | First Message | Central Church | Apostle Dr AS Ranjith Ophir
jfddllAdDF8,channel,07-Mar-2026 | Sunday Service | First Message | Malkajgiri Church | Apostle Dr AS Ranjith Ophir
U227uyIUuWY,channel,#ksm: 265: Ksheerasagara Madhanam क्षीरसागर मंथन #QandA Ranjith Ophir l Mark Babu 07-03-2026
cwqNS8uFGeY,channel,07-Mar-2026 | సంపూర్ణ రాత్రి ప్రార్థన | Spiritual Warfare Series | Apostle Dr AS Ranjeet Ophir
VXt8DIeBDFo,channel,"06-Mar-2026 | మధ్య ప్రాచ్యం లో ఘర్షణల కారణాలు, ఫలితాలు | ఓలీవల కొండ - 5 | Special Program"
EwY6-Vbk6o8,channel,06-Mar-2026 | సంపూర్ణ రాత్రి ప్రార్థన | Spiritual Warfare Series | Apostle Dr AS Ranjeet Ophir
Ceqy-adykfU,channel,04-Mar-2026 | కర్మేలు ప్రార్ధన సందేశం | Central Church | Apostle Dr AS Ranjith Ophir
1Z-0A2ORqpE,channel,05-Mar-2026 | తెలంగాణ రాష్ట్ర అభిషిక్త దైవజనుల సహవాసము! | Ophir Ministries
O7plUjIaJ1M,channel,05-Mar-2026 | Bro. Laxman's Birthday Celebrations
y0GL5HeW6LM,channel,03-Mar-2026 | సంపూర్ణ రాత్రి ప్రార్థన | Spiritual Warfare Series | Apostle Dr AS Ranjeet Ophir
HVQ8cKMuhrc,channel,02-Mar-2026 | సంపూర్ణ రాత్రి ప్రార్థన | Spiritual Warfare Series | Apostle Dr AS Ranjeet Ophir
f7AK-Csh-bM,channel,01-Mar-2026 | Sunday Service | Second Message | Central Church | Apostle Dr AS Ranjith Ophir
5GnUygqvGXo,channel,#ksm: 264: Ksheerasagara Madhanam क्षीरसागर मंथन #QandA Ranjith Ophir l Mark Babu 28-02-2026
iMATrv5NVYs,channel,26Feb-2026 | ఓఫీర్ మినిస్ట్రీస్ ఉత్తరాంధ్ర సేవకుల సదస్సు! విశాఖపట్నం | Apostle Dr AS Ranjeet Ophir
95XQtvpJmg0,channel,26Feb-2026 | అగాపే ఫుల్ గాస్పల్ చర్చ్ TSN కాలనీ 25వ వార్షికోత్సవ వేడుక| Apostle Dr AS Ranjeet Ophir
HwXYknBWTV8,channel,26Feb-2026 | అగాపే ఫుల్ గాస్పల్ చర్చ్ TSN కాలనీ 25వ వార్షికోత్సవ వేడుక| Apostle Dr AS Ranjeet Ophir
uRGZg3cbaQg,channel,26Feb-2026 | ఓఫీర్ మినిస్ట్రీస్ ఉత్తరాంధ్ర సేవకుల సదస్సు! విశాఖపట్నం | Apostle Dr AS Ranjeet Ophir
7LFL7rmStyE,channel,25-Feb-2026 | సంపూర్ణ రాత్రి ప్రార్థన | Spiritual Warfare Series | Apostle Dr AS Ranjeet Ophir
hf-nrT4HgYE,channel,23-Feb-2026 | నారాయణఖేడ్ AFGC 5వ వార్షికోత్సవ సభ | Apostle Dr AS Ranjith Ophir
kR2v-Se0N_k,channel,23-Feb-2026 | నారాయణఖేడ్ AFGC 5వ వార్షికోత్సవ సభ | Apostle Dr AS Ranjith Ophir
rd1SlXCR2yA,channel,22-Feb-2026 | Sunday Service | Second Message | Central Church | Apostle Dr AS Ranjith Ophir
M4tIaS_BMW8,channel,22-Feb-2026 | Sunday Service | First Message | Central Church | Apostle Dr AS Ranjith Ophir
8qqzF4hK9Cw,channel,"20-Feb-2026 | కృతజ్ఞత కుడిక | Double Bedrooms, Nizampet | Apostle Dr AS Ranjeet Ophir"
LaoZjsnC4xs,channel,#ksm: 263: Ksheerasagara Madhanam क्षीरसागर मंथन #QandA Ranjith Ophir l Mark Babu 21-02-2026
U-aww0_TBUo,channel,21-Feb-2026 | విజ్ఞాపన ప్రార్ధన సందేశం | Intercessory Prayer | Apo Dr AS Ranjeet Ophir
hDqD4vaLrWY,channel,20-Feb-2026 | సంపూర్ణ రాత్రి ప్రార్థన | Spiritual Warfare Series | Apostle Dr AS Ranjeet Ophir
t4FQog9RmH4,channel,20-Feb-2026 | కరుణించి తిరిగి సమకూర్చు ప్రభువా | Ranjith Ophir Songs | Apostle Dr AS Ranjeet Ophir
dk0md6AvfZQ,channel,18-Feb-2026 | కర్మేలు ప్రార్ధన సందేశం | Central Church | Apostle Dr AS Ranjith Ophir
JIpMwnb_bY0,channel,15-Feb-2026 | Sunday Service | Second Message | Central Church | Apostle Dr AS Ranjith Ophir
NiKZzIOH2U0,channel,15-Feb-2026 | Sunday Service | First Message | Central Church | Apostle Dr AS Ranjith Ophir
Wp5dpB0RDBA,channel,#ksm: 262: Ksheerasagara Madhanam क्षीरसागर मंथन #QandA Ranjith Ophir l Mark Babu 14-02-2026
4cWHTDtzCg8,channel,07-Jan-2026 | కర్మేలు ప్రార్ధన సందేశం | Carmel Prayer | Central Church | Apo Dr AS Ranjeet Ophir
uMR4WtH-_wM,channel,12-02-2026 | Sowmya Weds Gopi | Apostle Dr AS Ranjith Ophir
mDNLY6koGks,channel,12-02-2026 | !| Apostle Dr AS Ranjith Ophir
vAZNYlvcZl8,channel,11-02-2026 | కీర్తి శేషులు పోలుమాటి రామచంద్రం( జాన్ ) జ్ఞాపకార్ధ కూడిక!| Apostle Dr AS Ranjith Ophir
KJQD5Ryf6Yo,channel,10-Feb-2026 | సంఘ క్షేమాభివృద్ధి కూడిక! | Apostle Dr AS Ranjith Ophir
7K255Xb0HM8,channel,10-Feb-2026 | ఏలూరు పట్టణ సేవకుల సదస్సు | Apostle Dr AS Ranjith Ophir
M3KYN_IiXtQ,channel,08-Feb-2026 | Sunday Service | Second Message | Central Church | Apostle Dr AS Ranjith Ophir
eDtX-qB__EU,channel,08-Feb-2026 | Sunday Service | First Message | Central Church | Apostle Dr AS Ranjith Ophir
uxwZ0kDtx1g,channel,#ksm: 261: Ksheerasagara Madhanam क्षीरसागर मंथन #QandA Ranjith Ophir l Mark Babu 07-02-2026
3pEtHwGqF10,channel,05-Feb-2026 |  తెలంగాణ రాష్ట్ర అభిషిక్త దైవజనుల సహవాసము!  |  Apostle Dr AS Ranjith Ophir
Jc3tZtq21Js,channel,02-Feb-2026 | Emmanuel Weds Abshi's  Wedding Ceremony  | Apostle Dr AS Ranjith Ophir
I-T2SPs72HI,channel,01-Feb-2026 | Thanks Giving Prayer| Central Church | Apostle Dr AS Ranjith Ophir
X4GATgX12MI,channel,01-Feb-2026 | Sunday Service | Second Message | Central Church | Apostle Dr AS Ranjith Ophir
nBAFeaGs4qE,channel,ఆత్మాభిమానమా? అహంకారమా?
WnEwbGWl74I,channel,01-Feb-2026 | Sunday Service | First Message | Malkajgiri Church | Apostle Dr AS Ranjith Ophir
CII9DcuE1KM,channel,#ksm: 260: Ksheerasagara Madhanam क्षीरसागर मंथन #QandA Ranjith Ophir l Mark Babu 31-01-2026
0TfcoopTfXQ,channel,యూత్ మీటింగ్ లో కూరగాయలు కట్ చేయవద్దు అన్నవారికి ఓఫీర్ గారి సమాధానం!
bBZTJfNRpSY,channel,కనువిప్పు!! | SKIT | Agape Young Lions Youth Retreat | 26-Jan-2026
Hoe8kXMjs3Y,channel,26-Jan-2026 | 77th Republic Day Celebrations | Nizampet Church Grounds
0A3cqrBlS04,channel,26-Jan-2026 | Agape Young Lions Youth Retreat | Session 2 | Ophir Ministries
pcPc_zqE1sc,channel,26-Jan-2026 | Agape Young Lions Youth Retreat | Session 1 | Ophir Ministries
StljJI-i8Uo,channel,25-Jan-2026 | Sunday Service | Second Message | Central Church | Apostle Dr AS Ranjith Ophir
PzqlC5XgydI,channel,#ksm: 259: Ksheerasagara Madhanam क्षीरसागर मंथन #QandA Ranjith Ophir l Mark Babu 24-01-2026
zT5WUdZ8qoY,channel,18-Jan-2026 | Sunday Service | Second Message | Central Church | Apostle Dr AS Ranjith Ophir
5YrUy8-lrb0,channel,18-Jan-2026 | Sunday Service | Second Message | Central Church | Apostle Dr AS Ranjith Ophir
fObdoMHXe1Y,channel,15-Jan-2026 | William Weds ludhiyaa's Wedding Ceremony | Nizampet | Ophir Ministries
l0mA0-s-hN8,channel,15-Jan-2026 | William Weds ludhiyaa's Wedding Ceremony | Nizampet | Ophir Ministries
DwReWyHDExQ,channel,14-Jan-2026 | Pas Dr మద్దెల అరుణ్ కుమార్ హస్తనిక్షేపణ రజతోత్సవ సభ! | Mor Meeting
e0QqHQ8uT2k,channel,14-Jan-2026 | Pas Dr మద్దెల అరుణ్ కుమార్ హస్తనిక్షేపణ రజతోత్సవ సభ! | Mor Meeting
l8YNzObl0iI,channel,13-Jan-2026 | Pas Dr మద్దెల అరుణ్ కుమార్ హస్తనిక్షేపణ రజతోత్సవ సభ! | Night Meeting
6oz7tsO6OWc,channel,13-Jan-2026 | Pas Dr మద్దెల అరుణ్ కుమార్ హస్తనిక్షేపణ రజతోత్సవ సభ! | Night Meeting
WKGm6pWHq3o,channel,13-Jan-2026 | Pas Dr మద్దెల అరుణ్ కుమార్ | బైబిల్ పరిశోధన తరగతులు
7jwgttlcTgY,channel,12-Jan-2026 | Pastor John Abraham Samuel Funeral Service
vfOWll_U_5s,channel,11-Jan-2026 | Sunday Service | Second Message | Central Church | Apostle Dr AS Ranjith Ophir
5afpLhlz0aY,channel,11-Jan-2026 | Sunday Service | First Message | Central Church | Apostle Dr AS Ranjith Ophir
S3H_BWxLr7I,channel,#ksm: 258: Ksheerasagara Madhanam क्षीरसागर मंथन #QandA Ranjith Ophir l Mark Babu 10-01-2026
VHUO_jLidfI,channel,ఓఫిరిస్టులకు మాత్రమే ప్రత్యేక సందేశం!! | సంపూర్ణ రాత్రి ప్రార్థన | Apostle Dr Ophir | 08-Jan-2026
hHvW-XBEBaE,channel,కర్మేలు ప్రార్థన ఎందుకు?? | Central Church | Apostle Dr AS Ranjeet Ophir | 07-Jan-2026
SkI0FyIK3Q8,channel,సాతానుపై క్రీస్తు సైనికుల పోరాటం!! | సంపూర్ణ రాత్రి ప్రార్థన | Apostle Dr Ophir | 07-Jan-2026
caGhJOCatk4,channel,వ్యూహాత్మక ప్రార్థన!! | సంపూర్ణ రాత్రి ప్రార్థన | Spiritual Warfare | Apostle Dr Ophir | 06-Jan-2026
wxr7kR9_vI4,channel,04-Jan-2026 | Sunday Service | First Message | Malkajgiri Church | Apostle Dr AS Ranjith Ophir
35xYpOj-dyk,channel,04-Jan-2026 | Sunday Service | Second Message | Central Church | Apostle Dr AS Ranjith Ophir
Ei_KhOh1wS8,channel,03-Jan-2026 | Pas Immadi Nathaniel  Memorial Service
iQ-KKPWsCtg,channel,03-Jan-2026 | Pas Immadi Nathaniel  Memorial Service
bnOxsY_jKxk,channel,#ksm: 257: Ksheerasagara Madhanam क्षीरसागर मंथन #QandA Ranjith Ophir l Mark Babu 03-01-2026
yzQSRsv9zQY,channel,03-Jan-2026 | Pas Immadi Nathaniel  Memorial Service
uNOxKtutYtU,channel,01-Jan-2026 |  నూతన సంవత్సర సందేశం! | Central Church | Apostle Dr AS Ranjith Ophir
lzahfz1GnwU,channel,1-Jan-2026 | New Year Service 2026 | Central Church | Apostle Dr AS Ranjith Ophir
ruPt0qMtUbM,channel,1-Jan-2026 | New Year Service 2026 | Central Church | Apostle Dr AS Ranjith Ophir
Y2beBi1a8fM,channel,31-Dec-2025 | Wach Night Service | Central Church | Apostle Dr AS Ranjith Ophir
Qv1ku7BjFXQ,channel,26 -Decr -2025 | అందరు వినవలసిన అద్భుత క్రిస్మస్ సందేశం!!
jTlMzmRGh4w,channel,28-Dec-2025 | Sunday Service | First Message | Malkajgiri Church | Apostle Dr AS Ranjith Ophir
IkMcbhkwJbw,channel,28-Dec-2025 | Sunday Service | Second Message | Central Church | Apostle Dr AS Ranjith Ophir
JgVnqQxQSTQ,channel,28-Dec-2025 | 25th Silver Jubilee Ordination Day | Pastor Neil Armstrong
Kf3tufwMWlQ,channel,#ksm: 256: Ksheerasagara Madhanam क्षीरसागर मंथन #QandA Ranjith Ophir l Mark Babu 27-12-2025
qXrERXAtXqs,channel,26-12-2025 | Christmas Celebrations | Gulmohar Christmas Celebration
Yu93AmM03L8,channel,25-12-2025 | Christmas Service | Central Church | Apostle Dr AS Ranjith Ophir
vepTJJ2rl7Q,channel,25-12-2025 | Christmas Service | Central Church | Apostle Dr AS Ranjith Ophir
PNG_yZECL2w,channel,25-12-2025 | Christmas Celebrations | AFGC Jagathgirigutta
dMMsxYpOnVU,channel,23-12-2025 | Mega Christmas Celebrations | Central Church |  KPHB Function మెగా క్రిస్మస్ సందేశం!
ORcNV-Jtn9s,channel,21 Dec 2025  సెంట్రల్ చర్చ్ అసోసియేట్ పాస్టర్ క్రిస్టఫర్ మేరమ్మల వివాహ సిల్వర్ జూబ్లీ సెలబ్రేషన్
Z3yx-4XCqOc,channel,"23-12-2025 | Mega Christmas Celebrations | Central Church |  KPHB Function Hall, Hyderabad"
6BZe6crunnY,channel,"22-12-2025 | Grand Christmas Celebrations | Ram Nagar, Hyderabad"
xQqUmvRGq7M,channel,"22-12-2025 | Grand Christmas Celebrations | Ram Nagar, Hyderabad"
kyZIaOZk9x4,channel,21-12-2025 | Christmas Celebrations | Devender Nagar | Apostle Dr AS Ranjith Ophir
Vfx8R0Gg2tQ,channel,21-12-2025 | Christmas Celebrations | Devender Nagar | Apostle Dr AS Ranjith Ophir
QHb9cKP_hGM,channel,21-12-2025 | Sunday Service | Second Message | Central Church | Apostle Dr AS Ranjith Ophir
jneh-d2I8uk,channel,20-12-2025 | అద్దంకి స్వామిదాస్ గారి కుటుంబ సెమీ క్రిస్మస్ \OphirMinistries
bzXAKmAET6w,channel,#ksm: 255: Ksheerasagara Madhanam क्षीरसागर मंथन #QandA Ranjith Ophir l Mark Babu 20-12-2025
wfVCuKFzDoU,channel,"19-Dec-25 | Semi Christmas Celebrations | Double Bedrooms, Bachupally | Ophir Ministries"
9VIf3sQy4k4,channel,"19-Dec-25 | Semi Christmas Celebrations | Double Bedrooms, Bachupally | Ophir Ministries"
FLd586DnyWw,channel,"19-Dec-25 | Semi Christmas Celebrations | Double Bedrooms, Bachupally | Ophir Ministries"
8hDGDgWoXsY,channel,"19-Dec-25 | Semi Christmas Celebrations | Double Bedrooms, Bachupally | Ophir Ministries"
fHMvU_IXzJE,channel,"19-Dec-25 | Semi Christmas Celebrations | Double Bedrooms, Bachupally | Ophir Ministries"
plcCK_iBIR8,channel,17-Dec-25 | అగాపే స్త్రీల సమైక్య సమావేశం | Nizampet Church Grounds
YB4oHIRk3x8,channel,17-Dec-25 | అగాపే స్త్రీల సమైక్య సమావేశం | Nizampet Church Grounds
gQi_Do7qSDI,channel,17-Dec-25 | అగాపే స్త్రీల సమైక్య సమావేశం | Nizampet Church Grounds
zyXPbAEkkuE,channel,16-Dec-2025 | Christmas Celebrations of ACE Club Miyapur | Apo Dr AS Ranjeet Ophir
xP0_Ks5S5Lw,channel,15-Dec-25 | AFGC Alwal Branch 4th Anniversary & Pre Christmas Celebrations - 2025
Rkz1iBD5qW8,channel,14-12-2025 | Semi Christmas Celebrations | AFGC Malkajgiri
EYTs1Ditgr8,channel,14-12-2025 | Semi Christmas Celebrations | AFGC Malkajgiri
wqCfyDtIrts,channel,14-12-2025 | Sunday Service | Second Message | Central Church | Apostle Dr AS Ranjith Ophir
o_nhZ_4gOTY,channel,12-12-2025 | Wedding Ceremony | Eluru | Ophir Ministries
5618FQjp74U,channel,11-12-2025 | Semi Christmas | 2BHK Dundigal | Ophir Ministries
bqwML3VwBmA,channel,10-12-2025 | తెలంగాణ రాష్ట్ర అభిషిక్త దైవజనుల సహవాసము! | Ophir Ministries
VL1IHOl1gc0,channel,09-12-2025 |  లేఖన పరి శోధన సదస్సు ! పాల్వంచ! | Apostle Dr AS Ranjith Ophir
tkPFOIErujM,channel,09-12-2025 |  లేఖన పరి శోధన సదస్సు ! పాల్వంచ! | Apostle Dr AS Ranjith Ophir
P90NqoFQ8Tg,channel,09-12-2025 | క్రిస్మస్ ఆనందం!పాల్వంచ!  | Apostle Dr AS Ranjith Ophir
-V6VbPy4jSw,channel,08-12-2025 | క్రిస్మస్ ఆనందం! పాల్వంచ | Apostle Dr AS Ranjith Ophir
yazFhmwnMcU,channel,08-12-2025 | సందేశం ! అన్న ప్రాసన & నామకరణ మహోత్సవం! కొత్తగూడెం!  | Apostle Dr AS Ranjith Ophir
26kT6niHFPI,channel,08-12-2025 | అన్న ప్రాసన & నామకరణ మహోత్సవం! కొత్తగూడెం!  | Apostle Dr AS Ranjith Ophir
qVB3MxpByg4,channel,08-12-2025 | అన్న ప్రాసన & నామకరణ మహోత్సవం! కొత్తగూడెం!  | Apostle Dr AS Ranjith Ophir
yyAAx98VoLs,channel,07-12-2025 | Sunday Service | Second Message | Central Church | Apostle Dr AS Ranjith Ophir
egEajD_lxCE,channel,07-12-2025 | Sunday Service | First Message | Central Church | Apostle Dr AS Ranjith Ophir
VQwgU3fOhPk,channel,06-12-2025 | సందేశం !తూర్పు పశ్చిమ గోదావరి 5జిల్లాల సేవకులకుడిక! | Day 2 |  Apo Dr AS Ranjith Ophir
Nbn7kbhRe2o,channel,05-12-2025 | పాస్టర్ కాశీ బాలయ్య గారి దైవసేవ  రజతోత్సవ పండుగ!| Apo Dr AS Ranjith Ophir
jF0qgvmiQPk,channel,05-12-2025 | పాస్టర్ కాశీ బాలయ్య గారి దైవసేవ  రజతోత్సవ పండుగ!| Apo Dr AS Ranjith Ophir
yNnj5Ny_27E,channel,05-12-2025 | పాస్టర్ కాశీ బాలయ్య గారి దైవసేవ ప్రజాసేవ జీవిత రజతోత్సవ పండుగ!| Apo Dr AS Ranjith Ophir
zd3SNc_Q_Xk,channel,05-12-2025 | పాస్టర్ కాశీ బాలయ్య గారి దైవసేవ ప్రజాసేవ జీవిత రజతోత్సవ పండుగ!| Apo Dr AS Ranjith Ophir
lx9Y0aWKpM8,channel,03-12-2025 | 8వ యేసుక్రీస్తు జన్మదిన వేడుకలు | Srirampur | Apostle Dr AS Ranjith Ophir
fIjQjrIdYPE,channel,03-12-2025 | 8వ యేసుక్రీస్తు జన్మదిన వేడుకలు | Srirampur | Apostle Dr AS Ranjith Ophir
FIZucjoRKzE,channel,03-12-2025 | 8వ యేసుక్రీస్తు జన్మదిన వేడుకలు | Srirampur | Apostle Dr AS Ranjith Ophir
-SCQRuGKoew,channel,03-12-2025 | House inaugration ceremony | Apostle Dr AS Ranjith Ophir
RCsOPY6rl88,channel,30-11-2025 | Sunday Service | Second Message | Central Church | Apostle Dr AS Ranjith Ophir
ZeZaJ89KJ7Y,channel,30-11-2025 | Sunday Service | First Message | Central Church | Apostle Dr AS Ranjith Ophir
7Z7L1qzfB7g,channel,#ksm 254: Ksheerasagara Madhanam क्षीरसागर मंथन #QandA Ranjith Ophir l Mark Babu 29-11-2025
i5q-7B_LD2U,channel,26-11-2025 | హస్త నిక్షేపణ సిల్వర్ జూబ్లీ కృతజ్ఞతా మహోత్సవం | Dr AS Ranjith Ophir
ZXs1_bOFnk0,channel,26-11-2025 | హస్త నిక్షేపణ సిల్వర్ జూబ్లీ కృతజ్ఞతా మహోత్సవం | Dr AS Ranjith Ophir
lV9sYOBc3cY,channel,26-11-2025 | హస్త నిక్షేపణ సిల్వర్ జూబ్లీ కృతజ్ఞతా మహోత్సవం | Dr AS Ranjith Ophir
6nfaR7Kxb3A,channel,26-11-2025 | పాస్టర్ దాసుబాబు 25వ హస్త నిక్షేపణ ఉపవాస కూడిక| విశాఖపట్నం| Apostle Dr AS Ranjith Ophir
Wn5_fjrih0M,channel,23-11-2025 | Sunday Service | Second Message | Central Church | Apostle Dr AS Ranjith Ophir
-Bh3cXO964Y,channel,23-Nov-2025 | Sunday Service | First Message | Malkajgiri Church | Apostle Dr AS Ranjith Ophir
AJyvW7jToio,channel,#ksm 253: Ksheerasagara Madhanam क्षीरसागर मंथन #QandA Ranjith Ophir l 22-11-2025
oLGxD3BypRQ,channel,"17-11-2025 | Thanks Giving Prayer @Himabindu & Jeevan's Home, Pragathi Nagar"
H-q4bQwPdlE,channel,16-11-2025 | Sunday Service | Second Message | Central Church | Apostle Dr AS Ranjith Ophir
1c4RMCOS1Ws,channel,1
OzK-h7c5itU,channel,#ksm 251: Ksheerasagara Madhanam क्षीरसागर मंथन #QandA Ranjith Ophir l Mark Babu 15-11-2025
jF_3txYK0KM,channel,14-Nov-25 | అంత్యకాల సహవాస కూడికలు | Morning Meeting Day 3 | Apostle Dr A S Ranjeet Ophir
B7AP8CirbnE,channel,14-Nov-25 | అంత్యకాల సహవాస కూడికలు | Morning Meeting Day 3 | Apostle Dr A S Ranjeet Ophir
x6E3fdMfXfM,channel,13-Nov-25 | అంత్యకాల సహవాస కూడికలు | Evening Meeting Day 2 | Apostle Dr A S Ranjeet Ophir
wy_X3WGGjL8,channel,13-Nov-25 | అంత్యకాల సహవాస కూడికలు | Day 2 | Apostle Dr A S Ranjeet Ophir
B75ePWVjsxY,channel,13-Nov-25 | అంత్యకాల సహవాస కూడికలు | Day 2 | Apostle Dr A S Ranjeet Ophir
uK1DwqWlsW4,channel,13-Nov-25 | అంత్యకాల సహవాస కూడికలు | Evening Meeting Day 2 | Apostle Dr A S Ranjeet Ophir
Asliv2jJxTU,channel,13-Nov-25 | అంత్యకాల సహవాస కూడికలు | Morning  Day 2 | Apostle Dr A S Ranjeet Ophir
eIos8hh42S4,channel,12-Nov-25 | అంత్యకాల సహవాస కూడికలు | Day 1 | Apostle Dr A S Ranjeet Ophir
jfQYOqOf6xs,channel,11-Nov-2025 | Youth Meeting | Pas Raghueel | Apostle Dr AS Ranjeet Ophir
RH4AsqFy84A,channel,10-11-2025 |  తెలంగాణ రాష్ట్ర అభిషిక్త దైవజనుల సహవాసము! | Ophir Ministries
FavXWMjWl40,channel,10-11-2025 |  తెలంగాణ రాష్ట్ర అభిషిక్త దైవజనుల సహవాసము! | Ophir Ministries
j7PsTEArYJU,channel,10-11-2025 |  తెలంగాణ రాష్ట్ర అభిషిక్త దైవజనుల సహవాసము! | Ophir Ministries
V7BzBXJC3Qg,channel,09-11-2025 | Sunday Service | Second Message | Central Church | Apostle Dr AS Ranjith Ophir
ISaWk7TjiFA,channel,09-Nov-2025 | Sunday Service | First Message | Malkajgiri Church | Apostle Dr AS Ranjith Ophir
SOhZV-d6rHo,channel,09-11-2025 | Sunday Service | Second Message | Central Church | Apostle Dr AS Ranjith Ophir
SxcYbQWPzQg,channel,#ksm 251: Ksheerasagara Madhanam क्षीरसागर मंथन #QandA Ranjith Ophir l Mark Babu 08-11-2025
aOuEwoYOUss,channel,Children Ministry Song - Devuni Sanghamulo Song by ACE Teachers | World Sunday School Day | 02- Nov
fnAyFlROZpU,channel,27-Oct-2025 | Ophir Ministries Manchirevula Branch's | 16th Anniversar | Apostle Dr AS Ranjeet Ophir
QVC4D37y-Ms,channel,31-Oct-2025 | Manohar weds Bhagya Laxmi | Wedding ceremony | Apostle Dr AS Ranjeet Ophir
-3pb_o9synQ,channel,02- Nov-2025 | Sunday Service | Second Message | Central Church | Apostle Dr AS Ranjeet Ophir
T0u7LlG3vmg,channel,02- Nov-2025 |  World Sunday School Day Celebrations | Central Church | Ophir Ministries
V2O8K0yyeFs,channel,#ksm 250: Ksheerasagara Madhanam क्षीरसागर मंथन #QandA Ranjith Ophir l Mark Babu 01-11-2025
xy-d7bmDpYE,channel,కృతజ్ఞత కూడిక !విజయవాడ
vjw-0ECme4U,channel,26-Oct-2025 | Sunday Service | Second Message | Central Church | Apostle Dr AS Ranjith Ophir
GxK6qxgn33s,channel,26-Oct-2025 | Sunday Service | Second Message | Central Church | Apostle Dr AS Ranjith Ophir
EnF_5jc0PKM,channel,#ksm 249: Ksheerasagara Madhanam क्षीरसागर मंथन #QandA Ranjith Ophir l Mark Babu 25-10-2025
G_GoCyNEtc8,channel,24-Sep-2024 | సంపూర్ణ రాత్రి ప్రార్థన | Spiritual Warfare Series | Day 858 | Apo Dr AS Ranjeet Ophir
IhJ4CyDmLWw,channel,19-Oct-2025 | Sunday Service | Second Message | Central Church | Apostle Dr AS Ranjeet Ophir
PGvXlfVq52k,channel,19-Oct-2025 | Sunday Service | First Message | Malkajgiri Church | Apostle Dr AS Ranjeet Ophir
YX5nTYA2S_A,channel,#ksm 248: Ksheerasagara Madhanam क्षीरसागर मंथन #QandA Ranjith Ophir l Mark Babu 18-10-2025
SPS16OR5Qgk,channel,లేఖనాలు తెలియని వారు దేవునికి ఇస్టులు అయినారు
mWTS7ZuHfxU,channel,1000 యేoడ్ల అంధకార యుగంలో దేవునితో నడిచినవారు!
8jb2wohg9VM,channel,నిత్య జీవ మార్గము తెలిసిన హనోకు!
rEI1Bucfmgo,channel,త్రికాలములలో ఉండు వానిపై విశ్వాసం చూపిన వారెవరు??
Z-5X0TxFY7g,channel,16-Oct-2025 | ఉభయగోదావరి జిల్లాల అభిషిక్త సేవకుల సదస్సు | Narsapur | Andhra Pradesh | Apo Dr Ophir
PFjTCAxoW84,channel,అవకాశం లేదా? సరే! అవకాశం ఉందా?? ఖబడ్దార్!!
1ly8ZpYIZZg,channel,ఏదైనా Subject to conditions!!
aIX_PhNj89U,channel,మానవ రక్షణ యజ్ఞముకు అడ్డుపడ్డ పేతురు!!
uJFSweN6B3s,channel,క్రైస్తవ సంగీత ప్రపంచం లో ప్రభంజనం సృష్టించిన ఇద్దరు దైవారాధకుల అపురూప సమావేశం!!
FqiTI-l5Yf4,channel,12-Oct-2025 | Sunday Service | Second Message | Central Church | Apostle Dr AS Ranjeet Ophir
I6wGu8hoEoY,channel,12-Oct-2025 | Sunday Service | First Message | Central Church | Apostle Dr AS Ranjeet Ophir
4d-e30FACfc,channel,12-Oct-2025 | Sunday Service | | Central Church | Apostle Dr AS Ranjeet Ophir
Q7uxYs0Xnmo,channel,#ksm 247: Ksheerasagara Madhanam क्षीरसागर मंथन #QandA Ranjith Ophir l Mark Babu 11-10-2025
Z6LgYlFEcgo,channel,09-Oct-2024 | Satya Raj weds Vanitha | Wedding Ceremony | Jagityala | Apostle Dr AS Ranjeet Oph
S4VEvpbiCRM,channel,నువ్వు అడిగితే దేవుడు ఇవ్వాల్సిందే!! | Ranjith Ophir Short Messages
sGNtqD8jZRg,channel,07-Oct-2025 |  తెలంగాణ రాష్ట్ర అభిషిక్త దైవజనుల సహవాసము! | Ophir Ministries
YWQ6EYsGduw,channel,07-Oct-2025 |  తెలంగాణ రాష్ట్ర అభిషిక్త దైవజనుల సహవాసము! | Ophir Ministries
Aq2lTc7OXFc,channel,05-Oct-2025 | Sunday Service | Second Message | Central Church | Apostle Dr AS Ranjeet Ophir
hIXzytUywWc,channel,05-Oct-2025 | Sunday Service | First Message | Malkajgiri Church | Apostle Dr AS Ranjeet Ophir
XzkSx6I9ZXs,channel,#ksm 246: Ksheerasagara Madhanam क्षीरसागर मंथन #QandA Ranjith Ophir l Mark Babu 04-10-2025
OAp917F9Ae0,channel,02-Oct-2025 | జంట నగరాల ఓఫీరిస్ట్ ల సమైక్య ఉపవాస ప్రార్ధనా సమావేశం ! రెండవ సెషన్ | Apo Dr AS Ranjeet
2mJmt3qUNy0,channel,02-Oct-2025 | జంట నగరాల ఓఫిరిస్టుల సమైక్య ఉపవాస ప్రార్ధనా సమావేశం!| Apostle Dr AS Ranjeet Ophir
qizrgMs06O8,channel,28-Sep-2025 | Sunday Service | Second Message | Central Church | Apostle Dr AS Ranjeet Ophir
VZfwxo8oYXY,channel,#ksm 245: Ksheerasagara Madhanam क्षीरसागर मंथन #QandA Ranjith Ophir l Mark Babu 27-09-2025
byMmx6ywmwc,channel,26-Sep-2025 | ఆరాధన పండుగలు | కర్నూలు | Apostle Dr AS Ranjeet Ophir
wvO3c-eTH_Q,channel,26-Sep-2025 | ఆరాధన పండుగలు | కర్నూలు | Apostle Dr AS Ranjeet Ophir
4MvjEUf_Qv8,channel,21-Sep-2025 | Sunday Service | First Message | Malkajgiri Church | Apostle Dr AS Ranjeet Ophir
Im-WJ8pngU0,channel,21-Sep-2025 | Sunday Service | Second Message | Central Church | Apostle Dr AS Ranjeet Ophir
TTvjnggdSrE,channel,#ksm 244: Ksheerasagara Madhanam क्षीरसागर मंथन #QandA Ranjith Ophir l Mark Babu 20-09-2025
K8Y4jUdrMoc,channel,14-Sep-2025 | Yehezekiel & Deevena's Wedding Reception | KPHB Function Hall
8IVW0atukZA,channel,14-Sep-2025 | Yehezekiel & Deevena's Wedding Reception | KPHB Function Hall
VnHmwL5-Qw0,channel,14-Sep-2025 |  Sunday Service | Second Message | Central Church | Apostle Dr AS Ranjith Ophir
UU3Lv9q7jeM,channel,#ksm 243: Ksheerasagara Madhanam क्षीरसागर मंथन #QandA Ranjith Ophir l Mark Babu 13-09-2025
5A2UeKIwA9k,channel,11-Sep-2025 | తెలంగాణ రాష్ట్ర అభిషిక్త దైవజనుల సహవాసము! | Ophir Ministries
PjKVD4mhAL0,channel,10-Sep-2025 | Yehezekiel Weds Deevena | Wedding Ceremony  | Apostle Dr AS Ranjeet Ophir
KAM92oj7jXw,channel,09-Sep-2025 | Thanks Giving Prayer @ Vizag | Evening Meeting | Apostle Dr AS Ranjeet Ophir
X_UUwxKzYlc,channel,09-Sep-2025 | Thanks Giving Prayer @ Vizag | Evening Meeting | Apostle Dr AS Ranjeet Ophir
yKS5MT-Bhlc,channel,09-Sep-2025 | 20th Anniversary Celebration @ Vizag | Apostle Dr AS Ranjeet Ophir
JDZxSqsg6ZY,channel,11-Sep-2025 | తెలంగాణ రాష్ట్ర అభిషిక్త దైవజనుల సహవాసము! | Ophir Ministries
z0MYGXXBDWs,channel,11-Sep-2025 | తెలంగాణ రాష్ట్ర అభిషిక్త దైవజనుల సహవాసము! | Ophir Ministries
HaoK7ZzhDS4,channel,11-Sep-2025 | తెలంగాణ రాష్ట్ర అభిషిక్త దైవజనుల సహవాసము! | Ophir Ministries
gfdj_qrYLPM,channel,09-Sep-2025 | 20th Anniversary Celebration @ Vizag | Apostle Dr AS Ranjeet Ophir
12w93133_f4,channel,09-Sep-2025 | 20th Anniversary Celebration @ Vizag | Apostle Dr AS Ranjeet Ophir
iDKxO0yN9nY,channel,07-Sep-2025 | Sunday Service | First Message | Malkajgiri Church | Apostle Dr AS Ranjeet Ophir
iZOoV2UiEEs,channel,07-Sep-2025 |  Sunday Service | Second Message | Central Church | Apostle Dr AS Ranjith Ophir
N5JgVbcOWbc,channel,#ksm 242: Ksheerasagara Madhanam क्षीरसागर मंथन #QandA Ranjith Ophir l Mark Babu 06-09-2025
ls1_m1icGSg,channel,05-Sep-2025 | Teachers Day Celebrations | Church Office | Hyderabad | Apo Dr AS Ranjith Ophir
5gzCPdj4LiU,channel,21-Aug-2025 | సంపూర్ణ రాత్రి ప్రార్థన | Spiritual Warfare Series | Day 909 | Apo Dr AS Ranjeet Ophir
P_5iqXlb5Mw,channel,20-Aug-2025 | సంపూర్ణ రాత్రి ప్రార్థన | Spiritual Warfare Series | Day 908 | Apo Dr AS Ranjeet Ophir
Eh5MbpXtWTI,channel,07-Aug-2025 | సంపూర్ణ రాత్రి ప్రార్థన | Spiritual Warfare Series | Day 907 | Apo Dr AS Ranjeet Ophir
luzqbziKyYE,channel,06-Aug-2025 | సంపూర్ణ రాత్రి ప్రార్థన | Spiritual Warfare Series | Day 906 | Apo Dr AS Ranjeet Ophir
rbNiq2vUoo0,channel,31-Aug-2025 | Sunday Service | Ordination & Special Songs | Central Church | Apo Dr AS Ranjith Ophir
-QHMAjCj7IA,channel,31-Aug-2025 | Sunday Service | First Message | Central Church | Apostle Dr AS Ranjith Ophir
5XZ2S3Rl35o,channel,#ksm 241: Ksheerasagara Madhanam क्षीरसागर मंथन #QandA Ranjith Ophir l Mark Babu 30-08-2025
9toz2Ext4Oc,channel,30-Jul-2025 | సంపూర్ణ రాత్రి ప్రార్థన | Spiritual Warfare Series | Day 905 | Apo Dr AS Ranjeet Ophir
kzhmBhVVi-s,channel,24-Aug-2025 | 22వ వార్షికోత్సవ మహోత్సవము | సీయోను ప్రార్థన మందిరము | Manchirevula
PatVaASsAA4,channel,సకలము మరచి శ్రీ యేసునే...| Sakalamu Marachi Sree yesu ne thalachi | Ophir Songs
tBdG4RgYh04,channel,24-Aug-2025 | Sunday Service | Second Message | Central Church | Apostle Dr AS Ranjith Ophir
icqe6-jlF5s,channel,24-Aug-2025 |  Sunday Service | First  Message | Central Church | Apostle Dr AS Ranjith Ophir
bj1HadsIC1k,channel,23-Aug-2025 | Late Sri Noble Runjalas's 58th Birth Anniversary
L56RFXaGKQw,channel,మంచి పనులు ఆపగలిగే దుష్టుని ఆయుధం!! | Ranjith Ophir Short Messages
3RzY1wLNOqs,channel,03-Aug-2025 | Special Song by Sis Eashwari
7cLUuUNvDLs,channel,03-Aug-2025 Spiecial Song
sDyW5UttwUU,channel,17-Aug-2025 | Mahonnathuni Chaatuna ne Nivasinchedha... | Special song by Bro.Jedidya
4yPvhWCEZko,channel,17-08-2025 | Thaganu thaganu Yesuvaa.... | Special Song by Sis Sridevi
52CX0fobtqM,channel,17-Aug-2025 | Na Athma tho Anandhamu tho sthuthiyinthunu | Special song by Bob Samskaran
nSFZ_eJWn4I,channel,మనల్ని మనమే ప్రోత్సహించుకోవాలి!! | Ranjith Ophir Short Messages
R7jK74JDpm0,channel,17-Aug-2025 | Sunday Service | Second Message | Central Church | Apostle Dr AS Ranjith Ophir
dZl-W1zuIM4,channel,17-Aug-2025 | Sunday Service | Second Message | Central Church | Apostle Dr AS Ranjith Ophir
r9wzIjNncdM,channel,"15-Aug-2025 | 78th Independence Day Celebrations | Agape Church Grounds, Hyderabad"
5RViSQnuqBk,channel,"15-Aug-2025 | 79th Independence Day Celebrations | Agape Church Grounds, Hyderabad"
G6daUzy6cPE,channel,14-Aug-2025 | రేజేటి స్వర్ణలత గారి జ్ఞాపకార్థ కూడిక | చర్చ ఆఫీస్ | Apostle Ranjith Ophir garu
JiddvCSYoUc,channel,చీకటి శక్తులను ఎలా బంధించగలం? | Ranjith Ophir Short Messages
RybIUI27Lrc,channel,10-Aug-2025 | Sunday Service | First Message | Central Church | Apostle Dr AS Ranjith Ophir
aW1L86WIccw,channel,10-Aug-2025 | Sunday Service | Second Message | Central Church | Apostle Dr AS Ranjith Ophir
TpEyiJr9bVo,channel,10-Aug-2025 | Sunday Service | Second Message | Central Church | Apostle Dr AS Ranjith Ophir
04KzjwsNPmY,channel,#ksm 240: Ksheerasagara Madhanam क्षीरसागर मंथन #QandA Ranjith Ophir l Mark Babu 09-08-2025
l5KrB3oC6u8,channel,#ksm 240: Ksheerasagara Madhanam क्षीरसागर मंथन #QandA Ranjith Ophir l Mark Babu 09-08-2025
4QysVNQ1bFM,channel,09-Aug-2025 | Celebrating the life of  Late Mr.Palkuri Vivekanand garu | Memorial Service
sLo2REUHG0Q,channel,09-Aug-2025 | Celebrating the life of  Late Mr.Palkuri Vivekanand garu | Memorial Service
xa5skdqeddU,channel,08-Aug-2025 | Parise Gokul Aditya weds Shaik Asha | Wedding Ceremony | Ophir Ministries
7tYaMERI36c,channel,29-Jul-2025 | సంపూర్ణ రాత్రి ప్రార్థన | Spiritual Warfare Series | Day 904 | Apo Dr AS Ranjeet Ophir
xHCC8OfpjS8,channel,25-Jul-2025 | సంపూర్ణ రాత్రి ప్రార్థన | Spiritual Warfare Series | Day 903 | Apo Dr AS Ranjeet Ophir
Di1cUnpbKdA,channel,24-Jul-2025 | సంపూర్ణ రాత్రి ప్రార్థన | Spiritual Warfare Series | Day 902 | Apo Dr AS Ranjeet Ophir
ge6apnT7aRw,channel,05-Aug-2025 | తెలంగాణ రాష్ట్ర అభిషిక్త దైవజనుల సహవాసము! | Ophir Ministries
LUB7cBk2srQ,channel,అత్యవసర సందేశం!ఈవిడియో ఓఫిరిస్ట్ అన్న వారందరికీ షేర్ చెయ్యండి
YC285njaSaQ,channel,22-Jul-2025 | సంపూర్ణ రాత్రి ప్రార్థన | Spiritual Warfare Series | Day 901 | Apo Dr AS Ranjeet Ophir
vhJSpTBBfS8,channel,03-Aug-2025 | Sunday Service | Second Message | Central Church | Apostle Dr AS Ranjith Ophir
fPplgS0tx-4,channel,03-Aug-2025 | Sunday Service | First Message | Malkajgiri Church | Apostle Dr AS Ranjeet Ophir
pXgG7PZYhdA,channel,#ksm 239: Ksheerasagara Madhanam क्षीरसागर मंथन #QandA Ranjith Ophir l Mark Babu 02-08-2025
QyG7xNuiNt8,channel,ఆశ్చర్యకరుడా అతిబలవంతుడా | Ascharya Karudaa | Ranjith Ophir Songs | యాత్రికుడి పద ధ్వనులు
6Xlcl6hjD3o,channel,27-07-2025 | క్రైస్తవ విశ్వాస సిద్ధాంత సారాంశము!| Second Message | Central Church  Dr  Ranjith Ophir
wW7z-nONors,channel,#ksm 238: Ksheerasagara Madhanam क्षीरसागर मंथन #QandA Ranjith Ophir l Mark Babu 26-07-2025
WUxJ9P-dgT0,channel,23-Jul-2025 | Ryan Aryan Tej's 1st Birthday Celebrations | KPHB Function Hall
pO-cdbXdwAk,channel,21-Jul-2025 | సంపూర్ణ రాత్రి ప్రార్థన | Spiritual Warfare Series | Day 900 | Apo Dr AS Ranjeet Ophir
PgygjL0moW4,channel,14-Jul-2025 | Memorial Service of Vaddi Rahelamma garu | Apostle Dr AS Ranjeet Ophir
2JGdOA-abU8,channel,20-Jul-2025 | Sunday Service | First Message | Malkajgiri Church | Apostle Dr AS Ranjeet Ophir
68-U0apmqpc,channel,20-Jul-2025 | దావీదు చేసిన ప్రార్ధనలు! | Second Message | Central Church | Apostle Dr  Ranjith Ophir
SpAY4wd635c,channel,20-Jul-2025 | Sunday Service | Second Message | Central Church | Apostle Dr AS Ranjith Ophir
q3yu_FS9_KQ,channel,#ksm 237: Ksheerasagara Madhanam क्षीरसागर मंथन #QandA Ranjith Ophir l Mark Babu 19-07-2025
bPcXBBrx6ps,channel,13-Jul-2025 | Sunday Service | Second Message | Central Church | Apostle Dr AS Ranjeet Ophir
4CefF6PvD-0,channel,13-Jul-2025 | Sunday Service | First Message | Central Church | Apostle Dr AS Ranjeet Ophir
OIxC648sk8g,channel,#ksm 236: Ksheerasagara Madhanam क्षीरसागर मंथन #QandA| Ranjith Ophir l Mark Babu 12-07-2025
O2keYu5MP7U,channel,నీ వాక్యమే శ్రమకొలిమి లో | Ranjith Ophir Songs
agGgz8m4Teg,channel,07-Jul-2025 | AFGC Narsapuram Branch - 1st Anniversary Thanks Giving Meet | Dr AS Ranjeet Ophir
cQjjtcJBlV8,channel,06-Jul-2025 | Sunday Service | Second Message | Central Church | Apostle Dr AS Ranjeet Ophir
zddUmVncioQ,channel,06-Jul-2025 | Sunday Service | Central Church
eOrlGPwNhZw,channel,06-Jul-2025 | Sunday Service | First Message | Malkajgiri Church | Apostle Dr AS Ranjeet Ophir
SfzvtIYrd3o,channel,#ksm 235: Ksheerasagara Madhanam क्षीरसागर मंथन #QandA Ranjith Ophir l Mark Babu 05-07-2025
e6MGQ_z-uHQ,channel,#ksm 235: Ksheerasagara Madhanam क्षीरसागर मंथन #QandA Ranjith Ophir l Mark Babu 05-07-2025
1U6pfKaMyzY,channel,క్రైస్తవులకు ప్రతి ఆదివారం మూడు పండగలు!
td3_7_XclIc,channel,04-07-2025 | తెలంగాణ రాష్ట్ర అభిషిక్త దైవజనుల సహవాసము! | Ophir Ministries  | Dr AS Ranjith Ophir
B_YdUkY8Fao,channel,దేవుని దృష్టికి యోగ్యులు ఎవరు? Ranjith Ophir Short Messages
CkicKsO-CFY,channel,దేవుని ఎదుట భంగ పాటు! Ranjith Ophir Short Messages
9Eyv4HWvYV0,channel,విశ్వాసము -వివరణ ! Ranjith Ophir Short Messages
V625gRCyIQA,channel,విర్రవీగుతున్నావా! జాగ్రత్త! |  Ranjith Ophir Short Messages
g4RaTfMnEQk,channel,విశ్వాసం కలిగి జీవించుటకు అవసరమైనవి ఏమిటి!? Ranjith Ophir Short Messages
5GE052DXuh0,channel,04-07-2025 | నూతన సేవకుని అభిషేకం! | తెలంగాణ రాష్ట్ర అభిషిక్త దైవజనుల సహవాసము! | Ophir Ministries  |
VMzwjAYM5GI,channel,నీవు ఆత్మీయముగా జీవించుచున్నావా?? | Ranjith Ophir Short Messages
fBA-CcG25Jo,channel,02-07-2025 | ఆత్మీయ సందేశం! |విజయవాడ | డాక్టర్ జాన్ వెస్లీ | Dr AS Ranjith Ophir
_VRQWQHOpeI,channel,02-07-2025 | పాస్టర్ యం. దయాసాగర్  20వ అభిషేక వార్షికోత్సవ సభ | Dr AS Ranjith Ophir
-BiIwUlWm50,channel,నీవు దేవుని సింహాసనమెక్కాలంటే...!! | Ranjith Ophir Short Messages
ku07Z0QK3gg,channel,పరిస్థితులను బట్టి కృప చూపే దేవుడు! Ranjith Ophir Short Messages
UyPVyemrLms,channel,10. వేద ఋషులు స్తుతించిన అగ్ని దేవుడు ఎవరు?
cMgHFJO00XA,channel,29-06-2025 | Sunday Service | Second Message | Central Church | Apostle Dr AS Ranjith Ophir
U1uQ8H1yAKs,channel,#ksm 234: Ksheerasagara Madhanam क्षीरसागर मंथन #QandA| Ranjith Ophir l Mark Babu 28-06-2025
LsMrvKE9_gU,channel,మల్లెపూల వివాదం పై అపో డా ఓఫీర్ గారి స్పందన | Ranjith Ophir Short Messages
mCUPVJHnoms,channel,మనం కాబోయే మహారాజులం!! |  Ranjith Ophir Short Messages
hijOfNpqAC8,channel,24-06-2025 | మల్లెపూల వివాదం పై అపొ. అద్దంకి రంజిత్ ఓఫీర్ గారి స్పందన
BkDwTW7hFQw,channel,09-O6-2025 | యువ సాయికృష్ణ  వెడ్స్ షెకీనా | భీమవరం |  Ophir Ministries
Ws0N26tKzxE,channel,08-May-2025 | Janardhan Weds Krupamadhuri | Vijayanagaram
L0hxvJLm1vo,channel,22-06-2025 | King Joseph Weds Krupa Wincy | Central Church | Ophir Ministries
mShPqQVuDy8,channel,22-06-2025 | Sunday Service | Second Message | Central Church | Apostle Dr AS Ranjith Ophir
gjtiQ16MhRw,channel,22-06-2025 | Sunday Service | First Message | Malkajgiri Church | Apostle Dr AS Ranjeet Ophir
v-1MGHX7jzk,channel,నీ జీవితంలో పని చేసే రెండు బలమైన శక్తులు!! | Ranjith Ophir Short Messages
WOmGCeZv8oU,channel,#ksm 233: Ksheerasagara Madhanam क्षीरसागर मंथन #QandA| Ranjith Ophir l Mark Babu 21-06-2025
SSJ5YJXVaQw,channel,AFGC SANGAREDDY 12th Anniversary
Tk2Z3AqLzoA,channel,మానవ సంబంధాల ప్రాముఖ్యత!! | Ranjith Ophir Short Messages
0XDBnNQjzlo,channel,18-Jun-2025 |Pas Ch John Wesley Birthday Celebrations | Vijaywada
JM-8YarXqFQ,channel,బైబిల్ ని కంఠస్థం చేయండి!! | Ranjith Ophir Short Messages
Fufs75ylpIc,channel,నమ్మితే నమ్ము! బలవంతమేమీ లేదు Ranjith Ophir Short Messages
cHaLEONg2zc,channel,అజుడు - ద్విజుడు యేసుడే!!! Ranjith Ophir Short Messages
QWvmqMZHP6M,channel,మెల్కీసెదకు ఎవరు? Ranjith Ophir Short Messages
ZsUViNYsRwo,channel,యేసు జన్మదినమును ఆచరించమని బైబిల్ చెప్పిందా? Ranjith Ophir Short Messages
O3z77yOmWFk,channel,రొట్టె విరుచుట ఎందుకు? ఎప్పుడు? Ranjith Ophir Short Messages
QiUJG-dvmsg,channel,చచ్చిపోతున్న మనకు ఆక్సిజన్ అందించిన యేసయ్య!? Ranjith Ophir Short Messages
f9eUzCvaz3A,channel,గుడ్ ఫ్రైడే వాక్యానుసారమా? కాదా? పార్ట్ 2 Ranjith Ophir Short Messages
endPdq3Yx08,channel,గుడ్ ఫ్రైడే వాక్యానుసారమా? కాదా? పార్ట్1 Ranjith Ophir Short Messages
kzuZN-7WMhE,channel,దేవదర్శనం అనగా...!! | Ranjith Ophir Short Messages
Zkjdwmkt9OY,channel,15-Jun-2025 | Father's Day Celebrations and Pas Abbulu Yadala's Birthday Celebrations
-zpHLFRzSEM,channel,15-Jun-2025 | Sunday Service | Second Message | Central Church | Apostle Dr AS Ranjith Ophir
xfAlIp1enw0,channel,#ksm 232: Ksheerasagara Madhanam क्षीरसागर मंथन #QandA| Ranjith Ophir l Mark Babu 14-06-25
AMOyH_zUMWI,channel,13-June-2025 | Balesh weds Chamanthi | Wedding Ceremony | Ophir Ministries
CcmJxjlHF-M,channel,సాతాను రాజ్యంలో దేవుని రాజ్యం!! | Ranjith Ophir Short Messages
KlXrxn98rOI,channel,నీ సమస్యలకు పరిష్కారం!! | Ranjith Ophir Short Messages
W4I7-Nv1Nzw,channel,12-June-2025 | తెలంగాణ రాష్ట్ర అభిషిక్త దైవజనుల సహవాసము! | Ophir Ministries
gS2GqGvFWa0,channel,12-June-2025 | తెలంగాణ రాష్ట్ర అభిషిక్త దైవజనుల సహవాసము! | Ophir Ministries
0w9iRpHUs08,channel,Felicitation to Apo Dr AS Ranjeet Ophir garu!! | అపో డా ఓఫీర్ గారికి పౌర సన్మానం!!
LENR4WY-0HI,channel,నీ జీవితంలో ప్రతి సమస్యకు కారణం!! | Ranjith Ophir Short Messages
m_w-LfVi6uo,channel,12-June-2025 | తెలంగాణ రాష్ట్ర అభిషిక్త దైవజనుల సహవాసము! | Ophir Ministries
nlFTX_hQDYI,channel,బ్రహ్మాండమును జేబులో పెట్టుకున్న సృష్టికర్త!! Ranjith Ophir Short Messages
Ceckb7mxiCw,channel,భయపెట్టే క్రైస్తవుడివా! భయపడే క్రైస్తవుడివా! Ranjith Ophir Short Messages
5d07ZoUZtG4,channel,దేవుడు చెక్కిన శిల్పం ! Ranjith Ophir Short Messages
f6YrRynQLqQ,channel,సాతానును భయపెట్టు! Ranjith Ophir Short Messages
LgzNEr1T8Jg,channel,యేసులో ఉండడం సాధ్యమేనా!?Ranjith Ophir Short Messages
dJtM1A8fYbg,channel,మాదిరి పురుషుడు ఎవరు? | Ranjith Ophir Short Messages
wfbdVbAov_0,channel,ఉపవాస ప్రార్థన దేనికోసం చెయ్యాలి?? | Ranjith Ophir Short Messages
5Z4R0eR4eP8,channel,నీ జీవితంలో దేవుని చిత్తం!! | Ranjith Ophir Short Messages
GQ-36nJ-AOg,channel,08-06-2025 | Sunday Service | Second Message | Central Church | Apostle Dr AS Ranjeet Ophir
O80f1Vlq6JY,channel,సత్యం నీకు కేడెము అవ్వాలంటే!! | Ranjith Ophir Short Messages
BZF8HwcR1MY,channel,#ksm 231: Ksheerasagara Madhanam क्षीरसागर मंथन #QandA| Ranjith Ophir l Mark Babu 07-06-2025
xi10dmu2IlY,channel,27-05-2025 | ఉజ్జీవ మహాసభలు| పాలకొండ |మన్యం జిల్లా | Day 2 | Apostle Dr AS Ranjeet Ophir
ONzWbfIDJ1M,channel,గురుగులు.... అండర్ ప్రాసెస్!
y_W9MKMgST0,channel,అమాయకులైన మతోన్మాదులు!
oENsq9QJAUI,channel,క్రైస్తవుడి అసలైన యుద్ధం!
NpgNc8pXOvw,channel,దేవుని కార్యానికి తోలు మాత్రమే ఉన్నవాడు ఆటంకమా
CTiW2CIjGew,channel,సిలువ యేసును మాత్రమే చంపిందా ?
szo4Y7gjIxI,channel,నిరంతర పోరాట పటిమ!!
Kmngs_7iikc,channel,28-05-2025 | ఉజ్జీవ మహాసభలు| పాలకొండ |మన్యం జిల్లా | Day 2 | Apostle Dr AS Ranjeet Ophir
ZDH8no5gSL0,channel,ద్వేషించాల్సిన శత్రువు!! | Ranjith Ophir Short Messages
dvewPoHKlnc,channel,27-05-2025 | ఉజ్జీవ మహాసభలు| పాలకొండ |మన్యం జిల్లా | Day 1 | Apostle Dr AS Ranjeet Ophir
oOn4FlnuMsc,channel,దేవుని ప్రవక్తలందరూ మనవంటి స్వభావం గలవారే!! | Ranjith Ophir Short Messages
pASD_3qTuVo,channel,ప్రభువు నందు నీ ప్రయాస వ్యర్థం కాదు!! | Ranjith Ophir Short Messages
2vnBLG-j3zk,channel,యాత్రికుడి పద ధ్వనులు | Yatrikudi Padadhvanulu | Volume - 2 | Ranjith Ophir Songs
cHnhaUN73bo,channel,నా పూర్వస్థితి నాకు కలిగించరావా!!
H6PozcrDgqM,channel,యాత్రికుడి పద ధ్వనులు | Yatrikudi Padadhvanulu | Volume - 1 | Ranjith Ophir Songs
OkH0t5G4z1U,channel,28-05-2025 | ఉజ్జీవ మహాసభలు| పాలకొండ |మన్యం జిల్లా | Day 1 | Apostle Dr AS Ranjeet Ophir
MtHkWyhxAns,channel,దేవుని కార్యానికి అడ్డుగా దుష్టుడు! PART 2
JQ_5danYQyE,channel,దేవుని కార్యానికి అడ్డుగా దుష్టుడు!
kBq5seaPpkk,channel,మత్తయి 13: 27 లో ఉన్న మర్మము!
-Nm-clnP13o,channel,భక్తి అనగా... | Ranjith Ophir Short Messages
LdbYiD-QPxA,channel,ఈ విశ్వం లో ఉన్న అద్భుత న్యాయం!! | Ranjith Ophir Short Messages
PuJbo0MMDwg,channel,01-06-2025 | Special Announcement | Central Church | Apostle Dr AS Ranjith Ophir
Q07LggTnZl4,channel,#ksm 230: Ksheerasagara Madhanam क्षीरसागर मंथन #QandA| Ranjith Ophir l Mark Babu 31-05-2025
lrj-djhxa-I,channel,అన్ని మత గ్రంథాలలో యేసుని గూర్చిన సాక్ష్యం!| Ranjith Ophir Short Messages
VRuIPA_sb_U,channel,దేవుని సంఘానికి డ్యామేజి చేస్తున్న బోధకులు!| Ranjith Ophir Short Messages
mxbWwYjsFAo,channel,ప్రకృతిలో దేవుడు ఉన్నాడా?| Ranjith Ophir Short Messages
Y3V4XVVIZ1I,channel,యజ్ఞపురుషుడు యేసు!!| Ranjith Ophir Short Messages
Swp9LfXUz5o,channel,డేంజర్ లో క్రైస్తవ సేవకులు!!| Ranjith Ophir Short Messages
XAjDt8ft_r0,channel,క్రైస్తవ సంఘమా! దిద్దుబాటు చేసుకో!!| Ranjith Ophir Short Messages
GKx7Fab0Sgw,channel,వేదములలో ఉన్న ప్రజాపతి ఎవరు?| Ranjith Ophir Short Messages
wAKPmrHnWUo,channel,అసలు సువార్త ఎలా చెప్పాలి?| Ranjith Ophir Short Messages
qgoalNhWM1Q,channel,మనం చేయాల్సిన భక్తిసాధన!! | Ranjith Ophir Short Messages
6ddXUUbwQn4,channel,ఆత్మీయ జీవితంలో నీకు ఉండాల్సిన గురి!! | Ranjith Ophir Shorts
Qs5iXDzV5Mg,channel,మనం పౌలును పోలి నడుచుకోవాలి!! | Ranjith Ophir Short Messages
7Q6B-id2-94,channel,08 05 2025 | సత్యాన్వేషక మహాసభ| విజయనగరం |  Apostle Dr AS Ranjeet Ophir
BLEg0iLP2KI,channel,మనం జాగ్రత్తగా ఉండాలి!! | Ranjith Ophir Short Messages
SM8Zduqrz-s,channel,20-05-2025 |సౌత్ కొస్టల్ పాస్టర్ ఫెలోషిప్ | మర్రివేముల | ప్రకాశం జిల్లా| Apostle Dr AS Ranjeet Ophir
z_6I4F93C9Y,channel,నిజమైన క్రైస్తవ జీవితం!! | Ranjith Ophir Short Messages
QuA04GqZ-M4,channel,22-05-2025 | Thanksgiving Meet | Vellore  Apostle Dr AS Ranjeet Ophir
iXCT1Z3unYA,channel,26-05-2025 | సువార్త ప్రకటన విశ్వ రాజకీయం!! | DAY 1 | SOMESWARAM LIVE | Apostle Dr AS Ranjeet Ophir
wQWlJm9bCT4,channel,ప్రతీ విశ్వాసికి ఉండాల్సిన ప్రార్థనా జీవిత విధానం!! | Ranjith Ophir Short Messages
DC2T_IgYO5A,channel,దేవుడు అప్పగించిన పని ముగించకుండా మనం చావకూడదు!! | Ranjith Ophir Short Messages
Pp_gWD7opPM,channel,25-05-2025 | Sunday Service | Second Message | Central Church | Apostle Dr AS Ranjeet Ophir
8ysPdwFSAn4,channel,25-05-2025 | Sunday Service | Second Message | Central Church | Apostle Dr AS Ranjeet Ophir
WuxNuWZ9rrs,channel,దేవుని పరిచర్యను ఎట్టి పరిస్థితుల్లో ఆపొద్దు!! | Ranjith Ophir Short Messages
gp5zbOrEI-o,channel,20-May-2025 | సర్వ సత్య మహాసభ
vWn-k7lQNes,channel,10-04-2025| యోసోబు వెడ్స్ భవాని ఆశా జ్యోతి | తాళ్ళరేవు | Ophir Ministries
Pq5c724vVmw,channel,కృపా సహితమైన బోధ! పౌలుగారి పంథాయే - ఓఫీర్ గారి పంథా!| Ranjith Ophir Short Messages
xmvw5ushuGM,channel,ఆధునిక భారత దేశ అపొస్తలుడు!| Ranjith Ophir Short Messages
aye6E_UmIog,channel,సిలువ గుర్తుకు అభ్యంతరపడుతున్న క్రైస్తవులు!| Ranjith Ophir Short Messages
cXuwkQLbNHM,channel,#ksm 229: Ksheerasagara Madhanam क्षीरसागर मंथन #QandA| Ranjith Ophir l Mark Babu 24-05-2025
xQz2HUBukiM,channel,అందాల రాముడు ఎందువలన దేవుడు!| Ranjith Ophir Short Messages
zAGAihQSBbU,channel,మేలుకు ప్రతిగా కీడు!| Ranjith Ophir Short Messages
1pSt7lptRp0,channel,అన్ని మతగ్రంధాలలో యేసును గూర్చిన సాక్ష్యం!| Ranjith Ophir Short Messages
-_qOxlWZBME,channel,సువార్త బోధించవలసిన విధానం!| Ranjith Ophir Short Messages
kRMsZSYfveY,channel,ఇతర మత గ్రంధాలను గౌరవిస్తే కన్వర్ట్ అయినట్టేనా !| Ranjith Ophir Short Messages
EbUAHmYzWrU,channel,భారతదేశ సువార్తికులారా నేర్చుకోండి?!| Ranjith Ophir Short Messages
57nZnYouPJI,channel,హైదవ క్రైస్తవం అనే పుస్తకం ఏమి చెబుతుంది?| Ranjith Ophir Short Messages
GERWbgxvYBQ,channel,18-May-2025 | Sunday Service | Second Message | Centrel Church | Apostle Dr AS Ranjeet Ophir
SF03eT341vQ,channel,18-May-2025 | Sunday Service | First Message | Malkajgiri Church | Apostle Dr AS Ranjeet Ophir
k9e-Q2bCkPs,channel,csc
uPW8ooLUdPQ,channel,24-Apr-2025 | VBS DAY 1
e_uALjCU984,channel,24-Apr-2025 | VBS DAY 2
1sZLeT8B1xk,channel,27-Apr-25 | CSC Day 4
4xfPfkdG4cI,channel,27-Apr-25 | CSC Day 4
e0KZQ2zxasY,channel,24-Apr-2025 | VBS DAY 2
63xxXY78umA,channel,24-Apr-2025 | VBS DAY 3
zOsAh-zquS4,channel,24-Apr-2025 | VBS DAY 1
2FAR2tQhqh8,channel,27-Apr-2025 | CSC Day 5
2VZXhVkAGzU,channel,27-Apr-2025 | CSC Day 5
7Rfy_Cdt5Us,channel,27-Apr-2025 | CSC Day 5
UHJUMS5cAO0,channel,Little Patriots | ACE Children's Summer Camp | Ophir Ministries | Day 5 Part 2
3MLAeJqCXS0,channel,Little Patriots | ACE Children's Summer Camp | Ophir Ministries | Day 5 Part 1
PMSejqokDlY,channel,12-May-2025  | బ్లెసెడ్ చర్చ్ ఆఫ్ గాడ్ మినిస్ట్రీస్ 5వ వార్షికోత్సవ కృతజ్ఞత కూడిక
ZHA7ptEQuwc,channel,11-May-2025 | Sunday Service | Second Message | Central church | Apo Dr A S Ranjith Ophir
pJMjSm0s0Ks,channel,#ksm 228: Ksheerasagara Madhanam क्षीरसागर मंथन #QandA| Ranjith Ophir l Mark Babu 10-05-2025
LOFFNgRjTHk,channel,07-05-2025 | ఉత్తరాంధ్ర అగాపే సంఘాల సిల్వర్ జూబ్లీ సెలబ్రేషన్ విశాఖపట్నం Part 3
il7Y-qJviws,channel,07-05-2025 | ఉత్తరాంధ్ర అగాపే సంఘాల సిల్వర్ జూబ్లీ సెలబ్రేషన్ విశాఖపట్నం Part 2
kAlctLmmOpk,channel,07-05-2025 | ఉత్తరాంధ్ర అగాపే సంఘాల సిల్వర్ జూబ్లీ సెలబ్రేషన్ విశాఖపట్నం Part 1
sFANAhARl-g,channel,Little Patriots | ACE Children's Summer Camp | Ophir Ministries | Day 4
sEmuv--oEX4,channel,Little Patriots | ACE Children's Summer Camp | Ophir Ministries | Day 3
KkQbCH-jJUQ,channel,05-May-2025 | తెలంగాణ రాష్ట్ర అభిషిక్త దైవజనుల సహవాసము! | Ophir Ministries
v_-pfuvDqg0,channel,04-May-2025 | Memento Presentation | Children's Summer Camp 2025
NtJJh06rhQU,channel,04-May-2025 | Sunday Service | First Message | Central church | Vishranth Christian G
wJqO-RNIjls,channel,04-May-2025 | Sunday Service | First Message | Malkajgiri Church | Apo Dr AS Ranjeet Ophir
3FJaN-8C26c,channel,04-May-2025 | Sunday Service | Second Message | Central church | Apo Dr A S Ranjith Ophir
FX9juIPAFyQ,channel,04-May-2025 | Sunday Service | Second Message | Central church | Apo Dr A S Ranjith Ophir
E4G1PjLOVmg,channel,03-05-2025 | Hyderabad Christian Mega Conference | Hari Hara Kala Bhavan
Vx8LSR4k82w,channel,#ksm 227: Ksheerasagara Madhanam क्षीरसागर मंथन #QandA| Ranjith Ophir l Mark Babu 03-05-2025
lEMiSgswNwg,channel,#ksm 227: Ksheerasagara Madhanam क्षीरसागर मंथन #QandA| Ranjith Ophir l Mark Babu 03-05-2025
3o4b7rz4Gik,channel,25-Apr-2025 | Little Patriots | ACE Children's Summer Camp | Ophir Ministries | Day 2
b_yKTz2MfaM,channel,03-Apr-25 | షష్టిపూర్తి మహోత్సవం | Thanks Giving Prayer | Dommata
7ZEsnoSjg-A,channel,01-May-2025 | Hima Bindu & Jeevan Babu's 1st Wedding Anniversary | Kachavanisingaram
whVIC6igBaU,channel,క్రైస్తవులారా కదలి రండి!  ఛలో హరి హర కళాభవన్: 03-05-2025 | Hyderabad Christian Mega Conference
omSgZrZ96X8,channel,24 -Apr-2025 | Little Patriots  | ACE Children's Summer Camp | Ophir Ministries | Day1
2PCWwgRenH0,channel,27-Apr-2025 | Sunday Service | Central church | Apo Dr AS Ranjeet Ophir
H5hDuA3DnH8,channel,27-Apr-2025 | Bro Chandhrashekar's Birthday Celebration & Bro Narsimha&Swapna's Wedding Anniversary
uNfBnhdUmuc,channel,అసలు సువార్త ఎలా చెప్పాలి?| Ranjith Ophir Short Messages
fkIzMaUu0Zk,channel,కృపా సహితమైన బోధ! పౌలుగారి పంథాయే - ఓఫీర్ గారి పంథా| Ranjith Ophir Short Messages
gjEkZvKDpcE,channel,20-Apr-2025 | Resurrection Sunday Service | Second Message | Central church |Apo Dr AS Ranjeet Ophir
yjoni8uh050,channel,#ksm 225: Ksheerasagara Madhanam क्षीरसागर मंथन #QandA| Ranjith Ophir l Mark Babu 19-4-2025
L6J1uYNJs-E,channel,ఓ...... వినుము సోదరా..... గుడ్ ఫ్రైడే....సువార్త సందేశం!
wyZmm1J1FMA,channel,18-Apr-2025 | Good Friday Service | Central Church | Apostle Dr AS Ranjith Ophir
JoU3dbOiW98,channel,18-Apr-2025 | Choir Songs | Good Friday Service | Central Church | Apostle Dr AS Ranjith Ophir
TwI13ZATyPc,channel,15-Apr-2025 |  | AFGC 25th అభిషేక వార్షికోత్సవ కృతజ్ఞతసభ! దొమ్మాట | Apo Dr AS Ranjeet Ophir
XJ7erEhBi28,channel,15-Apr-2025 |  | AFGC 25th అభిషేక వార్షికోత్సవ కృతజ్ఞతసభ! దొమ్మాట | Apo Dr AS Ranjeet Ophir
U8I-Iieb35c,channel,14-Apr-2025 | AGFC Malkajgiri 12th Anniversary Celebration  | Apostle Dr AS Ranjeet Ophir
KGxdh42swzY,channel,14-Apr-2025 | AGFC Malkajgiri 12th Anniversary Celebration  | Apostle Dr AS Ranjeet Ophir
Lndmmi1r96o,channel,13-Apr-2025 | Palm Sunday Service | Second Message | Central Church | Apostle Dr AS Ranjeet Ophir
VYL0sUDuAKw,channel,13-Apr-2025 | Minnu's Birthday Celebrations | Central church | Apostle Dr AS Ranjeet Ophir
LOMmE63MddE,channel,#ksm  224: Ksheerasagara Madhanam क्षीरसागर मंथन #QandA| Ranjith Ophir l Mark Babu 12-4-2025
bTpFMFvkIiY,channel,09-Apr-2025 | సంఘ క్షేమాభివృద్ధి కొరకైన ఆశీర్వాద కూడిక | AFGC Eluru | Apo Dr AS Ranjeet Ophir
8BuGxlDUJho,channel,"09-Apr-2025 | OMI 5 Districts Ordained Ministers Conference | AFGC , Eluru| Apo Dr AS Ranjeet Ophir"
4_pD43IZBSw,channel,"09-Apr-2025 | OMI 5 Districts Ordained Ministers Conference | AFGC , Eluru| Apo Dr AS Ranjeet Ophir"
NGODlsxJLLE,channel,06-Apr-2025 | Sunday Service | Second Message | Central church | Apo Dr AS Ranjeet Ophir
VWyxdwsgSwE,channel,06-Apr-2025 | Sunday Service | Second Message | Central church | Apo Dr AS Ranjeet Ophir
fvkZkCHD1zw,channel,"05-Apr-2025 | Apo A S Ranjith Ophir's 66th Birthday Celebrations | Agape Church Grounds, Nizampet"
dSviLr1a_SQ,channel,"05-Apr-2025 | Pastor's Conference | Agape Church Grounds, Nizampet"
9F3AhQOdxCg,channel,05-Apr-2025 | India Praja Bandhu Party's 7th Anniversary Celebrations
ojNRz4lE7Eg,channel,05-Apr-2025 | India Praja Bandhu Party's 7th Anniversary Celebrations
LidKLWGL_oc,channel,04-Apr-2025 | గృహ ప్రతిష్ట మహోత్సవం | రాపల్లి స్టేజి | మంచిర్యాల | Apo Dr AS Ranjeet Ophir
tFs3X-hbyLk,channel,30-Mar-2025 | Sunday Service | Message by Apostle Kay | Central church | Apo Dr AS Ranjeet Ophir
iTdaBYYJOgo,channel,Nannenthaga preminchithivo ......song by Prabhu Kiran | Central Church
8o6a7MNOZyU,channel,30-Mar-2025 | Sunday Service | Second  Message | Central church | Apo Dr AS Ranjeet Ophir
eY9e_ao54ck,channel,30-Mar-2025 | Sunday Service | Second  Message | Central church | Apo Dr AS Ranjeet Ophir
4fbGiOGbjlA,channel,27-Mar-2025 | Grand Release of Book - The End of The Present Age | Divine Visitation Day | New Delhi
KpxEYJFZnbk,channel,పాస్టర్ ప్రవీణ్ పగడాల గారి మృతి విషయంలో RMP అధినేత రంజిత్ ఓఫీర్ గారి స్పందన.
EE1UCk7p-p8,channel,27-Mar-2025 | Special Bible Study for Pastors & Church Leaders | Divine Visitaion Day | New Delhi
YhaXnSagRn0,channel,21-Mar-2025 | 75th Birthday Celebrations of Bro Samuel Sunder Kothapalli | Apo Dr AS Ranjeet Ophir
WeVj9-WI2Vg,channel,23-Mar-2025 | Sunday Service | Second Message |  Central church | Apo Dr AS Ranjeet Ophir
aJfm7WBU9ZE,channel,23-Mar-2025 | Sunday Service | Second Message |  Central church | Apo Dr AS Ranjeet Ophir
Mmh8ixGjMDg,channel,22-Mar-2025 | Birthday Celebrations Aryan Joe's | Apo Dr AS Ranjeet Ophir
QoEXV5QxCPM,channel,22-Mar-2025 | Birthday Celebrations Aryan Joe's | Apo Dr AS Ranjeet Ophir
CFUeht4gB6U,channel,దైవ సేవలో విజయ రహస్యం!! | Spiritual Warfare Series | Day 899 | Apo Dr AS Ranjeet Ophir | 18-Mar-2025
ysRIDUhShOk,channel,17-Mar-2025 | సంపూర్ణ రాత్రి ప్రార్థన | Spiritual Warfare Series | Day 898 | Apo Dr AS Ranjeet Ophir
ps_78VOU-gc,channel,16-Mar-2025 | Sunday Service | Second Message | Central church | Apo Dr AS Ranjeet Ophir
ZJQZqFUtQes,channel,16-Mar-2025 | Sunday Service | First Message | Central church | Apo Dr AS Ranjeet Ophir
inu2J41TznU,channel,#ksm 222: Ksheerasagara Madhanam क्षीरसागर मंथन #QandA| Ranjith Ophir l Mark Babu 15-3-2025
w6g7joK7wBY,channel,13-Mar-2025 | Yehezekeil & Advitiya Dhivena's Engagement Ceremony | Apo A S Ranjeet Ophir
az75AI3PF9Q,channel,12-Mar-2025 | పాస్టర్ రాంబాబు గారి మనవరాలు పుష్పాలంకరణ | Apo Dr AS Ranjeet Ophir
0ueuggxXmAQ,channel,12-Mar-2025 | పాస్టర్ రాంబాబు గారి మనవరాలు పుష్పాలంకరణ | Apo Dr AS Ranjeet Ophir
AwC3SsjZGjQ,channel,08-Mar-2025 | సంపూర్ణ రాత్రి ప్రార్థన | Spiritual Warfare Series | Day 897 | Apo Dr AS Ranjeet Ophir
X9Zb3Noow00,channel,07-Mar-2025 | సంపూర్ణ రాత్రి ప్రార్థన | Spiritual Warfare Series | Day 896 | Apo Dr AS Ranjeet Ophir
ErQdBGkb2dg,channel,09-Mar-2025 | Sunday Service | Second Message |  Central church | Apo Dr AS Ranjeet Ophir
540LV_rWg9Q,channel,09-Mar-2025 | Sunday Service | Second Message |  Central church | Apo Dr AS Ranjeet Ophir
WQqyCKDDmoA,channel,09-Mar-2025 | Sunday Service | Second Message |  Central church | Apo Dr AS Ranjeet Ophir
Qf9QRMFttbY,channel,09-mar-2025 | Sunday Service | First Message | Malkajgiri Church | Apo Dr AS Ranjeet Ophir
x3VkF8Fg0rs,channel,#ksm 221: Ksheerasagara Madhanam क्षीरसागर मंथन #QandA| Ranjith Ophir l Mark Babu 08-3-2025
uY1JjBZZ7SQ,channel,05-Mar-2025 | తెలంగాణ రాష్ట్ర అభిషిక్త దైవజనుల సహవాసము! | Ophir Ministries
ItzDfCWg074,channel,"04-Mar-2025 | గుర్రం వారి అన్నప్రాసన &నామకరణ మహోత్సవం!పాల్వంచ, ఖమ్మం  | Ophir Ministries"
Mx6mNburisQ,channel,"04-Mar-2025 | క్రైస్తవులు ఐక్యత కొరకు ఆధ్యాత్మిక మహా పోరాట సదస్సు!, పాల్వంచ | Ophir Ministries"
7K1bLyDyu_0,channel,"04-Mar-2025 | క్రైస్తవులు ఐక్యత కొరకు ఆధ్యాత్మిక మహా పోరాట సదస్సు!, ఖమ్మం  | Ophir Ministries"
ua8eXDJrbAQ,channel,"04-Mar-2025 |గుర్రం వారి అన్నప్రాసన &నామకరణ మహోత్సవం!పాల్వంచ, ఖమ్మం  | Ophir Ministries"
v-0Dh0fcSXc,channel,03-Mar-2025 | కృతజ్ఞత మహోత్సవం & గృహప్రవేశం!| కామారెడ్డి | Ophir Ministries
sjhsRTJ0UHI,channel,02-Mar-2025 | Sunday Service | Second Message | Central Church | Apo Dr AS Ranjeet Ophir
3gEoUZCt1VU,channel,"02-Mar-2025 | Chandana & Deekshit Kumar""s Wedding Ceremony | Ophir Ministries"
AnZpHaXwgOw,channel,02-Mar-2025 | Sunday Service | Second Message | Central Church | Apo Dr AS Ranjeet Ophir
jorWjSO3vGs,channel,#ksm 220: Ksheerasagara Madhanam क्षीरसागर मंथन #QandA| Ranjith Ophir l Mark Babu 01-3-2025
2teQt3z2dok,channel,28-Feb-2025 | Pastors & Leaders Conference | Chandrapur District Pastors Association | Maharastra
-bQv0Z78O8A,channel,జ్ఞాపకార్థ బూరల పండుగ!! | Spiritual Warfare Series | Day 895 | Apo Dr AS Ranjeet Ophir | 18-Feb-2025
wUip3NLPBkY,channel,26-Feb-2025  AFGC 24వ వార్షికోత్సవం విశాఖపట్నం
8qpx-UwFvfw,channel,23-Feb-2025 | Sunday Service | Second Message | Central Church | Apo Dr AS Ranjeet Ophir
9YgOrEAGVaw,channel,"మహారాష్ట్ర, జల్గావ్ జిల్లాకుసుంబాగ్రామం లోదాడిని ఖండించి పరామర్శించడానికి వెళ్తున్న ఆర్ కె పి యోధులు"
GeRPaxvPr_0,channel,Testimony & Ordination Ceremony | Bro Sridhar | Central Church | Ophir Ministries
dVubnMy-vFo,channel,21-Feb-2025 | AFGC మొదటి వార్షికోత్సవం ఉజ్జీవ మహా సభలు| Session 3 |  Avidi | Apo Dr AS Ranjeet Ophir
29F1RbhkLnA,channel,21-Feb-2025 | AFGC మొదటి వార్షికోత్సవం ఉజ్జీవ మహా సభలు| Session 2 |  Avidi | Apo Dr AS Ranjeet Ophir
N-QvFtVi1Uw,channel,21-Feb-2025 | AFCG Bible Study | Session 2 | Morning Service | Avidi | Apo Dr AS Ranjeet Ophir
mb6hhkM0XQU,channel,21-Feb-2025 | AFGC మొదటి వార్షికోత్సవం ఉజ్జీవ మహా సభలు| Session 3 |  Avidi | Apo Dr AS Ranjeet Ophir
jQpX507Q3pM,channel,21-Feb-2025 | AFGC మొదటి వార్షికోత్సవం ఉజ్జీవ మహా సభలు| Session 3 |  Avidi | Apo Dr AS Ranjeet Ophir
kkRFwdXmMPA,channel,21-Feb-2025 | AFGC మొదటి వార్షికోత్సవం ఉజ్జీవ మహా సభలు| Session 3 |  Avidi | Apo Dr AS Ranjeet Ophir
Bq9YRhqhNvs,channel,21-Feb-2025 | AFCG Bible Study | Session 2 | Morning Service | Avidi | Apo Dr AS Ranjeet Ophir
LwBUqzW_ql8,channel,20-Feb-2025 | AFGC మొదటి వార్షికోత్సవం ఉజ్జీవ మహా సభలు! అవిడి  | Day 1 | Apo Dr AS Ranjeet Ophir
R69YwZqYT5c,channel,19-Feb-2025 | కృతజ్ఞత ఆశీర్వాద కూడిక! చినవలసల | Apo Dr AS Ranjeet Ophir
UM7JAPn6oxQ,channel,భక్తుని చేతిలో అసలైన ఖడ్గం!! | Spiritual Warfare Series | Day 894 | Apo Dr AS Ophir | 17-Feb-2025
9vzwqE7dmIs,channel,10-Feb-2025 | రాష్ట్రీయ క్రైస్తవ పరిషత్ మొయినాబాద్ మండల సేవకుల సదస్సు| Apo Dr AS Ranjeet Ophir
S4tQiSVz2wo,channel,ఇల్లు తగలబడుతోంది కనకాంబరాలు కావాలా?! | Apo Dr AS Ranjeet Ophir
9tvY4eZRaQI,channel,15-Feb-2025 | సంపూర్ణ రాత్రి ప్రార్థన | Spiritual Warfare Series | Day 893 | Apo Dr AS Ranjeet Ophir
hdsMcO4_KDc,channel,16-Feb-2025 | Sunday Service | First Message | Malkajgiri Church | Apo Dr AS Ranjeet Ophir
FDXG8NJOJbw,channel,16-Feb-2025 | Sunday Service | Second Message | Central Church | Apo Dr AS Ranjeet Ophir
hMNI9tEOBQc,channel,Chalo Delhi | Announcement | Divine Visitation Day Celebrations | March 27 | Apo Dr Ranjeet Ophir
_ovYNkqGIyY,channel,#ksm 219: Ksheerasagara Madhanam क्षीरसागर मंथन #QandA| #MarkBabu_with_RanjithOphir #yvtv 14.02.2025
14uTDWZxThQ,channel,13-Feb-25 | | Session 2 | Day 3 | Kankipaadu | Ophir Ministries
gH23srPr7ic,channel,13-Feb-25 | అభిషిక్త  దైవ సేవకుల సదస్సు | Session 1 | Day 3 | Kankipaadu | Ophir Ministries
2sysw_aYhQQ,channel,13-Feb-25 | అభిషిక్త  దైవ సేవకుల సదస్సు | Session 1 | Day 3 | Kankipaadu | Ophir Ministries
Elcxenxr9GU,channel,13-Feb-25 | అభిషిక్త  దైవ సేవకుల సదస్సు | Session 1 | Day 3 | Kankipaadu | Ophir Ministries
TCbhtYk1xVM,channel,12-Feb-25 | సర్వ సత్య మహాసభలు | Session 2 | Day 2 | Kankipaadu | Ophir Ministries
g777BPJjTqU,channel,12-Feb-25 | రాష్ట్రీయ క్రైస్తవ పరిషత్ అవగాహన సదస్సు | Session 1| Day 2 | Kankipaadu | RKP
8UMZevUCTpo,channel,12-Feb-25 | రాష్ట్రీయ క్రైస్తవ పరిషత్ అవగాహన సదస్సు | Session 1| Day 2 | Kankipaadu | RKP
z_W7VGBgVgI,channel,12-Feb-25 | సర్వ సత్య మహాసభలు | Session 2 | Day 2 | Kankipaadu | Ophir Ministries
7FVtLp3dpg0,channel,11-Feb-25 | సర్వ సత్య మహాసభలు | Session 2 | Day 1 | Kankipaadu | Ophir Ministries
5vvYAgrp-yo,channel,11-Feb-25 | సర్వ సత్య మహాసభలు | Session 2 | Day 1 | Kankipaadu | Ophir Ministries
VGkVd41t_TQ,channel,11-Feb-25 | Bible Study | Session 1 | Day 1 | Kankipaadu | Ophir Ministries | Apo A S Ranjith Ophir
ZfbqQknj5UM,channel,11-Feb-25 | Bible Study | Session 1 | Day 1 | Kankipaadu | Ophir Ministries | Apo A S Ranjith Ophir
3dIJ7C82H2Q,channel,11-Feb-2025 | Bible Study | Kankipaadu | Ophir Ministries | Apo Dr A S Ranjith Ophir
BP9xuFtmXoU,channel,09-Feb-2025 | RKP సేవకుల సదస్సు! మొయినాబాద్ మండలం! | Apo Dr AS Ranjeet Ophir
eyvNMUMVYmE,channel,09-Feb-2025 | Sunday Service | Second Message | Central Church | Apo Dr AS Ranjeet Ophir
bHx_MIb2hq8,channel,09-Feb-2025 | Sunday Service | First Message | Central Church | Apo Dr AS Ranjeet Ophir
JJCxl7sPsa4,channel,09-Feb-2025 | Sunday Service | Second Message | Central Church | Apo Dr AS Ranjeet Ophir
UWQi1fNQb1k,channel,07-Feb-2025  | Karthik & Jessica Widding | Vishakapatnam
31bIcFVoSuI,channel,#ksm 218: Ksheerasagara Madhanam क्षीरसागर मंथन #QandA| Ranjith Ophir
N-vB731Hues,channel,06-Feb-2025 | పదండి!!! అద్దరికీ పోదాం!!..AFGC విజయవాడ | Ophir Ministries
kiW6wzMOY5Q,channel,06-Feb-2025 | పదండి!!! అద్దరికీ పోదాం!!..AFGC విజయవాడ | Ophir Ministries
bqPUg0_Q3_w,channel,06-Feb-2025 | తెగిద్దాం ! మన దర్శన నెర వేర్పునకై........AFGC విజయవాడ | Ophir Ministries
GdEzoh4JQsc,channel,06-Feb-2025 | తెగిద్దాం ! మన దర్శన నెర వేర్పునకై........AFGC విజయవాడ | Ophir Ministries
3yHym3InrpA,channel,"షిమ్యోను, లేవీలు నేడు కావాలి!! | Spiritual Warfare Series | Day 892 | Apo Dr Ophir | 05-Feb-2025"
twudEQcKxxQ,channel,05-Feb-2025 | తెలంగాణ రాష్ట్ర అభిషిక్త దైవజనుల సహవాసము! | Apo Dr AS Ranjeet Ophir
PnUAxG9AUNA,channel,29-Jan-2025 | సంపూర్ణ రాత్రి ప్రార్థన | Spiritual Warfare Series | Day 891 | Apo Dr AS Ranjeet Ophir
R29tb9j4Pnc,channel,02-Feb-2025 | Sunday Service | Second Message | Central Church | Apo Dr AS Ranjeet Ophir
sfqS76IXmJw,channel,02-Feb-2025 | Pas Christopher Birthday Celebrations | Central Church
xC9ThHKzTrc,channel,02-Feb-2025 | Sunday Service | Second Message | Central Church | Apo Dr AS Ranjeet Ophir
gHTD1GQI1c4,channel,02-Feb-2025 | Sunday Service | First Message | Malkajgiri Church | Apo Dr AS Ranjeet Ophir
XtiZOJ1iL88,channel,31-Jan-2025 | OMI All Truth Conventions | Night  | Rayagada| Odisha | Ophir Ministries
udbJGaKmjBw,channel,31-Jan-2025 | OMI All Truth Conventions |అభి షేక కార్యక్రమం  | Rayagada| Odisha | Ophir Ministries
3-e2axv7qSI,channel,31-Jan-2025 | OMI All Truth Conventions | Morning Bible study | Rayagada| Odisha | Ophir Ministries
jBU9o3HkbCQ,channel,30-Jan-2025 | OMI All Truth Conventions | Rayagada| Odisha | Ophir Ministries
vE4KzGO-ocU,channel,31-Jan-2025 | OMI All Truth Conventions | Night  | Rayagada| Odisha | Ophir Ministries
nagi-pdSwzk,channel,31-Jan-2025 | OMI All Truth Conventions | Morning Bible study | Rayagada| Odisha | Ophir Ministries
S98ukra56L4,channel,31-Jan-2025 | OMI All Truth Conventions | Morning Bible study | Rayagada| Odisha | Ophir Ministries
DPkVbLBZM3Y,channel,30-Jan-2025 | OMI All Truth Conventions | Rayagada| Odisha | Ophir Ministries
o7RLlzjclNk,channel,30-Jan-2025 | AFGC | New Church Dedication| | Rayagada Odisha | Ophir Ministries
e5vDduv4xWA,channel,30-Jan-2025 | AFGC | New Charch Dedication| | Rayagada Odisha | Ophir Ministries
iBOp5txd0LQ,channel,28-Jan-2025 | సంపూర్ణ రాత్రి ప్రార్థన | Spiritual Warfare Series | Day 890 | Apo Dr AS Ranjeet Ophir
ivj3H7iz4rI,channel,27-Jan-2025 | సంపూర్ణ రాత్రి ప్రార్థన | Spiritual Warfare Series | Day 889 | Apo Dr AS Ranjeet Ophir
t6RwbaLg5yA,channel,27-Jan-2025 | దివ్యాంగులతో ఆత్మీయ సమ్మేళనం | AFGC Zaheerabad
LpQ9i8vHCh8,channel,27-Jan-2025 | దివ్యాంగులతో ఆత్మీయ సమ్మేళనం | AFGC Zaheerabad
FLlEvb6qZSw,channel,27-Jan-2025 | దివ్యాంగులతో ఆత్మీయ సమ్మేళనం | AFGC Zaheerabad
QxjQi9CsHKI,channel,27-Jan-2025 | దివ్యాంగులతో ఆత్మీయ సమ్మేళనం | AFGC Zaheerabad
W3kKMm0c2bg,channel,27-Jan-2025 | దివ్యాంగులతో ఆత్మీయ సమ్మేళనం | AFGC Zaheerabad
eUAIXhhCK38,channel,26-Jan-2025 | Sunday Service | Second Message | Central Church | Apo Dr AS Ranjeet Ophir
ijDojHcj5sc,channel,26-Jan-2025 | Republic Day Celebrations | RKP
5r8UJLElpZU,channel,26-Jan-2025 | Pas Maddela Arun Kumar's Testimony | Central Church | Apo Dr AS Ranjeet Ophir
9q2c-GK5sVU,channel,26-Jan-2025 | Sunday School Children Song on Indian Constitution | Republic Day Special
-v2iywyie58,channel,22-Jan-2025 | సంపూర్ణ రాత్రి ప్రార్థన | Spiritual Warfare Series | Day 887 | Apo Dr AS Ranjeet Ophir
MTXc4QY9SXg,channel,21-Jan-2025 | సంపూర్ణ రాత్రి ప్రార్థన | Spiritual Warfare Series | Day 886 | Apo Dr AS Ranjeet Ophir
DRQU_bEeixI,channel,20-Jan-2025 | సంపూర్ణ రాత్రి ప్రార్థన | Spiritual Warfare Series | Day 885 | Apo Dr AS Ranjeet Ophir
BRMc1zXdmco,channel,21-Jan-2025 | తెలంగాణ రాష్ట్ర నాయకుల & జిల్లా అధ్యక్షుల సమావేశం | RKP   Dr AS Ranjeet Ophir
wk3pyVdjvMw,channel,21-Jan-2025 | తెలంగాణ రాష్ట్ర నాయకుల & జిల్లా అధ్యక్షుల సమావేశం | RKP   Dr AS Ranjeet Ophir
zzeEDGULfnA,channel,16-Jan-2025 | సంపూర్ణ రాత్రి ప్రార్థన | Spiritual Warfare Series | Day 884 | Apo Dr AS Ranjeet Ophir
b4zsLPP959A,channel,19-Jan-2025 | Sunday Service | Second Message | Central Church | Apo Dr AS Ranjeet Ophir
dG-zdKfgNB8,channel,19-Jan-2025 | Sunday Service | First Message | Malkajgiri Church | Apo Dr AS Ranjeet Ophir
Ju3ypsZLeoo,channel,19-Jan-2025 | Hindi Calendar 2025 | Releasing Ceremony | Ophir Ministries
lYqPYo7H8XA,channel,17-Jan-2025 | Nagpur Pastors Fellowship | 2nd Season | Apostle Dr AS Ranjeet Ophir
mrhq4OpSKHY,channel,17-Jan-2025 | Nagpur Pastors Fellowship | Apostle Dr AS Ranjeet Ophir
0HkFUwYH9_U,channel,15-Jan-2025 | సంపూర్ణ రాత్రి ప్రార్థన | Spiritual Warfare Series | Day 883 | Apo Dr AS Ranjeet Ophir
iPqjUViBVJE,channel,14-Jan-2025 | సంపూర్ణ రాత్రి ప్రార్థన | Spiritual Warfare Series | Day 882 | Apo Dr AS Ranjeet Ophir
mhWrWU3NLZE,channel,14-Jan-2025 | Fasting Prayer meet | Day 2 | Church Office | Hyderabad | Apostle Dr AS Ranjeet Ophir
m-1FWdn9TaU,channel,13-Jan-2025 | సంపూర్ణ రాత్రి ప్రార్థన | Spiritual Warfare Series | Day 881 | Apo Dr AS Ranjeet Ophir
qfmf1c5p5Qw,channel,13-Jan-2025 | Fasting Prayer meet | Central Church Office | Hyderabad | Apostle Dr AS Ranjeet Ophir
kGdmVusODIw,channel,12-Jan-2025 | Sunday Service | Second Message | Central Church | Apo Dr AS Ranjeet Ophir
KD5HGujmFrE,channel,12-Jan-2025 | Sunday Service | Second Message | Central Church | Apo Dr AS Ranjeet Ophir
g36i5qATe0s,channel,12-Jan-2025 | Sunday Service | First Message | Central Church | Apo Dr AS Ranjeet Ophir
7geD8cFPl0E,channel,12-Jan-2025 | Sunday Service | English Calendar Release | Central Church | Apo Dr AS Ranjeet Ophir
Suy3F5Uey7I,channel,"11-Jan-2025 | Praise, Worship & Prayer | Secunderabad | Apostle Dr AS Ranjeet Ophir"
YBUZe4sOmno,channel,09-Jan-2025 | భూలక్ష్మమ్మ గారి అభినందన సభ | Nizampet Church Grounds
xg7cNYiX51I,channel,09-Jan-2025 | భూలక్ష్మమ్మ గారి అభినందన సభ | Nizampet Church Grounds
IQJfI0UScPw,channel,08Jan-2025 |  OMI TS సేవకుల సదస్సు &  Bro M విజయకుమార్ జ్ఞాప కార్ద కూడిక!  Apo Dr AS Ranjeet Ophir
sYlsxeAwFMs,channel,07-Jan-2025 | OMIఉభయగోదావరి 5జిల్లాల అభిషిక్త దైవజనుల సహవాసం!కాకినాడ జిల్లా  Apo Dr AS Ranjeet Ophir
hBzkFBNVFNA,channel,07-Jan-2025 | OMIఉభయగోదావరి 5జిల్లాల అభిషిక్త దైవజనుల సహవాసం!కాకినాడ జిల్లా  Apo Dr AS Ranjeet Ophir
GOWWHQt8yDU,channel,06-Jan-2025 |సాంగ్స్ | ఆశీర్వాద కరమైన ఒకరోజు! చీడిగ | కాకినాడ  జిల్లా | Apo Dr AS Ranjeet Ophir
5nKDNcUZbJs,channel,06-Jan-2025 | ఆశీర్వాద కరమైన ఒకరోజు! చీడిగ | కాకినాడ  జిల్లా | Apo Dr AS Ranjeet Ophir
KACD9nnxs3o,channel,05-Jan-2025 | Sunday Service | Second Message | Central Church | Apo Dr AS Ranjeet Ophir
UCHBZHm3vJg,channel,05-Jan-2025 | Sunday Service | First Message | Malkajgiri Church | Apo Dr AS Ranjeet Ophir
afY3PfdO9yY,channel,05-Jan-2025 | Jaana Reddy's Ordination | Central Church | Apo Dr AS Ranjeet Ophir
3UCz7tiuZRM,channel,02-Jan-2025 | Ryan Aryan Tej's Annaprasanna | Sreedha Homes
iO-uTCVwyvA,channel,01-Jan-2025 | New Year Service 2025 | Central Church | Apostle Dr AS Ranjeet Ophir
Vq2V7CJyiSk,channel,01-Jan-2025 | New Year Service 2025 | Central Church | Apostle Dr AS Ranjeet Ophir
39HWlPHiwQw,channel,31-Dec-2024 | Praise & Worship | Watch Night Service | Central Church | Ophir Ministries
bYtQGdHIXys,channel,01-Jan-2025 | New Year Wee Hour Service 2025 | Central Church | Apostle Dr AS Ranjeet Ophir
dqzlTw0or1U,channel,31-Dec-2024 | Watch Night Service | Central Church | Apostle Dr AS Ranjeet Ophir
ikot9nEaeuk,channel,క్రైస్తవుడు  నిర్లక్ష్యంగా ఉంటే? | Skit | Agape Youth Festival 2024 | Ophir Ministries | 28-Dec-2024
ptAQDSoZaxQ,channel,గ్రుడ్డి మనో నేత్రాలతో బైబిల్ చదివితే?? | Sunday Service | Second Message | Apo Ophir | 29-Dec-2024
qaAsCOKa9Yo,channel,క్రీస్తు భక్తులు పాపాలు ఒప్పుకోవడం ఏంటి?? | Sunday Service | First Message | Apo Ophir | 29-Dec-2024
qMQbknNsTeo,channel,25-Dec-2024 | Christmas Worship Service | Central Church | Apostle Dr AS Ranjeet Ophir
S0VET-zhtec,channel,29-Dec-2024 | Sunday Service | Central Church | Apostle Dr Addanki Ranjith Ophir
Cffq9WgsDL0,channel,22-Dec-2024 | Semi Christmas Celebrations | AFGC Jagathgirigutta
Ua7Q40b4i84,channel,28-Dec-24 | Young Lions | Agape Youth Festival - 2024 | Session 2
AmzvJ0SBisQ,channel,28-Dec-24 | Young Lions | Agape Youth Festival - 2024
K9DHilvrtoY,channel,26-Dec-2024 | Central Church Women Fellowships | Apostle Dr AS Ranjeet Ophir
N0HrR8aP1vk,channel,28-Dec-24 | Young Lions | Agape Youth Festival - 2024 | Session 2
sReZuu9vlqs,channel,25-Dec-2024 | Christmas Worship Service | Central Church | Apostle Dr AS Ranjeet Ophir
ACN4y6_QfSs,channel,25-Dec-2024 | Christmas Worship Service | AFGC Malkajgiri | Apostle Dr AS Ranjeet Ophir
Vzpg7H5RipQ,channel,24-Dec-2024 | Free Christmas Celebrations | AFGC Erraboda HYD
-DwQLz1yLNk,channel,25-Dec-2024 | Christmas Worship Service | AFGC Malkajgiri | Apostle Dr AS Ranjeet Ophir
qaYKEwV49wk,channel,24-Dec-2024 | 25th Wedding Anniversary Celebrations of Bro Jeevan Prasad & Lavanya | Apo Dr AS Ophir
dq7-k5WAkBo,channel,24-Dec-2024 | Mega Christmas Celebrations | Hyderabad
0GGeVKXwzpA,channel,"23-Dec-2024 | Mega Christmas Celebrations | Central Church | KPHB, Hyderabad"
-u8X2F3Wgr0,channel,22-Dec-2024 | Semi Christmas Celebrations | AFGC  Jagathgirigutta
PQEhFeBw3eM,channel,22-Dec-2024 | Semi Christmas Celebrations | AFGC  Jagathgirigutta
3XLLsYc2FmE,channel,22-Dec-2024 | Sunday Service | Second Message | Central Church | Apostle Dr AS Ranjeet Ophir
YeJrGEvIUtA,channel,22-Dec-2024 | Semi Christmas Celebrations | AFGC  Jagathgirigutta
q-xy-_WeE_A,channel,20-Dec-2024 | Semi Christmas Celebrations | AFGC Mogiligundla Apo A S Ranjeet Ophir
A51HmO4jwv4,channel,20-Dec-2024 | Semi Christmas Celebrations | AFGC Mogiligundla Apo A S Ranjeet Ophir
pCTZJKtqq40,channel,18-Dec-2024|OMI ఉత్తరాంధ్ర శాఖ 28వ వార్షికోత్సవ మహోత్సవం!| రాజాం| విజయనగరం  \ Dr AS Ranjeet Ophir
EsslNfqPqIs,channel,18-Dec-2024|OMI ఉత్తరాంధ్ర శాఖ 28వ వార్షికోత్సవ మహోత్సవం!| రాజాం| విజయనగరం  \ Dr AS Ranjeet Ophir
Rni2ocKD6xY,channel,18-Dec-2024|OMI ఉత్తరాంధ్ర శాఖ 28వ వార్షికోత్సవ మహోత్సవం!| రాజాం| విజయనగరం  \ Dr AS Ranjeet Ophir
IxK6MhBY_9M,channel,18-Dec-2024|OMI ఉత్తరాంధ్ర శాఖ 28వ వార్షికోత్సవ మహోత్సవం!| రాజాం| విజయనగరం  \ Dr AS Ranjeet Ophir
T5d0NvzLoi8,channel,17-Dec-2024 నాద శరీరుని  నరావతార వేడుక! |  హిర మండలం శ్రీకాకుళం  | Apostle Dr AS Ranjeet Ophir
_XoG7HzbG4w,channel,18-Dec-2024|OMI ఉత్తరాంధ్ర శాఖ 28వ వార్షికోత్సవ మహోత్సవం!| రాజాం| విజయనగరం  \ Dr AS Ranjeet Ophir
VF9xw9uPpms,channel,17-Dec-2024 నాద శరీరుని  నరావతార వేడుక! |  హిర మండలం శ్రీకాకుళం  | Apostle Dr AS Ranjeet Ophir
X3meT7yJTIk,channel,17-Dec-2024 | AFGC నూతన మందిర ప్రతిష్ఠ! హిర మండలం శ్రీకాకుళం జిల్లా! | Apostle Dr AS Ranjeet Ophir
MgiCRaNyGPo,channel,15-Dec-2024 | AFGC మల్కాజ్ గిరి | ప్రీ క్రిస్మస్ సంబరాలు! | Apostle Dr AS Ranjeet Ophir
taAh8yDkWSw,channel,15-Dec-2024 | AFGC మల్కాజ్ గిరి | ప్రీ క్రిస్మస్ సంబరాలు! | Apostle Dr AS Ranjeet Ophir
RRCuQwfc0Qk,channel,15-Dec-2024 | Sunday Service | Second Message | Central Church | Apostle Dr AS Ranjeet Ophir
YiEguK463pA,channel,15-Dec-2024 | Sunday Service | Second Message | Central Church | Apostle Dr AS Ranjeet Ophir
WlgORKPROgs,channel,15-Dec-2024 | Sunday Service | First Message | Central Church | Apostle Dr AS Ranjeet Ophir
ZCGrQwFyLig,channel,15-Dec-2024 | Sunday Service | Second Message | Central Church | Apostle Dr AS Ranjeet Ophir
V5C0CKlRsIU,channel,13- Dec-2024 | క్షీరసాగర మధనం - Episode 214 | అపొ డా ఓఫీర్ గారితో ప్రశ్నోత్తరి
iFWPLpsQyDU,channel,13- Dec-2024 | 3rd  Day Night | AFGC తుని శాఖ | 22వ వార్షికోత్సవ మహాసభలు | Tuni | Ranjeet Ophir
pW1_VZW9h_k,channel,13- Dec-2024 | క్షీరసాగర మధనం - Episode 214 | అపొ డా ఓఫీర్ గారితో ప్రశ్నోత్తరి
6mcZSag5mcc,channel,12- Dec-2024 | క్షీరసాగర మధనం - Episode 214 | అపొ డా ఓఫీర్ గారితో ప్రశ్నోత్తరి
2WqTS1FZvQ4,channel,12- Dec-2024 | 2nd Day Night | AFGC తుని శాఖ | 22వ వార్షికోత్సవ మహాసభలు | Tuni | Ranjeet Ophir
yPmThwiTBPo,channel,12- Dec-2024 | 2nd Day Bible study | AFGC తుని శాఖ | 22వ వార్షికోత్సవ మహాసభలు | తుని | Ranjeet Ophir
WRyNh_khFIM,channel,12- Dec-2024 | 2nd Day Bible study | AFGC తుని శాఖ | 22వ వార్షికోత్సవ మహాసభలు | తుని | Ranjeet Ophir
cEE2zxyO8a8,channel,12- Dec-2024 | 2nd Day Night | AFGC తుని శాఖ | 22వ వార్షికోత్సవ మహాసభలు | Tuni | Ranjeet Ophir
saWe2XnkUTw,channel,11- Dec-2024 |  AFGC తుని శాఖ | 22వ వార్షికోత్సవ మహాసభలు | తుని | Apo Dr AS Ranjeet Ophir
uQ2DA2jf51Y,channel,12- Dec-2024 | 2nd Day Bible study | AFGC తుని శాఖ | 22వ వార్షికోత్సవ మహాసభలు | తుని | Ranjeet Ophir
zAysLHpw-9Q,channel,11- Dec-2024 |  క్రిస్మస్ పండుగ పై అభ్యంతరాలపై సంపూర్ణ స్పష్టత!ఒలీవల కొండ |Episode5 | Topic 4
8RdhKoxbplg,channel,11- Dec-2024 |  క్రిస్మస్ పండుగ పై అభ్యంతరాలపై సంపూర్ణ స్పష్టత!ఒలీవల కొండ |Episode5 | Topic 4
EQU9JeUxpig,channel,08- Dec-2024 |  Christmas Celebrations | Jammu & Kashmir | Apo Dr AS Ranjeet Ophir
hVjt9oiEDlY,channel,08- Dec-2024 |  Christmas Celebrations | Jammu & Kashmir | Apo Dr AS Ranjeet Ophir
rKujt92TS38,channel,08- Dec-2024 | First Message | Sunday Service | Jammu & Kashmir | Apo Dr AS Ranjeet Ophir
Cps2d6NFSKM,channel,08- Dec-2024 | First Message | Sunday Service | Jammu & Kashmir | Apo Dr AS Ranjeet Ophir
gQZ1aqN0YTo,channel,08- Dec-2024 | First Message | Sunday Service | Jammu & Kashmir | Apo Dr AS Ranjeet Ophir
J5L04TnO93c,channel,07- Dec-2024 | Evening Meeting | Jammu & Kashmir | Apo Dr AS Ranjeet Ophir
A-ATkMTbqs0,channel,07- Dec-2024 | Evening Meeting | Jammu & Kashmir | Apo Dr AS Ranjeet Ophir
J8m-aLryDOk,channel,07- Dec-2024 | Pastor Conference | Jammu&Kashmir | Apo Dr AS Ranjeet Ophir
CN6DWNZe6Wk,channel,07- Dec-2024 | Pastor Conference | Jammu&Kashmir | Apo Dr AS Ranjeet Ophir
FqOpcnmEWrc,channel,06- Dec-2024 | Truth Unites Us Conference | Jammu | Apo Dr AS Ranjeet Ophir
z0R0_QVGDr4,channel,05-Dec-2024 | OMI Semi Christmas Narela Delhi | Apo Dr AS Ranjeet Ophir
Rs6Z7Q7TED4,channel,05-Dec-2024 | OMI Semi Christmas Narela Delhi | Apo Dr AS Ranjeet Ophir
pbtSVKcngYk,channel,04-Dec-2024 |  తెలంగాణ రాష్ట్ర అభిషిక్త దైవజనుల సహవాసము! | Apo Dr AS Ranjeet Ophir
_ptcmJ_1uik,channel,04-Dec-2024 | తిరుగుబాటుదారుల సానుభూతి పరులకు ఓఫీర్ గారి హెచ్చరిక!!  | Apo Dr AS Ranjeet Ophir
ec17wIRli9c,channel,04-Dec-2024 | అభిషేక కార్యక్రమం  తెలంగాణ రాష్ట్ర అభిషిక్త దైవజనుల సహవాసము! | Apo Dr AS Ranjeet Ophir
urqMuZOznFY,channel,04-Dec-2024 |  తెలంగాణ రాష్ట్ర అభిషిక్త దైవజనుల సహవాసము! | Apo Dr AS Ranjeet Ophir
JvLhNc70wl8,channel,03-Dec-2024 | Agape Full Gospel Church - Alwal Branch's 3rd Anniversary & Pre Christmas Celebrations
uvYalhSKF1k,channel,03-Dec-2024 | Agape Full Gospel Church - Alwal Branch's 3rd Anniversary & Pre Christmas Celebrations
BiAqRtwx1Yc,channel,03-Dec-2024 | Agape Full Gospel Church - Alwal Branch's 3rd Anniversary & Pre Christmas Celebrations
zuEOjp2pbtw,channel,02-Dec-2024 | అగాపే పుల్ గాస్పెల్ చర్చ్ | విశాలాక్షి నగర్ |క్రిస్మస్ సెలబ్రేషన్స్ | Ranjeet Ophir
_8Yn-vDE8ak,channel,02-Dec-2024 | అగాపే పుల్ గాస్పెల్ చర్చ్ | విశాలాక్షి నగర్ | కృతజ్ఞత కూడిక | Dr AS Ranjeet Ophir
RQzK78P9dPw,channel,02-Dec-2024 | అగాపే పుల్ గాస్పెల్ చర్చ్ | విశాలాక్షి నగర్ |క్రిస్మస్ సెలబ్రేషన్స్ | Ranjeet Ophir
jVt6Uyzgw8Q,channel,02-Dec-2024 |అభిషేక కార్యక్రమం అగాపే పుల్ గాస్పెల్ చర్చ్ | విశాలాక్షి నగర్ | Dr AS Ranjeet Ophir
GZ7TvZlBFYk,channel,01-Dec-2024 | Sunday Service | Second Message | Central Church | Apostle Dr AS Ranjeet Ophir
WdgzNaPmX8Q,channel,01-Dec-2024 | Sunday Service | ప్రకటనలు | Central Church | Apostle Dr AS Ranjeet Ophir
EBeA3bmHpdc,channel,#ksm 212: Ksheerasagara Madhanam क्षीरसागर मंथन #Askanyquestion Ranjith Ophir l Mark Babu Romalla
-ViVTAXWXlc,channel,29-Nov-2024 | 3rd Day Morning | ఆధ్యాత్మిక సమావేశాలు | Believers Church |  Ghugus | Maharashtra |
wNibHaR29rw,channel,29-Nov-2024 | 3rd Day Night | ఆధ్యాత్మిక సమావేశాలు | Believers Church | Ghugus | Maharashtra |
2KRV_odixLE,channel,29-Nov-2024 | 3rd Day Night | ఆధ్యాత్మిక సమావేశాలు | Believers Church | Ghugus | Maharashtra |
JlutHNqqPzo,channel,28-Nov-2024 | 2nd Day Night | ఆధ్యాత్మిక సమావేశాలు | Believers Church |  Ghugus | Maharashtra | ASRO
p2KKgWIpic0,channel,28-Nov-2024 | 2nd Day ఆధ్యాత్మిక సమావేశాలు | Believers Church |  Ghugus | Maharashtra | ASRO
6RAsxBVKKls,channel,27-Nov-2024 | ఆధ్యాత్మిక సమావేశాలు | Believers Church |  Ghugus | Maharashtra | Ap Dr  Ranjeet Ophir
vL1r-q4zSUA,channel,27-Nov-2024 | ఆధ్యాత్మిక సమావేశాలు | Believers Church |  Ghugus | Maharashtra | Ap Dr  Ranjeet Ophir
XLn7a4qxX-A,channel,25-Nov-2024 | పాస్టర్ ఏసుదాస్ | 24th హస్త నీక్షేపణ వార్షికోత్సవ ఉపవాస  కూడిక! |విశాఖపట్నం
0kOiG8CfTGA,channel,25-Nov-2024 | పాస్టర్ ఏసుదాస్ | 24th హస్త నీక్షేపణ వార్షికోత్సవ ఉపవాస  కూడిక! |విశాఖపట్నం
rlNNw1XVaFw,channel,24-Nov-2024 | మల్కాజ్గిరి అగాపే మహిళా క్రిస్మస్ మహోత్సవం | AFGC Malkajgiri
tWKT5FWDPIA,channel,24-Nov-2024 | Sunday Service | Second Message | Central Church | Apostle Dr AS Ranjeet Ophir
WVaXO-uzq5k,channel,23-Nov-2024 | AFGC నిడిగల్లు | రాయలసీమ శాఖ | మెగా క్రిస్మస్ సెలబ్రేషన్స్ | Apo Dr AS Ranjeet Ophir
wtTE30YhBTo,channel,23-Nov-2024 | AFGC నిడిగల్లు | రాయలసీమ శాఖ | మెగా క్రిస్మస్ సెలబ్రేషన్స్ | Apo Dr AS Ranjeet Ophir
8WiYx6UgDYQ,channel,23-Nov-2024 | AFGC నిడిగల్లు | రాయలసీమ శాఖ | మెగా క్రిస్మస్ సెలబ్రేషన్స్ | Apo Dr AS Ranjeet Ophir
Z1kwQ8JmXvE,channel,23-Nov-2024 | AFGC నిడిగల్లు | రాయలసీమ శాఖ | మెగా క్రిస్మస్ సెలబ్రేషన్స్ | Apo Dr AS Ranjeet Ophir
ln2Uo-CluYI,channel,క్షీరసాగర మధనం - Episode 211 | అపొ డా ఓఫీర్ గారితో ప్రశ్నోత్తరి | 22-Nov-2024
xKd4_8sAsfM,channel,21-Nov-2024 | Message by Apo A S Ranjeet Ophir | అగాపే స్త్రీల సమైక్య సమావేశం | Central Church
OXqUpzhGqvc,channel,21-Nov-2024 | Smt. Glory Reynold’s Testimony | అగాపే స్త్రీల సమైక్య సమావేశం |  Ranjeet Ophir
NnVLuyYEHsQ,channel,21-Nov-2024 | Testimony by Smt.Mercy Samson Lingala | అగాపే స్త్రీల సమైక్య సమావేశం | Ranjeet Ophir
XllDEXIb5PY,channel,21-Nov-2024 | Choir Songs | అగాపే స్త్రీల సమైక్య సమావేశం | Apo A S Ranjeet Ophir
dEzdnMm8MWI,channel,18-Nov-2024 | సంపూర్ణ రాత్రి ప్రార్థన | Spiritual Warfare Series | Day 880 | Apo Dr AS Ranjeet Ophir
SlVAnahzTs4,channel,16-Nov-2024 | సంపూర్ణ రాత్రి ప్రార్థన | Spiritual Warfare Series | Day 879 | Apo Dr AS Ranjeet Ophir
-uKBspcmycc,channel,పగపట్టిన అమాయకులు!! | Sunday Service | Second Message | Central Church | Apo Dr Ophir | 17-Nov-2024
Uy-wzrqVsFs,channel,17-Nov-2024 | Sunday Service | Announcements | Central Church | Ophir Ministries
bY6yycThXCI,channel,నిరంతర ఆధ్యాత్మిక తృష్ణ! | Sunday Service | First Message | AFGC Malkajgiri | Dr Ophir | 17-Nov-2024
l0DhL4VS-PQ,channel,15-Nov-2024 | సంపూర్ణ రాత్రి ప్రార్థన | Spiritual Warfare Series | Day 878 | Apo Dr AS Ranjeet Ophir
FHEYkOi1ilQ,channel,క్షీరసాగర మధనం - Episode 210 | అపొ డా ఓఫీర్ గారితో ప్రశ్నోత్తరి | 15-Nov-2024
Tg2FmKsAuxo,channel,14-Nov-24 | జస్టిస్ కె. జి. బాలకృష్ణన్ కమిషన్ పై సమీక్ష | Dr A S Ranjith Ophir  | Osmania University
bJecCOMw81k,channel,14-Nov-2024 | సంపూర్ణ రాత్రి ప్రార్థన | Spiritual Warfare Series | Day 877 | Apo Dr AS Ranjeet Ophir
viW5np4-TiE,channel,14-Nov-2024 | Ryan Aryan Tej's Cradle Ceremony | Thanks Giving Prayer | Sreedha Homes
XGBM8kr3Lz8,channel,11-Nov-2024 | సంపూర్ణ రాత్రి ప్రార్థన | Spiritual Warfare Series | Day 876 | Apo Dr AS Ranjeet Ophir
TbdOSCONH0E,channel,13-Nov-2024 | Lakshmi Sireesha Weds Yeshwanth Sai | Wedding Ceremony
nFtkrbvoTdA,channel,13-Nov-2024 | Lakshmi Sireesha Weds Yeshwanth Sai | Wedding Ceremony
PvUChqfyePI,channel,09-Nov-2024 | సంపూర్ణ రాత్రి ప్రార్థన | Spiritual Warfare Series | Day 875 | Apo Dr AS Ranjeet Ophir
QH71JlMhSB0,channel,10-Nov-2024 | Sunday Service | Second Message | Central Church | Apostle Dr AS Ranjeet Ophir
DZMa7j-2jKg,channel,క్షీరసాగర మధనం - Episode 209 | అపొ డా ఓఫీర్ గారితో ప్రశ్నోత్తరి | 08-Nov-2024
38Qggk6JwKo,channel,08-Nov-2024 | సంపూర్ణ రాత్రి ప్రార్థన | Spiritual Warfare Series | Day 874 | Apo Dr AS Ranjeet Ophir
w8k6Fj3ot5s,channel,#Olivalakonda 4 : మధ్య ప్రాచ్యంలో యుద్ధ పరంపర - పూర్వాపరాలు Topic-3 l Episode -2 Apo. Ranjith Ophir
cmnvcleaKs4,channel,05-Nov-2024 |సేవకుల సదస్సు | Apo Dr AS Ranjeet Ophir
u-tnoef-DNE,channel,02-Nov-2024 | సంపూర్ణ రాత్రి ప్రార్థన | Spiritual Warfare Series | Day 873 | Apo Dr AS Ranjeet Ophir
_qT48m56W14,channel,01-Nov-2024 | సంపూర్ణ రాత్రి ప్రార్థన | Spiritual Warfare Series | Day 872 | Apo Dr AS Ranjeet Ophir
sSqdj_Y5h4U,channel,సత్యస్తంభానికే స్తంభం!! | Sunday Service | Second Message | Apo Dr AS Ranjeet Ophir | 03-Nov-2024
BMhc7YToN5c,channel,World Sunday School Day Celebrations | Central Church | Ophir Ministries | 03-Nov-2024
YAzbwungkiU,channel,అరిషడ్వర్గాలపై అసలైన విజయం!! | Sunday Service | First Message | Apo Dr Ranjeet Ophir | 03-Nov-2024
r0qv9pHMOww,channel,క్షీరసాగర మధనం - Episode 208 | అపొ డా ఓఫీర్ గారితో ప్రశ్నోత్తరి | 01-Nov-2024
LuGlu7QJBPs,channel,31-Oct-2024 | సంపూర్ణ రాత్రి ప్రార్థన | Spiritual Warfare Series | Day 871 | Apo Dr AS Ranjeet Ophir
9DPQVHJwPn8,channel,31-Oct-2024 | Fasting Prayer meet | Central Church Office | Hyderabad | Apostle Dr AS Ranjeet Ophir
J4wbr-CMVYY,channel,30-Oct-2024 |నామకరణ మహోత్సవం  | Apostle Dr AS Ranjeet Ophir
F7EVu3kynqw,channel,30-Oct-2024 |నామకరణ మహోత్సవం  | Apostle Dr AS Ranjeet Ophir
0zYzu9sMfWk,channel,25-Oct-2024 | సంపూర్ణ రాత్రి ప్రార్థన | Spiritual Warfare Series | Day 870 | Apo Dr AS Ranjeet Ophir
nj8eziSyR8Q,channel,29-Oct-2024 | Thanks Giving Meeting | AFGC | Gunturu | Apostle Dr AS Ranjeet Ophir
tF_Y_tu252g,channel,29-Oct-2024 | Thanks Giving Meeting | AFGC | Gunturu | Apostle Dr AS Ranjeet Ophir
EO8FDojFiPE,channel,29-Oct-2024 | Thanks Giving Meeting | AFGC | Gunturu | Apostle Dr AS Ranjeet Ophir
0T1LBA2g2fw,channel,27-Oct-2024 | మంచిరేవుల AFGC  15వ.వార్షికోత్సవం | హైదారాబాద్ | Apostle Dr AS Ranjeet Ophir
ZQljFoboapQ,channel,27-Oct-2024 | Sunday Service | Second Message | Central Church | Apostle Dr AS Ranjeet Ophir
zBBwpSbxJ1w,channel,27-Oct-2024 | Sunday Service | Second Message | Central Church | Apostle Dr AS Ranjeet Ophir
bCrf-M2w4Ls,channel,క్షీరసాగర మధనం - Episode 207 | అపొ డా ఓఫీర్ గారితో ప్రశ్నోత్తరి | 25-Oct-2024
0Yoy-bhrctg,channel,23-Oct-2024 | సంపూర్ణ రాత్రి ప్రార్థన | Spiritual Warfare Series | Day 869 | Apo Dr AS Ranjeet Ophir
a5DkXt7xd0w,channel,03 Oct 2024 | Ophir Ministries Karnataka Family Meet | Evening Session | Apostle Dr AS Ranjeet Ophir
cJpJPbLPDAE,channel,22-Oct-2024 | సంపూర్ణ రాత్రి ప్రార్థన | Spiritual Warfare Series | Day 868 | Apo Dr AS Ranjeet Ophir
Bmjz4K1jOwA,channel,20-Oct-2024 | Agape Full Gospel Church Ghatkeser Branch | Church Inauguration |Gharkesar Annojiguda
LLv4Pe5uGX0,channel,20-Oct-2024 | Sunday Service | Second Message | Central Church | Apostle Dr AS Ranjeet Ophir
NO69SfSlcow,channel,20-Oct-2024 | Agape Full Gospel Church Ghatkeser Branch | Church Inauguration |Gharkesar Annojiguda
Pd-EbTKibAQ,channel,20-Oct-2024 | Sunday Service | First Message | Central Church | Apostle Dr AS Ranjeet Ophir
Dqld25chsKw,channel,18-Oct-2024 | సంపూర్ణ రాత్రి ప్రార్థన | Spiritual Warfare Series | Day 867 | Apo Dr AS Ranjeet Ophir
jUjYl65wacg,channel,13-Oct-2024 | Sunday Service | Second Message | Centerl Church | Apo Dr AS Ranjeet Ophir
3_tNrPk5N60,channel,13-Oct-2024 | Sunday Service | Second Message | Centerl Church | Apo Dr AS Ranjeet Ophir
QxFTUGTvi0w,channel,13-Oct-2024 | Sunday Service | First Message | Malkajgiri Church | Apo Dr AS Ranjeet Ophir
LR-vRVAjDeQ,channel,11-Oct-2024 | సంపూర్ణ రాత్రి ప్రార్థన | Spiritual Warfare Series | Day 866 | Apo Dr AS Ranjeet Ophir
LOB9sEUuyyg,channel,10-10-2024 | AFGC దొమ్మాట సంఘం | 40రోజుల ఉపవాస ప్రార్ధన ముగింపు కృతజ్ఞత సభ! |Ophir Ministries
3Eq09UR6mtY,channel,10-10-2024 | AFGC దొమ్మాట సంఘం |  అభిషేక కార్యక్రమాలు | Ophir Ministries
e0mPUkRH4Yc,channel,10-Oct-2024 | సంపూర్ణ రాత్రి ప్రార్థన | Spiritual Warfare Series | Day 865 | Apo Dr AS Ranjeet Ophir
d28DsMIYCJQ,channel,#ఒలీవలకొండ: క్రైస్తవ్యం స్త్రీని కించపరుస్తూందా? l సిద్ధాంత స్పష్టీకరణ వేదిక - 2 l Ranjith Ophir
CO1NNWwxPTc,channel,08-10-2024 |  OM Telangana State | Pastors Conference | Central Church | Apo Dr AS Ranjeet Ophir
EgPdr6HgchY,channel,08-10-2024 |  OM Telangana State | Pastors Conference | Central Church | Apo Dr AS Ranjeet Ophir
re4HLTHW9Ao,channel,06-10-2024 |  కృతజ్ఞతా స్తుతి మహోత్సవం | పాలకొండ | Ophir Ministries
szfHD7Gp95s,channel,06-10-2024 | ఉత్తరాంధ్ర ఆరు జిల్లాల సమైక్య ఆరాధన | Second  Message | పాలకొండ |    Ophir Ministries
9P_EHztI1ys,channel,06-10-2024 | ఉత్తరాంధ్ర ఆరు జిల్లాల సమైక్య ఆరాధన | First Message | పాలకొండ |    Ophir Ministries
41k6OP-DpOk,channel,06-10-2024 | ఉత్తరాంధ్ర ఆరు జిల్లాల సమైక్య ఆరాధన | పాలకొండ  | Ophir Ministries
YZUNfEgPGsY,channel,06-10-2024 | సామూహిక నీటి బాప్తిస్మాలు | కౌన్సిలింగ్  | పాలకొండ  | Ophir Ministries
L43NU9n4r68,channel,05-10-2024 | సత్య సంబంధుల ఉపవాస దీక్ష | పాలకొండ |సాయంత్రం సభ | Ophir Ministries
368N3rb_I-w,channel,06-Oct-2024 | సంపూర్ణ రాత్రి ప్రార్థన | Spiritual Warfare Series | Day 864 | Apo Dr AS Ranjeet Ophir
vftJkF6scMs,channel,05-10-2024 | సత్య సంబంధుల ఉపవాస దీక్ష | పాలకొండ | Ophir Ministries
jUeUyjeQdbI,channel,05-10-2024 | సత్య సంబంధుల ఉపవాస దీక్ష | పాలకొండ | Ophir Ministries
v3f1kKFDJsE,channel,04-10-2024 | Thank Giving Prayer | AFGC TSN Colony | VSP
Vkp8pKGc_zE,channel,03 Oct 2024 | Ophir Ministries Karnataka Family Meet | Morning Session | Apostle Dr AS Ranjeet Ophir
SRuUQrarzbM,channel,04-10-2024 | Thank Giving Prayer | AFGC TSN Colony | VSP
vD5bBOQA15k,channel,04-Oct-2024 | సంపూర్ణ రాత్రి ప్రార్థన | Spiritual Warfare Series | Day 863 | Apo Dr AS Ranjeet Ophir
u1fZg0EKLSM,channel,02-Oct-2024 | Ladies Meeting | AFGC Jagathgirigutta
GiKlXxr7t8I,channel,02-Oct-2024 | సంపూర్ణ రాత్రి ప్రార్థన | Spiritual Warfare Series | Day 862 | Apo Dr AS Ranjeet Ophir
7QE7qM2YPTo,channel,01-Oct-2024 | సంపూర్ణ రాత్రి ప్రార్థన | Spiritual Warfare Series | Day 861 | Apo Dr AS Ranjeet Ophir
MyvHvP1D7_I,channel,30-Sep-2024 | సంపూర్ణ రాత్రి ప్రార్థన | Spiritual Warfare Series | Day 860 | Apo Dr AS Ranjeet Ophir
qsq40autVYs,channel,29-Sep-2024 | Bro Vemana's Testimony | Ophir Ministries International Official Representative
6gV0C7GfqCY,channel,29-Sep-2024 | Sunday Service | Second Message | Central Church | Apostle Dr AS Ranjeet Ophir
cUwYNTQ7Fhs,channel,29-Sep-2024 | Sravya's Birthday Celebrations | Central Church | Apostle Dr AS Ranjeet Ophir
zOUVHTs3Etc,channel,29-Sep-2024 | Sunday Service | First Message | Central Church | Apostle Dr AS Ranjeet Ophir
Crn4yFdMhAo,channel,క్షీరసాగర మధనం - Episode 203 | అపొ డా ఓఫీర్ గారితో ప్రశ్నోత్తరి | 27-Sep-2024
htGYLMuNT5M,channel,27-Sep-2024 | సంపూర్ణ రాత్రి ప్రార్థన | Spiritual Warfare Series | Day 859 | Apo Dr AS Ranjeet Ophir
VpxniJ_JL6c,channel,26-Sep-2024 | Women's Fellowship | AFGC Suraram | Apostle Dr A S Ranjeet Ophir
5ZN2unz0H6Q,channel,25-Sep-2024 |  AFGC  పాల్వంచ శాఖ ప్రారంభోత్సవ సభ | Apo Dr AS Ranjeet Ophir
khJX0aa_rjU,channel,25-Sep-2024 |  AFGC PALWANCH | Apo Dr AS Ranjeet Ophir
Pqwl7--6mu4,channel,25-Sep-2024 |  AFGC  పాల్వంచ శాఖ ప్రారంభోత్సవ సభ | Apo Dr AS Ranjeet Ophir
RWT-_PYbUL4,channel,22-Sep-2024 | Sunday Service | Second Message | Central Church | Apostle Dr AS Ranjeet Ophir
X1QKqKfPMnw,channel,22-Sep-2024 | Sunday Service | First Message | Central Church | Apostle Dr AS Ranjeet Ophir
AHJfdA5cyGM,channel,"19-Sep-2024 | AFGC మందిర ప్రతిష్ట ! సందేశం! కశింకోట, అనకాపల్లి జిల్లా | Apo Dr AS Ranjeet Ophir"
yY_zbWUcB-Q,channel,క్షీరసాగర మధనం - Episode 202 | అపొ డా ఓఫీర్ గారితో ప్రశ్నోత్తరి | 20-Sep-2024
FTJuVs0p1Go,channel,క్షీరసాగర మధనం - Episode 201 | అపొ డా ఓఫీర్ గారితో ప్రశ్నోత్తరి | 13-Sep-2024
HMQf5XZJnEg,channel,VP రెడ్డి వ్యాఖ్యల మీద స్పందించిన ఒక యదార్థవంతుడు!!
NjN7WlsR3Os,channel,ఇజ్రాయెల్ దేశాన్ని హిజ్బుల్ల సర్వనాశనం చేసేస్తుంది అని వార్తలు వస్తున్నాయి   దీని మీద దైవజనుడి అభిప్
Xc9swJDndwE,channel,కోట్ల మంది దేవతలు కలిగిన హైందవులకు యేసును గూర్చి ప్రకటించడం ఎందుకు??
qTrG4AMMh50,channel,యేసు రక్తాన్ని అవహేళన చేస్తున్న వారి పరిస్థితి ఏమౌతుంది？
yiErW0AT2c4,channel,హైందవ క్రైస్తవం గ్రంథాన్ని రాయడానికి కృష్ణుడు ప్రేరేపించాడు అని ఎందుకన్నానంటే?
jyIMalW0OO8,channel,మానవుడు జన్మతః పాపియా? కాదా? | ఒలీవల కొండ | Olivala Konda | Episode 1 | 18-Sep-2024
wdhllg-uZAU,channel,17-Sep-2024 | సంపూర్ణ రాత్రి ప్రార్థన | Spiritual Warfare Series | Day 857 | Apo Dr AS Ranjeet Ophir
9f5MSY_zF18,channel,క్షీరసాగర మధనం - Episode 200 | అపొ డా ఓఫీర్ గారితో ప్రశ్నోత్తరి | 06-Sep-2024
s-5HRYnustw,channel,15-Sep-2024 |  Vishwa-charitra Exam Mementos presentation| Apostle Dr AS Ranjeet Ophir
Mna-4_tQkGw,channel,15-Sep-2024 | Sunday Service | Second Message | Central Church | Apostle Dr AS Ranjeet Ophir
xCZ2UabJkPo,channel,15-Sep-2024 | Sunday Service | First Message | Central Church | Apostle Dr AS Ranjeet Ophir
3pRQwQWuebY,channel,13-Sep-2024 | సంపూర్ణ రాత్రి ప్రార్థన | Spiritual Warfare Series | Day 856 | Apo Dr AS Ranjeet Ophir
Vs-M-JC0454,channel,13-Sep-2024 | Early Morning Intercessory Prayer | Day 1000 | AFGC Nizamabad | Apo Dr Ranjeet Ophir
6mcRQLN4CPY,channel,12-Sep-2024 | సంపూర్ణ రాత్రి ప్రార్థన | Spiritual Warfare Series | Day 855 | Apo Dr AS Ranjeet Ophir
dxMU0334bz4,channel,11-Sep-2024 | స్వర్గీయ బ్రదర్ నోబుల్ రుంజాల జ్ఞాపకార్థ కూటం| Apo Dr AS Ranjeet Ophir
wmrjH-hHjuk,channel,11-Sep-2024 | తెలంగాణ రాష్ట్ర అభిషిక్త దైవజనుల సహవాసము! | Apo Dr AS Ranjeet Ophir
4G4F2biVO6o,channel,11-Sep-2024 | సంపూర్ణ రాత్రి ప్రార్థన | Spiritual Warfare Series | Day 854 | Apo Dr AS Ranjeet Ophir
i5r-pdh1Ypo,channel,11-Sep-2024 | తెలంగాణ రాష్ట్ర అభిషిక్త దైవజనుల సహవాసము! | Apo Dr AS Ranjeet Ophir
MwlyCFa70gU,channel,10-Sep-2024 |ఉత్తరాంధ్ర ఆగాపే అభిషిక్త సేవకుల సదస్సు! విశాఖ పట్నం Dr  Ranjeet Ophir
BbPDo1iJeFs,channel,10-Sep-2024 |ఉత్తరాంధ్ర ఆగాపే అభిషిక్త సేవకుల సదస్సు! విశాఖ పట్నం Dr  Ranjeet Ophir
FYayzxqj2S0,channel,10-Sep-2024 పాస్టర్ మాదిరెడ్డి రఘునాథ రెడ్డి 20వ అభిషేక వార్షికోత్సవం|విశాఖ పట్నం Dr  Ranjeet Ophir
eVoOW77uFbs,channel,10-Sep-2024 పాస్టర్ మాదిరెడ్డి రఘునాథ రెడ్డి 20వ అభిషేక వార్షికోత్సవం|విశాఖ పట్నం Dr  Ranjeet Ophir
Ek1hFAcuO70,channel,10-Sep-2024 పాస్టర్ మాదిరెడ్డి రఘునాథ రెడ్డి 20వ అభిషేక వార్షికోత్సవం|విశాఖ పట్నం Dr  Ranjeet Ophir
IzmkUKxjqls,channel,09-Sep-2024 | సంపూర్ణ రాత్రి ప్రార్థన | Spiritual Warfare Series | Day 853 | Apo Dr AS Ranjeet Ophir
0G4WaLN4_AI,channel,08-Sep-2024 | Sunday Service | First Message | Malkajgiri Church | Apo Dr AS Ranjeet Ophir
3aGx6aApmrM,channel,08-Sep-2024 | Sunday Service | Second Message | Central Church | Apo Dr AS Ranjeet Ophir
V_AIePn4B0s,channel,07-Sep-2024 | సంపూర్ణ రాత్రి ప్రార్థన | Spiritual Warfare Series | Day 852 | Apo Dr AS Ranjeet Ophir
Ra25G5IKNOA,channel,ప్రభువా! నే నిన్ను నమ్మి | Prabhuva Ne Ninnu Nammi | Ranjith Ophir Songs
j5a2_px36Sk,channel,06-Sep-2024 | సంపూర్ణ రాత్రి ప్రార్థన | Spiritual Warfare Series | Day 851 | Apo Dr AS Ranjeet Ophir
qquhP1JZz10,channel,05-Sep-2024 | Apo Dr AS Ranjeet Ophir Speaks on Middle East Crisis | Ophir Ministries International
vHkRKnb6Z_U,channel,"05-Sep-2024 | 9th Anniversary Celebrations of AFGC Pendurthi | Vizag, AP | Apo Dr AS Ranjeet Ophir"
NKYotsIiNOQ,channel,05-Sep-2024 | Felicitation of Apo Dr AS Ranjeet Ophir | Teachers Day Celebrations | Ophir Ministries
APQiC0vjGK0,channel,05-Sep-2024 | సంపూర్ణ రాత్రి ప్రార్థన | Spiritual Warfare Series | Day 850 | Apo Dr AS Ranjeet Ophir
PJQYWIKWAz4,channel,04-Sep-2024 | సంపూర్ణ రాత్రి ప్రార్థన | Spiritual Warfare Series | Day 849 | Apo Dr AS Ranjeet Ophir
JD4tGolhLnU,channel,03-Sep-2024 | సంపూర్ణ రాత్రి ప్రార్థన | Spiritual Warfare Series | Day 848 | Apo Dr AS Ranjeet Ophir
00xbR9TJrFI,channel,01- Sep - 2024 | Sunday Service | Second Message | Central Church | Apo Dr AS Ranjeet Ophir
UIlFK-89m_w,channel,01- Sep - 2024 | Sunday Service | Second Message | Central Church | Apo Dr AS Ranjeet Ophir
1vM1EgOto8A,channel,క్షీరసాగర మధనం - Episode 199 | అపొ డా ఓఫీర్ గారితో ప్రశ్నోత్తరి | 30-Aug-2024
6C_4KBNvDz8,channel,31-Aug-2024 | సంపూర్ణ రాత్రి ప్రార్థన | Spiritual Warfare Series | Day 847 | Apo Dr AS Ranjeet Ophir
OXI_fkmx_4M,channel,30-Aug-2024 |  Jessica Grace's Saree Ceremony | Rajendranagar | Apo Dr AS Ranjeet Ophir
F_GNDbPao7A,channel,క్షీరసాగర మధనం - Episode 198 | అపొ డా ఓఫీర్ గారితో ప్రశ్నోత్తరి | 23-Aug-2024
XlQGCij-w6M,channel,29-Aug-2024 |  ఉపవాస ఉజ్జీవ ప్రార్థన పండుగలు! | Apo Dr AS Ranjeet Ophir
__hIwKrlBKo,channel,29-Aug-2024 |  ఉపవాస ఉజ్జీవ ప్రార్థన పండుగలు! | Apo Dr AS Ranjeet Ophir
ow8ZrKW6U6g,channel,28-Aug-2024 | దైవిక ప్రేయర్ హౌస్ | ఊలపల్లి  |  తూర్పుగోదావరి జిల్లా  | Apo Dr AS Ranjeet Ophir
nwVrt8C0Ry0,channel,28-Aug-2024 | దైవిక ప్రేయర్ హౌస్ | ఊలపల్లి  |  తూర్పుగోదావరి జిల్లా  | Apo Dr AS Ranjeet Ophir
rIlFD3oHDHM,channel,28-Aug-2024 |  ఉపవాస ఉజ్జీవ ప్రార్థన పండుగలు! నామవరం | Apo Dr AS Ranjeet Ophir
uAc47xx5zoU,channel,27-Aug-2024 | దైవిక ప్రేయర్ హౌస్ | ఊలపల్లి  |  తూర్పుగోదావరి జిల్లా  | Apo Dr AS Ranjeet Ophir
PmiLAnLEn44,channel,26-Aug-2024 | సంపూర్ణ రాత్రి ప్రార్థన | Spiritual Warfare Series | Day 846 | Apo Dr AS Ranjeet Ophir
hdkU6oam8O4,channel,25-Aug-2024 | Sunday Service | Second Message | Central Church | Apo Dr AS Ranjeet Ophir
x9LqsQ-uGYA,channel,25-Aug-2024 | Sunday Service | First Message | Malkajgiri Church | Apo Dr AS Ranjeet Ophir
d7lQP_dHd_k,channel,25-Aug-2024 | Sunday Service | Second Message | Centarl Church | Apo Dr AS Ranjeet Ophir
vRA3USKQHz0,channel,23-Aug-2024 | Late Sri Noble Runjala's 57th Birth Anniversary | IPBP Hyderabad
ALROiId-CFY,channel,23-Aug-2024 | సంపూర్ణ రాత్రి ప్రార్థన | Spiritual Warfare Series | Day 845 | Apo Dr AS Ranjeet Ophir
UG9VuFZPzQA,channel,21-Aug-2024 | సంపూర్ణ రాత్రి ప్రార్థన | Spiritual Warfare Series | Day 844 | Apo Dr AS Ranjeet Ophir
Kf2JvDNwSCE,channel,"24-Jul-2024 | Ordained Ministers Conference | North Andhra, Vizag | Ophir Ministries Andhra Pradesh"
-ILmmV78iNo,channel,23-July-2024 |సత్య సంస్థాపన సభ | విశాఖపట్నం | Apostle Dr AS Ranjeet Ophir
4YIjKSboPV8,channel,18-Aug-2024 |  Sunday Service | Second Message | Central Church | Apostle Dr AS Ranjeet Ophir
p5KG2sZ01W0,channel,18-Aug-2024 |  Sunday Service | Second Message | Central Church | Apostle Dr AS Ranjeet Ophir
uJ0M6i7hQQ4,channel,Inauguration of Logo | Bro William Carey's Studio | 18-Aug-2024
Xo0OZ2-cXvg,channel,17-Aug-2024 | ఉత్తరాంధ్ర సేవకుల సదస్సు! సందేశం! | AFGC పాయకారావు పేట! | అనకాపల్లి జిల్లా
rxS3Ej6V2lc,channel,"15 Aug 2024 78th Independence Day Agape Church Grounds, Hyderabad"
N44ksqRoEsk,channel,17-Aug-2024 | ఉత్తరాంధ్ర సేవకుల సదస్సు!  ! AFGC పాయకారావు పేట! అనకాపల్లి జిల్లా
ujMD3ZizX6c,channel,16-Aug-2024 | ఆశీర్వాద కరమైన ఒక రోజు! AFGC పాయకారావు పేట! అనకాపల్లి జిల్లా
zEqq0T-TCyE,channel,"16-Aug-2024 | కామేశ్వర కుమార్, సునీత వివాహము   అనకాపల్లి జిల్లా"
KflQsqacW6s,channel,"15-Aug-2024 | 78th Independence Day Celebrations | Agape Church Grounds, Hyderabad"
oRpcKUcEVps,channel,14-Aug-2024 | సంపూర్ణ రాత్రి ప్రార్థన | Spiritual Warfare Series | Day 843 | Apo Dr AS Ranjeet Ophir
7GX1zzCR-58,channel,13-Aug-2024 | సంపూర్ణ రాత్రి ప్రార్థన | Spiritual Warfare Series | Day 842 | Apo Dr AS Ranjeet Ophir
ZLoGbUPVB6Y,channel,క్షీరసాగర మధనం - Episode 197 | అపొ డా ఓఫీర్ గారితో ప్రశ్నోత్తరి | 09-Aug-2024
J-zmniv9xzs,channel,12-Aug-2024 | సంపూర్ణ రాత్రి ప్రార్థన | Spiritual Warfare Series | Day 841 | Apo Dr AS Ranjeet Ophir
eNJDj-61o4s,channel,11-Aug-2024 | Sunday Service | Second Message | Centarl Church | Apo Dr AS Ranjeet Ophir
sFRNXwyF4V0,channel,11-Aug-2024 | Sunday Service | First Message | Malkajgiri Church | Apo Dr AS Ranjeet Ophir
fJo0RkUeYh0,channel,11-Aug-2024 | Sunday Service | Second Message | Centarl Church | Apo Dr AS Ranjeet Ophir
yuHDAjiJ9jE,channel,10-Aug-2024 | Ophir Ministries Out Reach | AFGC medchal చర్చి 5వ వార్షికోత్సవం| Dr AS Ranjeet Ophir
ZsblFMu0-j0,channel,10-Aug-2024 | సంపూర్ణ రాత్రి ప్రార్థన | Spiritual Warfare Series | Day 840 | Apo Dr AS Ranjeet Ophir
X2BHP8B58lQ,channel,07-Aug-2024 | గుమ్మడి పినేహాస్ కృపారాజ్ బర్త్ డే సెలెబ్రేషన్స్ | సందేశం!  రాజేంద్రనగర్
Sq1hvo2VISU,channel,07-Aug-2024 |గుమ్మడి పినేహాస్ కృపారాజ్ బర్త్ డే సెలెబ్రేషన్స్ రాజేంద్రనగర్
JZqQgUXfEKc,channel,09-Aug-2024 | సంపూర్ణ రాత్రి ప్రార్థన | Spiritual Warfare Series | Day 839 | Apo Dr AS Ranjeet Ophir
uIc1AtFUHXc,channel,08-Aug-2024 | సంపూర్ణ రాత్రి ప్రార్థన | Spiritual Warfare Series | Day 838 | Apo Dr AS Ranjeet Ophir
DsO58NzZBek,channel,06-Aug-2024 | Youth Meeting | Apo Dr AS Ranjeet Ophir
2h0-S7AWHjk,channel,05-Aug-2024 |OM Telangana State | Pastors Conference | Central Church | Apo Dr AS Ranjeet Ophir
7S6vTjlviL8,channel,04-Aug-2024 | Sunday Service | Second Message | Central Church | Apostle Dr AS Ranjeet Ophir
HRy94MmiQaA,channel,31-Jul-2024 | AFGC మందిర ప్రతిష్ట ! సందేశం! బెంగళూరు | కర్ణాటక | Ophir Ministries
wUTQfXtc4D8,channel,04-Aug-2024 | Sunday Service | Second Message | Central Church | Apostle Dr AS Ranjeet Ophir
ju41xT0VSDQ,channel,04-Aug-2024 | Sunday Service | First Message | Central Church | Apostle Dr AS Ranjeet Ophir
b_NOR8ilDbI,channel,02-Aug-2024 | DrJacob |Weds | Dr Merlin | Kadapa| Wedding ceremony | Ophir Ministries
HtLIHOvCkVk,channel,31-Jul-2024 |AFGC బెంగళూరు One Blessd Evening
-k4LNB4Zol4,channel,31-Jul-2024 | AFGC మందిర ప్రతిష్ట&గృహప్రవేశ మహోత్సవం ! బెంగళూరు | కర్ణాటక | Ophir Ministris
hpGSjfpUf0I,channel,31-Jul-2024 |AFGC బెంగళూరు లో సువార్తికులుగా అపో రంజిత్ ఓఫిర్ గారితో అభిషేక  కార్యక్రమం!! !
fRTLyH0gye0,channel,31-Jul-2024 | AFGC మందిర ప్రతిష్ట&గృహప్రవేశ మహోత్సవం ! బెంగళూరు | కర్ణాటక | Ophir Ministris
PnIfNRj9ZBA,channel,31-Jul-2024 |AFGC బెంగళూరు
SP4OV88lAF4,channel,30-Jul-2024 | సంపూర్ణ రాత్రి ప్రార్థన | Spiritual Warfare Series | Day 837 | Apo Dr AS Ranjeet Ophir
Tkdul_DjzME,channel,27-Jul-2024 | సంపూర్ణ రాత్రి ప్రార్థన | Spiritual Warfare Series | Day 835 | Apo Dr AS Ranjeet Ophir
m8m-MpvC5Ho,channel,క్షీరసాగర మధనం - Episode 196 | అపొ డా ఓఫీర్ గారితో ప్రశ్నోత్తరి | 26-Jul-2024
RdbJpwHD_VM,channel,29-Jul-2024 | శ్రీమతి అమృతమ్మ గారి జ్ఞాపకార్ధ కూడిక! | Apo Dr AS Ranjeet Ophir
Hc_3_DDuUt0,channel,29-Jul-2024 | సంపూర్ణ రాత్రి ప్రార్థన | Spiritual Warfare Series | Day 836 | Apo Dr AS Ranjeet Ophir
hmRtk-Ufy6A,channel,నీతిమంతులు తమాల వృక్షమువలె | Ranjith Ophir Songs | Ophir Ministries
IRACPdXoy9A,channel,28-Jul-2024 | Zenus Kotthapally's 60th Birthday Celebrations
eksLZQeONcY,channel,28-Jul-2024 | Sunday Service | First Message | Malkajgiri Church | Apo Dr AS Ranjeet Ophir
Acho1uFr3fU,channel,28-Jul-2024 | Sunday Service | Second Message | Central Church | Apostle Dr AS Ranjeet Ophir
7DLyNpev5jw,channel,28-Jul-2024 | Sunday Service | Second Message | Central Church | Apostle Dr AS Ranjeet Ophir
eHNxO1foDW8,channel,దేవుడు యాక్సిడెంట్లో  ప్రాణాలు కాపాడిన దైవజనుల సాక్ష్యము
ZvQa72yZLbg,channel,క్షీరసాగర మధనం - Episode 195 | అపొ డా ఓఫీర్ గారితో ప్రశ్నోత్తరి | 19-Jul-2024
CKfewwQ8R4Y,channel,22-Jul-2024 | Thanks Giving Prayer | Himabindu & Jeevan's Residence  | Apostle Dr AS Ranjeet Ophir
GGFzByJLsEc,channel,21-Jul-2024 | Sunday Service | Second Message | Central Church | Apostle Dr AS Ranjeet Ophir
TnIRH-MZOtc,channel,21-Jul-2024 | Sunday Service | First Message | Central Church | Apostle Dr AS Ranjeet Ophir
e906jMGx5MM,channel,19-Jul-2024 | సంపూర్ణ రాత్రి ప్రార్థన | Spiritual Warfare Series | Day 834 | Apo Dr AS Ranjeet Ophir
3UHGn3Ip2nI,channel,18-Jul-2024 | Advitiya Hannah Joylin's 1st Birthday Celebrations | Central Church | Ophir Ministries
jpZZTeTZb9I,channel,18-Jul-2024 | Advitiya Hannah Joylin's 1st Birthday Celebrations | Central Church | Ophir Ministries
uS-ex89Jq4Q,channel,17-July-2024 | కృతజ్ఞత కూడిక! | నెల్లూరు | Apostle Dr A S Ranjeet Ophir
rkiOuq8KND4,channel,17-July-2024 | కృతజ్ఞత కూడిక! |  | Apostle Dr A S Ranjeet Ophir
p2ZCCC4qi-A,channel,15-Jul-2024 | సంపూర్ణ రాత్రి ప్రార్థన | Spiritual Warfare Series | Day 833 | Apo Dr AS Ranjeet Ophir
o1FTpmmCjac,channel,16-July-2024 | ఓఫీర్ మినిస్ట్రీస్ | అభిషిక్త సేవకుల సదస్సు | గుంటూరు | Apostle Dr A S Ranjeet Ophir
O0hu5SW9VOk,channel,16-July-2024 | ఓఫీర్ మినిస్ట్రీస్ | అభిషిక్త సేవకుల సదస్సు | గుంటూరు | Apostle Dr A S Ranjeet Ophir
tWHa8pr_T1g,channel,క్షీరసాగర మధనం - Episode 194 | అపొ డా ఓఫీర్ గారితో ప్రశ్నోత్తరి | 12-Jul-2024
NC3bvwUmoc0,channel,16-July-2024 | ఓఫీర్ మినిస్ట్రీస్ | అభిషిక్త సేవకుల సదస్సు | గుంటూరు | Apostle Dr A S Ranjeet Ophir
wXonDNx9T-M,channel,14-Jul-2024 | Sunday Service | Second Message | Central Church | Apostle Dr A S Ranjeet Ophir
tYAWfBR-qcE,channel,14-Jul-2024 | Sunday Service | First Message | Malkajgiri Church | Apo Dr AS Ranjeet Ophir
bptIfB2__7A,channel,13-Jul-2024 | సంపూర్ణ రాత్రి ప్రార్థన | Spiritual Warfare Series | Day 832 | Apo Dr AS Ranjeet Ophir
qYY4JDlTEMU,channel,క్షీరసాగర మధనం - Episode 193 | అపొ డా ఓఫీర్ గారితో ప్రశ్నోత్తరి | 05-Jul-2024
6kfG4lVS2jk,channel,క్షీరసాగర మధనం - Episode 192 | అపొ డా ఓఫీర్ గారితో ప్రశ్నోత్తరి | 28-Jun-2024
hJod9YK2vYY,channel,క్షీరసాగర మధనం - Episode 191 | అపొ డా ఓఫీర్ గారితో ప్రశ్నోత్తరి | 21-Jun-2024
ukzuQDE2wY8,channel,10-July-2024 | Ophir Ministries |  Out Reach Prayer | Suraram | Apostle Dr A S Ranjeet Ophir
cys9zbIC6Sk,channel,10-Jul-2024 | Thanks Giving Prayer | Camera Kiran & Family | Apo A S Ranjeet Ophir
-xTAtj8AT6Y,channel,10-Jul-2024 | సంపూర్ణ రాత్రి ప్రార్థన | Spiritual Warfare Series | Day 831 | Apo Dr AS Ranjeet Ophir
VBizsBJX1EM,channel,05-July-2024 | Pas Yesudas &Baby Kumari 30th Wedding Anniversary Celebration
7KM8gQekxr4,channel,09-Jul-2024 | సంపూర్ణ రాత్రి ప్రార్థన | Spiritual Warfare Series | Day 830 | Apo Dr AS Ranjeet Ophir
Om4I__KXo9A,channel,"07-Jul-2024 | Praise, Worship & Prayer | Central Church | Apostle Dr A S Ranjeet Ophir"
lAbPwlFS7Go,channel,ఓఫీర్ గారిని గూర్చి యథార్థవంతులైన దైవజనుల సాక్ష్యం!! | Ophir Ministries
-6k2oHeCiPo,channel,07-Jul-2024 | Sunday Service | Second Message | Central Church | Apostle Dr A S Ranjeet Ophir
CJ8fb7nxxQo,channel,07-Jul-2024 | Sunday Service | First Message | Central Church | Apostle Dr A S Ranjeet Ophir
NzY-eEDVd8k,channel,05-Jul-2024 | OM Telangana State | Pastors Conference | Central Church | Apo Dr AS Ranjeet Ophir
nOQicWoC3oQ,channel,05-Jul-2024 | OM Telangana State | Pastors Conference | Central Church | Apo Dr AS Ranjeet Ophir
-d__a5jLkCs,channel,05-Jul-2024 | సంపూర్ణ రాత్రి ప్రార్థన | Spiritual Warfare Series | Day 829 | Apo Dr AS Ranjeet Ophir
I_6Ye0hDz6Y,channel,03-Jul-2024 | Morning Meditation | Day 1200 | Yesukreesthu Krupanidhi Ministries
6AaMJGDxlZc,channel,03-Jul-2024 | సంపూర్ణ రాత్రి ప్రార్థన | Spiritual Warfare Series | Day 828 | Apo Dr AS Ranjeet Ophir
nqIoJlZggtU,channel,02-Jul-2024 | సంపూర్ణ రాత్రి ప్రార్థన | Spiritual Warfare Series | Day 827 | Apo Dr AS Ranjeet Ophir
CW6rd0pnbG0,channel,శిక్షణలో విశ్వన్యాయమూర్తులు!! | Sunday Service | Second Message | Apo Dr Ranjeet Ophir | 30-Jun-2024
OM5GoxZRNcQ,channel,యుద్ధవీరుల శ్రమదినం! | Intercessory Prayer | Central Church | Apo Dr AS Ranjeet Ophir | 29-Jun-2024
T48YZQaDGPI,channel,26-Jun-2024 | ఉత్తరాంధ్ర జోన్-1 అభిషిక్త సేవకుల సదస్సు! గుజ్జంగి వలస
vjdjEdYoTRQ,channel,29-Jun-2024 | సంపూర్ణ రాత్రి ప్రార్థన | Spiritual Warfare Series | Day 826 | Apo Dr AS Ranjeet Ophir
CbxTZyLse2g,channel,28-Jun-2024 | సంపూర్ణ రాత్రి ప్రార్థన | Spiritual Warfare Series | Day 825 | Apo Dr AS Ranjeet Ophir
_5f9Zp8MXik,channel,25-Jun-2024 |Dr BR అంబేద్కర్ విగ్రహ ఆవిష్కరణ  శ్రీకాకుళం ! |  Dr AS Ranjeet Ophir
4sFguOAKLxc,channel,25-Jun-2024 |Dr BR అంబేద్కర్ విగ్రహ ఆవిష్కరణ  శ్రీకాకుళం ! |  Dr AS Ranjeet Ophir
zFjYF7VcCGQ,channel,25-Jun-2024 |Dr BR అంబేధ్కర్ విగ్రహ ఆవిష్కరణ  శ్రీకాకుళం ! |  Dr AS Ranjeet Ophir
pjRYnkCgc4Q,channel,23-Jun-2024 | Sunday Service | First Message | Malkajgiri Church | Apo Dr AS Ranjeet Ophir
MN9LntrbPIQ,channel,24-Jun-2024 | సంపూర్ణ రాత్రి ప్రార్థన | Spiritual Warfare Series | Day 824 | Apo Dr AS Ranjeet Ophir
4WvIfteERKo,channel,23-Jun-2024 | Testimony & Ordination Ceremony of Bro Prabath Kumar | Jammu & Kashmir
2O5MIwvFJE8,channel,23-Jun-2024 | Sunday Service | Second Message | Central Church | Apo Dr AS Ranjeet Ophir
nmSiNgvPrME,channel,22-Jun-2024 | సంపూర్ణ రాత్రి ప్రార్థన | Spiritual Warfare Series | Day 823 | Apo Dr AS Ranjeet Ophir
l6IS_o_J1BQ,channel,21-Jun-2024 | సంపూర్ణ రాత్రి ప్రార్థన | Spiritual Warfare Series | Day 822 | Apo Dr AS Ranjeet Ophir
ZyHIlE0kIQU,channel,క్షీరసాగర మధనం - Episode 190 | అపొ డా ఓఫీర్ గారితో ప్రశ్నోత్తరి | 14-Jun-2024
TZL_cJ2deIk,channel,క్షీరసాగర మధనం - Episode 189 | అపొ డా ఓఫీర్ గారితో ప్రశ్నోత్తరి | 07-Jun-2024
Uk0O6_i8U0Q,channel,20-Jun-2024 | సంపూర్ణ రాత్రి ప్రార్థన | Spiritual Warfare Series | Day 821 | Apo Dr AS Ranjeet Ophir
FqcluLEkYqA,channel,19-Jun-2024 | సంపూర్ణ రాత్రి ప్రార్థన | Spiritual Warfare Series | Day 820 | Apo Dr AS Ranjeet Ophir
4fhXtKccf1w,channel,16-Jun-2024 | Sunday Service | Second Message | Central Church | Apostle Dr AS Ranjeet Ophir
KDsYcqBu8ag,channel,16-Jun-2024 | Sunday Service | First Message | Central Church | Apostle Dr AS Ranjeet Ophir
yq46zIdOnd8,channel,"12-Jun-2024 | Ordained Ministers Conference, TS | Hyderabad | Apostle Dr A S Ranjeet Ophir"
q0_ZxR13KSI,channel,15-Jun-2024 | Day 2 | 1st Session | Fasting Prayer | Central Church | Apo Dr A S Ranjeet Ophir
KgVnDRA7-hU,channel,15-Jun-2024 | Day 2 | 2nd Session | Fasting Prayer | Central Church | Apo Dr A S Ranjeet Ophir
GzHWVL--pKY,channel,14-Jun-2024 | Fasting Prayer | Central Church | Apo Dr A S Ranjeet Ophir
glSLS5kptME,channel,14-Jun-2024 | Fasting Prayer | Central Church | Apo Dr A S Ranjeet Ophir
BoylLq9btqA,channel,06-04-2024 | రాజీవ్  గాంధీ నగర్ | గృహప్రవేశం | Ophir Ministris
t6RWOp0mikY,channel,02 - 06- 2024 | Sunday Service | Malkajgiri
P_PWFH0ufF4,channel,09-05-2024 | OMI | PF Mancheriala | Ophir Ministries
7sA2bpG8aXU,channel,09-Jun-2024 | Sunday Service AFGC | First message | Ophir Ministers
dVIZKR7rHbg,channel,09-Jun-2024 | Sunday Service | Second message | Ophir Ministers
Yme2DoePVKM,channel,07-Jun-2024 | Revival & Deliverence Meeting | CJC Life Global Mission | Ophir Ministers | KGF
aGfe-74rgvk,channel,07-Jun-2024 | Pastors and Leaders Conference | CJCLife Global Mission | Ophir Ministers | KGF
VueHMyji9fc,channel,07-Jun-2024 | Pastors and Leaders Conference | CJCLife Global Mission | Ophir Ministers | KGF
BbrVEKC70Ys,channel,06-Jun-2024 |అగాపే ఫుల్ గాస్పల్ చర్చ్ 15 వార్షికోత్సవం | ఆదోని | సందేశం | Apo Dr AS Ranjeet Ophir
qf7s-CsgJ_Y,channel,05-Jun-2024 |అగాపే ఫుల్ గాస్పెల్ చర్చ్ 15 వార్షికోత్సవం ఆదోని | Apo Dr AS Ranjeet Ophir
moiczTS6Kq4,channel,05-Jun-2024 | సంపూర్ణ రాత్రి ప్రార్థన | Spiritual Warfare Series | Day 819 | Apo Dr AS Ranjeet Ophir
D_69GpvCaqY,channel,03-Jun-2024 | సంపూర్ణ రాత్రి ప్రార్థన | Spiritual Warfare Series | Day 818 | Apo Dr AS Ranjeet Ophir
_9vpBo2K_h8,channel,02-Jun-2024 | Sunday Service | Second Message | Central Church | Apostle Dr AS Ranjeet Ophir
18fajI3YGM4,channel,01-Jun-2024 | సంపూర్ణ రాత్రి ప్రార్థన | Spiritual Warfare Series | Day 817 | Apo Dr AS Ranjeet Ophir
eSYMv1yyECE,channel,క్షీరసాగర మధనం - Episode 188 | అపొ డా ఓఫీర్ గారితో ప్రశ్నోత్తరి | 31-May-2024
kyAvecO06OY,channel,30-May-2024 | Abishikth 1st Birthday Celebration | Apo Dr AS Ranjeet Ophir
cakb4yNYTvQ,channel,28-May-2024 | సంపూర్ణ రాత్రి ప్రార్థన | Spiritual Warfare Series | Day 816 | Apo Dr AS Ranjeet Ophir
dgI7ZYi5zjs,channel,27-May-2024 | సంపూర్ణ రాత్రి ప్రార్థన | Spiritual Warfare Series | Day 815 | Apo Dr AS Ranjeet Ophir
o56rWPWedxo,channel,క్షీరసాగర మధనం - Episode 187 | అపొ డా ఓఫీర్ గారితో ప్రశ్నోత్తరి | 24-May-2024
2h1ynHyxcWY,channel,26-May-2024 | Sunday Service | Second Message | Central Church | Apostle Dr AS Ranjeet Ophir
yzDtK_qCokc,channel,26-May-2024 | Sunday Service | First Message | Central Church | Apostle Dr AS Ranjeet Ophir
JeEqiRd0SOk,channel,"అసత్యపు ఆరోపణలతో ఉన్న దూషణకరమైన వీడియోస్ ని, చానల్స్ ని రిపోర్ట్ చేయండి | Dr Ophir's Call For Action"
luOlpVptl7E,channel,ఇహపరములలో నెందు వెదకిన | Yiha Paramulalo Nendhu Vedakina | Ranjith Ophir Songs
xMrANpLp3aw,channel,25-May-2024 | Murikipudi's Wedding Celebrations Vinay weds Sai Siri | Apo Dr AS Ranjeet Ophir
XqpK9SktIrE,channel,24-May-2024 | సంపూర్ణ రాత్రి ప్రార్థన | Spiritual Warfare Series | Day 814 | Apo Dr AS Ranjeet Ophir
jxvPU6_ckc8,channel,19-May-2024 | Sunday Service | First Message | Malkajgiri Church | Apo Dr AS Ranjeet Ophir
jfBbz4zYLo0,channel,కుక్కలు మొరుగుతుండగా దేవుని సన్నిధిలో ఆనందిస్తున్న సింహం రంజిత్ ఓఫీర్!! | Ophir Ministries
lem5aZDCPbQ,channel,కుక్కలు మొరుగుతుండగా దేవుని సన్నిధిలో ఆనందిస్తున్న సింహం రంజిత్ ఓఫీర్!! | Ophir Ministries
6xdCdPRrjsQ,channel,22-May-2024 | సంపూర్ణ రాత్రి ప్రార్థన | Spiritual Warfare Series | Day 813 | Apo Dr AS Ranjeet Ophir
IuNpXTYaCa0,channel,21-May-2024 | సంపూర్ణ రాత్రి ప్రార్థన | Spiritual Warfare Series | Day 812 | Apo Dr AS Ranjeet Ophir
qlaFFMeLDCY,channel,అపో డా ఓఫీర్ గారు అరెస్టు కాలేదు!! | దుష్ప్రచారం నమ్మకండి | Ophir Ministries
LlY-XdXvGtI,channel,19-May-2024 |Sunday Service | Second Message | Central Church | Apostle Dr AS Ranjeet OphirOphir
EHt9p3pcHG4,channel,17-May-2024 | సత్య సువార్త సభ ! AFGC కొండకర్ల శాఖ! | Apo Dr AS Ranjeet Ophir
yLNiJ3a4r1g,channel,17-May-2024 | సత్య సువార్త సభ ! AFGC కొండకర్ల శాఖ! | Apo Dr AS Ranjeet Ophir
tyml4djv4EQ,channel,17-May-2024 | Housewarming Ceremony of Bro Jeevan Prasad | Apostle Dr A S Ranjeet Ophir
U6dIRzf8bkw,channel,16-May-2024 | ఉత్తరాంధ్ర 6 జిల్లాల సేవకుల Ap  స్టేట్ నూతన నియామకాలు! | Apo Dr AS Ranjeet Ophir
tRmjygAa0WU,channel,16-May-2024 | ఉత్తరాంధ్ర 6 జిల్లాల సేవకుల సదస్సు! | Apo Dr AS Ranjeet Ophir
TCttBMoi7Xk,channel,16-May-2024 | ఆశీర్వాదకరమైన ఒక రోజు! | Apo Dr AS Ranjeet Ophir
mrvuzIZuWw0,channel,16-May-2024 | ఆశీర్వాదకరమైన ఒక రోజు! | Apo Dr AS Ranjeet Ophir
-H8GbpLEj34,channel,16-May-2024 | ఆశీర్వాదకరమైన ఒక రోజు! | Apo Dr AS Ranjeet Ophir
cuKMU61kilQ,channel,2వ దిన 24:22 మరియు మత్తయి 23:35 వచనాల్లోని జెకర్యా ఒకరేనా? | Short Messages | Apo Dr A Ranjeet Ophir
jJSbm3f5vhM,channel,ఉపదేశకుడు అనగా ఎవరు? హస్త నిక్షేపణ పొందకుండానే ఉపదేశం చేయవచ్చా? | Short Messages | Apostle Dr Ophir
RuBllM85-OE,channel,వాక్యం బోధించేటప్పుడు సినిమా లోని సంఘటనలు ప్రస్తావించవచ్చా? | Short Messages | Apo Dr Ranjeet Ophir
5Noyapbiv9s,channel,16-May-2024 | 1 | Apo Dr AS Ranjeet Ophir
IabUQQh5UPo,channel,14-May-2024 | సంపూర్ణ రాత్రి ప్రార్థన | Spiritual Warfare Series | Day 811 | Apo Dr AS Ranjeet Ophir
LXa66r3syow,channel,క్షీరసాగర మధనం - Episode 186 | అపొ డా ఓఫీర్ గారితో ప్రశ్నోత్తరి | 03-May-2024
1-T59dd-Wac,channel,12-May-2024 | Sunday Service | Second Message | Central Church | Apostle Dr AS Ranjeet Ophir
XD3swK9c0ms,channel,12-May-2024 | Sunday Service | First Message | Central Church | Apostle Dr AS Ranjeet Ophir
SVqnP0Ih8no,channel,12-May-2024 | Sunday Service | Second Message | Central Church | Apostle Dr AS Ranjeet Ophir
TR43vAVnCsM,channel,10-May-2024 | Agape Full Gospel Church Zaheerabad Branch's 12th Anniversary Celebrations
2nKBuQULs0I,channel,10-May-2024 | Agape Full Gospel Church Zaheerabad Branch's 12th Anniversary Celebrations
esZRSxBjQtw,channel,09-May-2024 | సంపూర్ణ రాత్రి ప్రార్థన | Spiritual Warfare Series | Day 810 | Apo Dr AS Ranjeet Ophir
lOlfIdwsHTQ,channel,05-May-2024 | Sunday Service | First Message | Central Church | Apostle Dr AS Ranjeet Ophir
MlziY_susy8,channel,05-May-2024 | Sunday Service | Second Message | Central Church | Apostle Dr AS Ranjeet Ophir
HbUK2DAA5V8,channel,03-May-2024 | Hima Bindu & Jeevan Babu's Reception
mUMXj8IbEq4,channel,02-May-2024 | Memorial Service of Bro G S Emmanuel | Apostle Dr A S Ranjeet Ophir
-ZpZ7x1SFDo,channel,01-May-2024 | Hima Bindu & Jeevan Babu's Wedding Ceremony
Ee7WgBG9uGg,channel,01-May-2024 | Hima Bindu & Jeevan Babu's Wedding Ceremony
V9QPlSagDPQ,channel,28-Apr-2024 | Certificate Presentation - Teachers & Volunteers | VBS - 2024 | ACE Club
Kxz1srAue3g,channel,28-Apr-2024 | Sunday Service | Second Message | Central Church | Apostle Dr AS Ranjeet Ophir
u2whd-qcxpU,channel,28-Apr-2024 | Certificate Presentation - Teachers & Volunteers | VBS - 2024 | ACE Club
EfnWbTZVdOU,channel,27-Apr-2024 | Valedictory  Function | Day 3 | Vacation Bible School(VBS) - 2024 | ACE Club
uawoFehRm-M,channel,27-Apr-2024 | Day 3 | Session 2 | Vacation Bible School(VBS) - 2024 | ACE Club
bIBpERv2k3c,channel,క్షీరసాగర మధనం - Episode 185 | అపొ డా ఓఫీర్ గారితో ప్రశ్నోత్తరి | 26-Apr-2024
HY9jZ_vJs3Q,channel,27-Apr-2024 | Day 3 | Session 1 | Vacation Bible School(VBS) - 2024 | ACE Club
V3azGlLSm74,channel,27-Apr-2024 | Day 3 | Teacher's Devotion | Vacation Bible School - 2024
LyGqx1tBBng,channel,26-Apr-2024 | Day 2 | Session 2 | Vacation Bible School(VBS) - 2024 | ACE Club
AKB-xUm1o1s,channel,26-Apr-2024 | Day 2 | Session 1 | Vacation Bible School(VBS) - 2024 | ACE Club
IeSc4sMoGZs,channel,26-Apr-2024 | Day 2 | Teacher's Devotion | Vacation Bible School - 2024
cvzTnJ4Rebg,channel,25-Apr-2024 | 19th Anniversary Celebrations of AFGC Thallarevu | Apostle Dr A S Ranjeet Ophir
0vbQgKHhbm0,channel,25-Apr-2024 | Day 1 | Session 1 |  Vacation Bible School - 2024 | ACE Club
h6vzE4MoxgY,channel,25-Apr-2024 | Day 1 | Session 2 | Vacation Bible School - 2024 | ACE Club
m3AulHLnOl4,channel,25-Apr-2024 | Day 1 | Session 1 | Vacation Bible School - 2024 | ACE Club
5whdaIr8BE0,channel,25-Apr-2024 | Day 1 | Teacher's Devotion | Vacation Bible School - 2024
6OzS1Y3IAN0,channel,జై శ్రీరామ్ అనమని బలవంతపెడితే ఏం చేయాలి? | Short Messages | Apostle Dr A S Ranjeet Ophir
M0RYjKXYRVA,channel,హతసాక్షులైనవారు ఏ పునరుత్థానం లో లేపబడతారు? | Short Messages | Apostle Dr A S Ranjeet Ophir
jk3vFFfK-M8,channel,ఆత్మ సంబంధి అనగా? | Short Messages | Apostle Dr A S Ranjeet Ophir
B68aTWF41I0,channel,దేవుడు శారా నవ్వితే ఎందుకు పట్టించుకున్నాడు? | Short Messages | Apo Dr Ranjeet Ophir
kJBSTAPYj7A,channel,ఒక విశ్వాసి రెండు  సంఘాలకి వెళ్తున్నట్లయితే దశమ భాగం ఎక్కడ ఇవ్వాలి? | Short Messages | Dr AS Ophir
M9vDnOcJOXo,channel,నిందారహితులుగా ఉండటం అనగా... | Short Messages | Apostle Dr A S Ranjeet Ophir
2SAHutvSIZQ,channel,సొదొమ పాపమును గూర్చి మొఱ్ఱపెట్టినవారెవరు? | Short Messages | Apostle Dr A S Ranjeet Ophir
Pv2mglxHNds,channel,దేవుడు ఉంటే ఎందుకు కనపడడు? | Short Messages | Dr Ranjeet Ophir
Mor0BF7bNdw,channel,అన్యమత మందిర నిర్మాణాలకు క్రైస్తవులు విరాళాలు ఇవ్వొచ్చా? | Short Messages | Apo Dr A S Ranjeet Ophir
shIFfVdxQ1M,channel,రానున్న లోక్ సభ ఎన్నికలకు IPBP ఎలా సన్నద్ధం అవుతుంది? | Short Messages | Apo Dr AS Ranjeet Ophir
JO2FXf9H8DQ,channel,ఓఫీర్ గారికి అన్ని విషయాల మీద పట్టు ఎలా వచ్చింది? | Short Messages | Apostle Dr A S Ranjeet Ophir
c3ZjrF_2FXI,channel,19-Apr-2024 | Wedding Ceremony of VijayKumar & Barghavi | Word of God | Apostle AS Dr Ranjeet Ophir
eShB_4Pn0-8,channel,క్షీరసాగర మధనం - Episode 184 | అపొ డా ఓఫీర్ గారితో ప్రశ్నోత్తరి | 19-Apr-2024
zZT5GfOkufw,channel,దేవుని పరిచర్యలో ఉండే యవ్వనస్థులకు అతి ప్రాముఖ్యమైన సూచన | Short Messages | Apo Dr AS Ranjeet Ophir
V8dLOhTMiPc,channel,బాల్యములోనే రక్షణ పొందితే కలిగే మేలు!! | Short Messages | Apostle Dr A S Ranjeet Ophir
NbWtllAJH9Y,channel,21-Apr-2024 | Sunday Service | Second Message | Central Church | Apostle Dr AS Ranjeet Ophir
ezPfwUrt3l4,channel,20-Apr-2024 | VBS 2024 | Teachers and Volunteers Meeting | Central Church | Ophir Ministries
McZqmdjgNI4,channel,భక్తి సాధన కోసం గ్రంథ పఠన! | Messages for Youth | యువత కోసం | Apo Dr AS Ranjeet Ophir | 19-Apr-2024
wX90g2vPUmE,channel,19-Apr-2024 | సంపూర్ణ రాత్రి ప్రార్థన | Spiritual Warfare Series | Day 809 | Apo Dr AS Ranjeet Ophir
cYIgCIbqTkQ,channel,17-Apr-2024 | Fasting Prayer for Vacation Bible School (VBS-2024) | ACE Club | Apo A S Ranjeet Ophir
hEctTw0YJV8,channel,17-Apr-2024 | సంపూర్ణ రాత్రి ప్రార్థన | Spiritual Warfare Series | Day 808 | Apo Dr AS Ranjeet Ophir
lT94aGe_kzg,channel,"14-Apr-2024 | Sunday Service | Pas. Satya | Deliverance Ministry,  KGF Banglore"
WtOS4iQTmlo,channel,14-Apr-2024 | Sunday Service | First Message | Malkajgiri Church | Apo Dr AS Ranjeet Ophir
f9MjKHNpX_0,channel,14-Apr-2024 | 11th Anniversary of Malkajgiri Church | Sunday Service | Apo Dr AS Ranjeet Ophir
6NqZccHKzKE,channel,14-Apr-2024 | Sunday Service | Second Message | Central Church | Apo Dr AS Ranjeet Ophir
2A7J6mFm4CE,channel,13-Apr-2024 | Chittakka B’day celebration and thanks giving prayer
p2qObL7idWc,channel,Ordination Ceremony of Bro Ganesh | 11th Anniversary of AFGC Malkajgiri
iYFqwZRWBmQ,channel,క్షీరసాగర మధనం - Episode 183 | అపొ డా ఓఫీర్ గారితో ప్రశ్నోత్తరి | 12-Apr-2024
6qDlCKr1lsc,channel,బ్రద్దలైపోతున్న ఇత్తడి తలుపులు!! | Spiritual Warfare Series | Day 807 | Apo Dr Ophir | 13-Apr-2024
OcnWcWVV5Y0,channel,దేవభక్తి సాధనలో తొలిమెట్టు!! | Messages for Youth | Apo Dr AS Ranjeet Ophir | 12-Apr-2024
an02TpU9DsA,channel,గొధుమలార తస్మాత్ జాగ్రత్త!! | Spiritual Warfare Series | Day 806 | Apo Ranjeet Ophir | 12-Apr-2024
dncr6NMkk_U,channel,క్షీరసాగర మధనం - Episode 182 | అపొ డా ఓఫీర్ గారితో ప్రశ్నోత్తరి | 05-Apr-2024
9EzN9sK1SVA,channel,క్షీరసాగర మధనం - Episode 182 | అపొ డా ఓఫీర్ గారితో ప్రశ్నోత్తరి | 05-Apr-2024
tQKu7yJNbFk,channel,తీర్పు తీర్చే విషయాలలో క్రైస్తవుడి తెలివైన నిర్ణయం! | Short Messages | Apostle Dr A S Ranjeet Ophir
IgRlFji-fpA,channel,ప్రతీ క్రైస్తవునికి ఉండాల్సిన మనస్సు!!
_636rQvWNtE,channel,భక్తిజీవితంలో నిజమైన గెలుపు!! | Short Messages | Apostle Dr A S Ranjeet Ophir
6z0coV6X7Mw,channel,ప్రమాదాలు ఎందుకు జరుగుతాయి?? | Short Messages | Apostle Dr A S Ranjeet Ophir
89Kycb8l_zk,channel,07-Apr-2024 | Sunday Service | First Message | Central Church | Apostle Dr AS Ranjeet Ophir
tUhMIbOku4g,channel,నాకు సాధ్యం కాని పని!!
72k5p0iN174,channel,07-Apr-2024 | Sunday Service | Second Message | Central Church | Apostle Dr AS Ranjeet Ophir
Op7CiA7s-Pw,channel,బాల భక్తులే శ్రేష్ఠ పౌరులు! | Shresta Birthday Celebrations | Apo A S Ranjeet Ophir | 04-Apr-24
wBxq7bKJ0KQ,channel,దేవ విరోధులకు న్యాయం చేద్దాం! | Spiritual Warfare Series | Day 805 | Apo Ranjeet Ophir | 07-Apr-2024
ZQvJnClU3Nk,channel,నురిపిడి మ్రానుగా చేసిన దేవుడు!! | Short Messages | Apostle Dr A S Ranjeet Ophir
Gt-a4Jbl1UY,channel,05-Apr-2024 | Apo Dr Ranjeet Ophir's 65th Birthday Celebrations | Central Church | Ophir Ministries
6THvVwzFJZw,channel,05-Apr-2024 | Apo Dr A S Ranjeet Ophir's 65th Birthday Celebrations | Central Church | AFGC Nizampet
sLqN-0AK8Ok,channel,05-Apr-2024 | Apo Dr A S Ranjeet Ophir's 65th Birthday Celebrations | Central Church | AFGC Nizampet
7CrE6Zo-Mag,channel,05 -Apr-2024 | Blood Donation Camp | Apo Dr A S Ranjeet Ophir's 65th Birthday Celebrations | RKP
uGtP7N3erqs,channel,05-Apr-2024 | Apo Dr Ranjeet Ophir's 65th Birthday Celebrations | Central Church | Ophir Ministries
6p9c9ow0IHI,channel,ఒక ముఖ్య ప్రకటన | Apo Dr AS Ranjeet Ophir's 65th  Birthday Celebrations | Ophir Ministries
D0DUeyfdxj8,channel,03 -Apr-2024 | AFGC నూతన మందిరం & గృహ ప్రతిష్ట మేడ్చల్ ! | Apo Dr AS Ranjeet Ophir
BPqHy9bGk-Y,channel,ఆత్మ శుద్ధికి అవసరమైన సబ్బు!! | Short Messages  | Apostle Dr A S Ranjeet Ophir
brqpiv9azvM,channel,03 -Apr-2024 | AFGC నూతన మందిరం & గృహ ప్రతిష్ట మేడ్చల్ ! | Apo Dr AS Ranjeet Ophir
d-WBbrcfEJ4,channel,03 -Apr-2024 | AFGC నూతన మందిరం & గృహ ప్రతిష్ట మేడ్చల్ ! | Apo Dr AS Ranjeet Ophir
7r7CoZHBy8k,channel,02 -Apr-2024 |  | Apo Dr AS Ranjeet Ophir
H6SIDULX9mI,channel,02 -Apr-2024 |  | Apo Dr AS Ranjeet Ophir
BV-a9QdbDSc,channel,31-Mar-2024 | Easter Sunday Service | Second Message | Central Church | Apo Dr AS Ranjeet Ophir
_IMu0JH_-kQ,channel,31-Mar-2024 | Easter Sunday Service | First Message | Central Church | Apo Dr AS Ranjeet Ophir
JnVxq7c5i4E,channel,31-Mar-2024 | Easter Sunday Service | First Message | Malkajgiri Church | Apo Dr AS Ranjeet Ophir
RtZjJQzsfU4,channel,క్షీరసాగర మధనం - Episode 181 | అపొ డా ఓఫీర్ గారితో ప్రశ్నోత్తరి | 29-Mar-2024
-vFzRXkJRvQ,channel,సిలువ యజ్ఞం వ్యర్థం ఎలా అవుతుంది?? | Spiritual Warfare Series | Day 804 | Apo Dr Ophir | 30-Mar-2024
iX7WMNHq19k,channel,"బిలాము గాడిదను వాడుకున్న దేవుడు, నన్ను వాడుకోడా?? | Short Messages | Apo Dr A S Ranjeet Ophir"
3Jibn-0Wee8,channel,వేదాలను అపహాస్యం చేస్తున్న మూర్ఖులు!! | Good Friday Service | Apo Dr AS Ranjeet Ophir | 29-Mar-2024
O5anf_wzkoE,channel,దేవునికి కావలసిన సంఘం!! | Short Messages | Apostle Dr A S Ranjeet Ophir
gmbyGyQtyUE,channel,అతిగొప్ప పాపం!! | Short Messages | Apostle Dr A S Ranjeet Ophir
-hXoYpEtOP0,channel,దర్శనాన్ని పోగొట్టుకోవద్దు!! | Short Messages | Apostle Dr A S Ranjeet Ophir
YC1mc1CY92g,channel,దర్శనవశులే దేవుని సైన్యం!!  | 44th Divine Visitation Day | Apostle Dr AS Ranjeet Ophir | 27-Mar-2024
Co4W3uJiwR8,channel,క్షీరసాగర మధనం - Episode 180 | అపొ డా ఓఫీర్ గారితో ప్రశ్నోత్తరి | 22-Mar-2024
x9jOI8xO4dY,channel,25-Mar-2024 | Morning Meditation | Day 1100 | Yesu Kreesthu Krupa Nidi Ministries
fNNepJk_EP8,channel,24-Mar-2024 | Palm Sunday Service | Second Message | Central Church | Apostle Dr AS Ranjeet Ophir
B8PoE3xFhz4,channel,Sunday School Kids | Special Medley | Palm Sunday | Central Church | Ophir Ministries | 24-Mar-2024
md4IHSm3WqM,channel,23-Mar-2024 | Rev Dr K J Rufus' First Death Anniversary | Miryalaguda | Ophir Ministries
fRRgn6-3k_w,channel,22-Mar-2024 | 4th Anniversary | AFGC Jagathgirigutta
IsEAefz50Uw,channel,22-Mar-2024 | సంపూర్ణ రాత్రి ప్రార్థన | Spiritual Warfare Series | Day 803 | Apo Dr AS Ranjeet Ophir
6dgtEo6DHLA,channel,21-Mar-2024 | సంపూర్ణ రాత్రి ప్రార్థన | Spiritual Warfare Series | Day 802 | Apo Dr AS Ranjeet Ophir
4nr0meZDE3k,channel,మామా ( మాల మాదిగల ) సమైక్య సమితి మీటింగులో Dr రంజిత్ అన్న సందేశం!
GkEpY4KC_-s,channel,క్షీరసాగర మధనం - Episode 179 | అపొ డా ఓఫీర్ గారితో ప్రశ్నోత్తరి | 15-Mar-2024
GjWW3vesS2E,channel,క్షీరసాగర మధనం - Episode 178 | అపొ డా ఓఫీర్ గారితో ప్రశ్నోత్తరి | 08-Mar-2024
p5R-cuHsPrs,channel,సిద్ధ పురుషులను మించినవాడా యేసు?! | Sunday Service | Second Message | Apo Dr Ophir | 17-Mar-2024
ehvkMwYmbto,channel,15-Mar-2024 | మాన్యశ్రీ కాన్షీరామ్  90వ జయంతి | మామా ( మాల మాదిగల ) సమైక్య సమితి
JBPcfKR_Zn0,channel,15-Mar-2024 | సంపూర్ణ రాత్రి ప్రార్థన | Spiritual Warfare Series | Day 801 | Apo Dr AS Ranjeet Ophir
W-Zbl4_QtLM,channel,13-Mar-2024 | సర్వ సత్య మహాసభలు ! పొదిలి ప్రకాశం జిల్లా Ap  | Ap Dr AS Ranjeet Ophir
sF9yGjTZxlk,channel,13-Mar-2024 | సర్వ సత్య మహాసభలు ! పొదిలి ప్రకాశం జిల్లా Ap  | Ap Dr AS Ranjeet Ophir
LyAzHyx2apg,channel,13-Mar-2024 | సర్వ సత్య మహాసభలు ! పొదిలి ప్రకాశం జిల్లా Ap  | Ap Dr AS Ranjeet Ophir
CW2rqosFaJM,channel,13-Mar-2024 | Bible Study  | Apostle Dr AS Ranjeet Ophir
LGnZ4t_yJUM,channel,12-Mar-2024 | సర్వ సత్య మహాసభలు ! పొదిలి ప్రకాశం జిల్లా Ap  | Apostle Dr AS Ranjeet Ophir
B7FQYVmlpn0,channel,12-Mar-2024 | OMI నూతన మందిర ప్రతిష్ట మహోత్సవం! దర్శి  | Apostle Dr AS Ranjeet Ophir
vX4_J6wGeoE,channel,12-Mar-2024 |   | Apostle Dr AS Ranjeet Ophir
pu48svHh9OU,channel,12-Mar-2024 |  | Apostle Dr AS Ranjeet Ophir
1PLgYzx3M3Y,channel,12-Mar-2024 |  | Apostle Dr AS Ranjeet Ophir
F3vmlyRYZHE,channel,10-Mar-2024 | Sunday Service | Second Message | Central Church | Apostle Dr AS Ranjeet Ophir
8zdzqLgpvLg,channel,నీతిమంతుల ప్రార్థన!! | Spiritual Warfare Series | Day 800 | Apo Dr AS Ranjeet Ophir | 09-Mar-2024
iy1m_3OV1Mg,channel,క్షీరసాగర మధనం - Episode 175 | అపొ డా ఓఫీర్ గారితో ప్రశ్నోత్తరి | 16-Feb-2024
FlaWpLIRjGE,channel,08-Mar-2024 | International Women's Day Celebrations | Central Church | Ophir Ministries
O24WqNxZQfw,channel,మహిళా దినత్సవ సందేశం | International Women's Day | Central Church | Ophir Ministries | 08-Mar-2024
jruCd-_pOTg,channel,"07-Mar-2024 | Ordained Ministers Conference, TS | Hyderabad | Apostle Dr A S Ranjeet Ophir"
t2qZHL9wcg4,channel,క్షీరసాగర మధనం - Episode 177 | అపొ డా ఓఫీర్ గారితో ప్రశ్నోత్తరి | 01-Mar-2024
Dqqny1ihKx0,channel,రాకడ విషయంలో ఏదిదుర్బోధ | Rakada Vishayamulo Edi Durbodha | Ranjith Ophir Audio Messages | 05-Mar-24
SOHgEb-svhQ,channel,04-Mar-2024 | Lazarus & Esther's 25th Anniversary Celebrations | Apo A S Ranjeet Ophir
i3jQqDFO0as,channel,దైవచిత్తములో తుఫానులు | Daiva Chittamulo Tufanulu | Ranjith Ophir Audio Messages | 04-Mar-2024
HamfrFky5_I,channel,"03-Mar-2024 | Neelima weds Uma Mahesh | Wedding Ceremony | AFCG Church Grounds, Nizampet"
hw1Q7e3c2E8,channel,03-Mar-2024 |  | Sunday Service | Central Church | Apostle Dr AS Ranjeet Ophir
y6D88mFEIOU,channel,రక్షణానంద రహస్యం! | Sunday Service | First Message | AFGC Malkajgiri | Apo Dr Ophir | 03-Mar-2024
F8HXs3zFEnI,channel,దేవుని స్వాతంత్ర్యం!! | Sunday Service | Second Message | Apo Dr AS Ranjeet Ophir | 03-Mar-2024
8p6nRTP01Pc,channel,02-Mar-2024 | కడపటి ఏలియా | Kadapati Elia | Ranjith Ophir Audio Messages
8vckAup8e6E,channel,మార్పుకు మూలం దేవుని జోక్యం!! | Spiritual Warfare Series | Day 799 | Apo Dr Ophir | 01-Mar-2024
5IU9ebahojM,channel,01-Mar-24 | సత్యాన్వేషణ ఎందుకు | Satyanveshana Enduku | Ranjith Ophir Audio Messages
YTwtKD9uD5U,channel,28-Feb-2024 | Ophir Ministries AFGC( చిలుకూరు)  దైవసేవకుల సదస్సు | Ap Dr AS Ranjeet Ophir
OYCsn4ZiLqo,channel,27-Feb-2024 | సత్య సువార్త సభ మంగళగిరి విజయవాడ | Ap Dr AS Ranjeet Ophir
PpmTzhJcKVA,channel,26-Feb-2024 |AFGC TSN కాలని (VSP) 23వ వార్షికోత్సవం  | Ap Dr AS Ranjeet Ophir
-yS1PWdjGj4,channel,26-Feb-2024 |AFGC TSN కాలని (VSP) 23వ వార్షికోత్సవం  | Ap Dr AS Ranjeet Ophir
vdlk6PIrH8k,channel,26-Feb-2024 |AFGC TSN కాలని (VSP) 23వ వార్షికోత్సవం  | Ap Dr AS Ranjeet Ophir
k193jC7zzlA,channel,భక్తులు గుర్తించని దేవుడు..!! | Second Message | Sunday Service | Apo Dr Ranjeet Ophir | 25-Feb-2024
2BWEUNr8gPk,channel,"20-Feb-2024 |  Late Mrs. Addanki Soujatha Swamidas's  Centenary Celebrations | KPHB, Hyderabad"
zwcNcAn-hio,channel,"20-Feb-2024 |  Late Mrs. Addanki Soujatha Swamidas's  Centenary Celebrations | KPHB, Hyderabad"
brkkf88N0q8,channel,"20-Feb-2024 |  Late Mrs. Addanki Soujatha Swamidas's  Centenary Celebrations | KPHB, Hyderabad"
tpTg_tqWjbE,channel,19-Feb-2024 |  AFGC నూతన మందిరం ప్రతిష్టా మహోత్సవం! సూది వారి పాలెం. చీరాల| Apo Dr AS Ranjeet Ophir
mzV_l5nvuv0,channel,19-Feb-2024 |  AFGC నూతన మందిరం ప్రతిష్టా మహోత్సవం! సూది వారి పాలెం. చీరాల| Apo Dr AS Ranjeet Ophir
HMjvFBNtXCc,channel,దేవుని యెదుట మన అసలైన అర్హత! | Sunday Service | Second Message | Apo Dr  Ranjeet Ophir | 18-Feb-2024
YCY35fmqJjM,channel,18-Feb-2024 | Second Message | Sunday Service | Central Church | Apostle Dr AS Ranjeet Ophir
9Ptjp9vCUjE,channel,14-Feb-24 | Word of God | Raksheeth's 1st Birthday Celebration's | Mangalgiri | A S Ranjeet Ophir
Yy-BsdcojbI,channel,15-Feb-2024 | Fasting Prayer | Day 2 | Central Church Office | Apostle Dr AS Ranjeet Ophir
G-iK1aNaNuo,channel,14-Feb-24 | Raksheeth's 1st Birthday Celebration's | Mangalgiri
BsroO3U1OrU,channel,14-Feb-24 | Raksheeth's 1st Birthday Celebration's | Mangalgiri
gisS2XMIKYA,channel,10-Feb-24 | Gurram Raj Kumar's House Warming Ceremony | Pragathi Nagar
uBzvZPPIUvU,channel,12-Feb-2024 | Thanks Giving Ceremony | AFGC Rajendra Nagar
GztKWavstME,channel,12-Feb-2024 | Thanks Giving Ceremony | AFGC Rajendra Nagar
g3qfek80FTw,channel,12-Feb-2024 | Women's Fellowship | AFGC Rajendra Nagar | Apo Dr Ranjeet Ophir
qk7PMtTvLKY,channel,భక్తిహీనుల నాశనమే భక్తుల క్షేమం! | Spiritual Warfare Series | Day 798 | Apo Dr  Ophir | 12-Feb-2024
vZ04Z-B_E0E,channel,సంఘ ప్రార్థనలో అనంత శక్తి!! | Second Message | Sunday Service | Apo Dr Ranjeet Ophir | 11-Feb-2024
UncPyaODbbM,channel,క్షీరసాగర మధనం - Episode 174 | అపొ డా ఓఫీర్ గారితో ప్రశ్నోత్తరి | 09-Feb-2024
tHlGETn8_qM,channel,07-Feb-2024 | IPBP ఆంధ్ర ప్రదేశ్ ఎన్నికల శంఖారావం! | Dr Ranjeet Anna
tk_gFKefi9o,channel,06-Feb-2024 |ఆశీర్వాద కరమైన ఒకరోజు  సర్వసత్య మహాసభ ! ఏలూరు ! | Apo Dr AS Ranjeet Ophir
BUsSNdbuAdE,channel,06-Feb-2024 |AFGC  నూతన మందిర ప్రతిష్ట మహోత్సవం! ఏలూరు ! | Apo Dr AS Ranjeet Ophir
z6AMwkR1QLo,channel,06-Feb-2024 |AFGC  నూతన మందిర ప్రతిష్ట మహోత్సవం! ఏలూరు ! | Apo Dr AS Ranjeet Ophir
nsOLEGYxZzc,channel,05-Feb-2024 | అగాపే అభిషిక్త సేవకుల సదస్సు !  నిజాంపేట్ చర్చ్ గ్రౌండ్! | Apo Dr AS Ranjeet Ophir
r9oQ851mcDo,channel,"దైవ జనుడా! నీ దృష్టి దేనిమీద?? | Ordained Ministers Conference, TS | Apo Dr AS Ranjeet Ophir"
aRt5YATIXMY,channel,05-Feb-2024 | అగాపే అభిషిక్త సేవకుల సదస్సు !  నిజాంపేట్ చర్చ్ గ్రౌండ్! | Apo Dr AS Ranjeet Ophir
3AsKAd9uG2Q,channel,దహించని అగ్ని అయిన దేవుడు?? | Sunday Service | Second Message | Apo Dr Ranjeet Ophir | 04-Feb-2024
L9I8tBrMhLY,channel,04-Feb-2024 | Testimony & Ordination Ceremony of Bro Moshe
wKG9MO2e7D4,channel,క్షీరసాగర మధనం - Episode 173 | అపొ డా ఓఫీర్ గారితో ప్రశ్నోత్తరి | 02-Feb-2024
o1SaWl2cvmI,channel,విశ్వమే వ్యాపారమయం!! | Inauguration of Sis Sravani Amal's Boutique | Apo Ranjeet Ophir | 02-Feb-2024
eDKkTVjt1p8,channel,భ్రష్టత్వాన్ని తప్పించుకుందాం! | Sunday Service | First Message | AFGC Malkajgiri | 28-Jan-2024
HTdgNCXIr0k,channel,సరైన ఆరాధన క్రమం..! | Sunday Service | Second Message | Apostle Dr AS Ranjeet Ophir | 28-Jan-2024
K8aORudnWq8,channel,పసిబిడ్డలకు మాత్రమే ప్రవేశం..!! | Sunday Service | First Message  | Apo Ranjeet Ophir | 28-Jan-2024
JaVQZjpbSK4,channel,క్షీరసాగర మధనం - Episode 172 | అపొ డా ఓఫీర్ గారితో ప్రశ్నోత్తరి | 26-Jan-2023
RqTkPkWUk3o,channel,"26-Jan-2024 | 75th Republic Day Celebrations | RKP | Agape Church Grounds, Nizampet"
wcRBkM6jIgo,channel,"26-Jan-2024 | 75th Republic Day Celebrations | RKP | Agape Church Grounds, Nizampet"
GhKaLLe4dtY,channel,సత్య సంబంధుల హక్కు- దీర్ఘాయువు! | Spiritual Warfare Series | Day 797 | Apo Dr Ophir | 26-Jan-2024
HYFcYSQW2IE,channel,భ్రష్టులూ దేవుని పిల్లలే!! | Spiritual Warfare Series | Day 796 | Apo Dr Ranjeet Ophir | 25-Jan-2024
4YaFGRSowbs,channel,వేదన లేని ప్రార్థనలెందుకు?? | Carmel Prayer | Central Church | Apo Dr AS Ranjeet Ophir | 24-Jan-2024
0qoOcKXinqs,channel,21-Jan-2024 | Second Message | Sunday Service | Central Church | Ophir Ministries
OnnrLXkQcew,channel,20-Jan-2024 | Housewarming Ceremony of Bro Chandrashekar | Central Church | Apo Dr AS Ranjeet Ophir
YajXuBRTPRM,channel,క్షీరసాగర మధనం - Episode 171 | అపొ డా ఓఫీర్ గారితో ప్రశ్నోత్తరి | 19-Jan-2023
aFXz6bQRYd0,channel,20-Jan-2024 | సంపూర్ణ రాత్రి ప్రార్థన | Spiritual Warfare Series | Day 795 | Apo Dr AS Ranjeet Ophir
XcgEirw0-mU,channel,నిజమైన ప్రార్థనకు అసలైన ఆరంభం!! | Fasting Prayer | Day 2 | Apostle Dr AS Ranjeet Ophir | 18-Jan-2024
T2C3GNKZOHg,channel,ప్రతి రాత్రి ఒలీవల కొండకు ఎందుకు? | Spiritual Warfare Series | Day 794 | Apo Dr Ophir | 19-Jan-2024
kbasd1R-WHU,channel,ఉపవాస ఉద్యమమే అన్నిటికీ పరిష్కారం! | Fasting Prayer | Day 1 | Apo Dr AS Ranjeet Ophir | 17-Jan-2024
kJ83dcCn8R4,channel,15-Jan-2024 | Sis.Hima Bindu's Engagement Ceremony
B7PI4OwjxF0,channel,15-Jan-2024 | Sis.Hima Bindu's Engagement Ceremony
pdwwsTL6S8g,channel,14-Jan-2024 | Sis.Hima Bindu's Engagement Ceremony
8I0fq68nzYs,channel,Testimony of Mrs Sushma Ravikumar
cui3__bgd_c,channel,ప్రభురాత్రి  భోజన యోగ్యులు..!! | Sunday Service | First Message | Apo Dr Ranjeet Ophir | 14-Jan-2024
iygNoSq2dE8,channel,భక్తిసాధన శిఖరాగ్రం!! | Sunday Service | Second Message | Apostle Dr AS Ranjeet Ophir | 14-Jan-2024
J-1NecEGmWI,channel,క్షీరసాగర మధనం - Episode 170 | అపొ డా ఓఫీర్ గారితో ప్రశ్నోత్తరి | 12-Jan-2023
yawxxIsT6uU,channel,మన అసలైన శత్రువులు..!! | Spiritual Warfare Series | Day 793 | Apo Dr AS Ranjeet Ophir | 12-Jan-2024
TJ-t8osoZec,channel,11-Jan-2024 | Men's Fellowship |  Central Church | Word of God | Apostle Dr AS Ranjeet Ophir
3oMOgtpRhms,channel,విసుకకుండ ఎలా ప్రార్థించాలి!! | Spiritual Warfare Series | Day 792 | Apo Ranjeet Ophir | 10-Jan-2024
UBeNkVACEpU,channel,"కృపను గూర్చియు, న్యాయమును గూర్చియు!! | Spiritual Warfare Series | Day 791 | Apo Ophir | 09-Jan-2024"
Ovu7z_wu-Po,channel,08-Jan-2024 | సంపూర్ణ రాత్రి ప్రార్థన | Spiritual Warfare Series | Day 790 | Apo Dr AS Ranjeet Ophir
s9Ixw0tPvW0,channel,07-Jan-2024 | Testimonies of Sis Veena Agnijwala and Paul Gupta | Central Church | Ophir Ministries
q_njS54o8yA,channel,07-Jan-2024 | AFGC Malkajgiri | Apo Dr AS Ranjeet Ophir
w6GML-cFcv4,channel,07-Jan-2024 | Sunday Service | Central Church | Ophir Ministries
kzPIm0LzDts,channel,07-Jan-2024 | Sunday Service | Central Church | Ophir Ministries
FzSuE7GU5IY,channel,07-Jan-2024 | Sis. Veena Testimony | Central Church | Apostle Dr AS Ranjeet
-CwAmc0bLzk,channel,07-Jan-2024 | సంపూర్ణ రాత్రి ప్రార్థన | Spiritual Warfare Series | Day 789 | Apo Dr AS Ranjeet Ophir
Jj6ozVAbFCI,channel,క్షీరసాగర మధనం - Episode 169 | అపొ డా ఓఫీర్ గారితో ప్రశ్నోత్తరి | 05-Jan-2023
CAJw4JgY6Vc,channel,06-Jan-2024 | Housewarming Ceremony | Word of God | Apostle Dr AS Ranjeet Ophir
-PnaVjT6GSo,channel,06-Jan-2024 | సంపూర్ణ రాత్రి ప్రార్థన | Spiritual Warfare Series | Day 788 | Apo Dr AS Ranjeet Ophir
5570uV4sU68,channel,05-Jan-2024 | తెలంగాణ రాష్ట్ర అభిషిక్త దైవసేవకుల సదస్సు | Apo Dr AS Ranjeet Ophir
vPpVx0bQpiw,channel,ఇబ్బందులు ఎందుకు వస్తాయి?? | Spiritual Warfare Series | Day 787 | Apo Dr Ranjeet Ophir | 04-Jan-2024
tjYt8pSw_ts,channel,దేవుడు జరిగించబోతున్న క్రొత్త సంగతులు! | Spiritual Warfare Series | Day 786 | Dr Ophir | 03-Jan-2024
eFwTLro2abQ,channel,దేవుడిచ్చే చెక్కులు!!
xJwsM_uSfB0,channel,01-Jan-2024 | New Year Service | Central Church | Apostle Dr A S Ranjeet Ophir
kwSG84vi1G8,channel,01-Jan-2024 | New Year Service | Central Church | Apostle Dr A S Ranjeet Ophir
imRaQwWfOq8,channel,31-Dec-2023 | Watch Night Service | Central Church | Apostle Dr A S Ranjeet Ophir
GovQawXGdCU,channel,01-Jan-2024 | Midnight New Year Service | Word of God | Apostle Dr A S Ranjeet Ophir
msZs-5jb8J8,channel,31-Dec-2023 | Watch Night Service | Central Church | Apostle Dr A S Ranjeet Ophir
1R47Nk0w9vk,channel,31-Dec-2023 | Watch Night Service | Central Church | Apostle Dr A S Ranjeet Ophir
B9Z24Q_acQo,channel,31-Dec-2023 | Watch Night Service | Central Church | Apostle Dr A S Ranjeet Ophir
_kOBX9ONxcI,channel,31-Dec-2023 | Sunday Service | Second Message | Central Church | Apostle Dr AS Ranjeet
x6WCcsYNRno,channel,క్షీరసాగర మధనం - Episode 168 | అపొ డా ఓఫీర్ గారితో ప్రశ్నోత్తరి | 29-Dec-2023
3OromtZ0n7Y,channel,జయజీవిత రహస్యం!!
9zvYJ7CI40Y,channel,29-Dec-2023 | సంపూర్ణ రాత్రి ప్రార్థన | Spiritual Warfare Series | Day 785 | Apo Dr AS Ranjeet Ophir
lFvA9FBFIcs,channel,28-Dec-2023 | సంపూర్ణ రాత్రి ప్రార్థన | Spiritual Warfare Series | Day 784 | Apo Dr AS Ranjeet Ophir
w_IupxGETcA,channel,27-12-2023 | అగాపే సెంట్రల్ చర్చ్ | స్త్రీల సమాజ కూట వార్షికోత్సవము
smBpWiyRC9w,channel,27-12-2023 | అగాపే సెంట్రల్ చర్చ్ | స్త్రీల సమాజ కూట వార్షికోత్సవము
Qpxkt8Ffh_0,channel,27-12-2023 | అగాపే సెంట్రల్ చర్చ్ | స్త్రీల సమాజ కూట వార్షికోత్సవము
5BVNx2mOhOg,channel,23-Dec-2023 | Thanksgiving Prayer Meet at Malkajgiri | Word of God | Apostle Dr AS Ranjeet Ophir
rrn52QM6Tjo,channel,"25-Dec-2023 | Christmas Celebrations | Devender Nagar,  Gajula Ramaram"
d0_yEE5wzLs,channel,25-Dec-2023 | Satyam Heights Christmas Celebrations | Apostle Dr AS Ranjeet Ophir
-iaGHi9k0CY,channel,25-Dec-2023 | Christmas Worship Service | AFGC Malkajgiri | Apostle Dr AS Ranjeet Ophir
8zzkXjVTZ08,channel,25-Dec-2023 | Satyam Heights Christmas Celebrations | Apostle Dr AS Ranjeet Ophir
0FR6RQCpos8,channel,25-Dec-2023 | Christmas Worship Service | Central Church | Apostle Dr AS Ranjeet Ophir
xn8mNWoxRww,channel,24-Dec-2023 | Sunday Service | Second Message | Central Church | Apostle Dr AS Ranjeet OphirOphir
6Ou0T07r3g4,channel,24-Dec-2023 | Sunday Service | Second Message | Central Church | Apostle Dr AS Ranjeet OphirOphir
-9-N0uHwiI0,channel,Pre-Christmas Bonfire | Central Church | Ophir Ministries Hyderabad
-O8IHBNzj3g,channel,22-Dec-2023 | Mega Christmas Celebrations | KPHB Community Hall | Hyderabad
_Xh4h-63rd4,channel,22-Dec-2023 | Mega Christmas Celebrations | KPHB Community Hall | Hyderabad
xATj0cMYAtw,channel,22-Dec-2023 | సంపూర్ణ రాత్రి ప్రార్థన | Spiritual Warfare Series | Day 783 | Apo Dr AS Ranjeet Ophir
rhrBptSDy6c,channel,Semi-Christmas Celebrations | Ophir Ministries Hindi Service | Hyderabad | Apo Dr AS Ranjeet Ophir
wi7KKXf79Gw,channel,21-Dec-2023 | Bro యేసు బాబు గారి గృహంలో స్త్రీల సమాజ స్తుతి కూటం
CV0rMH5fRXs,channel,20-Dec-2023 | Christmas Celebrations | AFGC Jagathgirigutta | Ophir Ministries
u6F1LIETl74,channel,20-Dec-2023 | Christmas Celebrations | AFGC Jagathgirigutta
K5x4u-HOvb4,channel,20-Dec-2023 | సంపూర్ణ రాత్రి ప్రార్థన | Spiritual Warfare Series | Day 782 | Apo Dr AS Ranjeet Ophir
L4CZiBP7BTE,channel,Weaning Ceremony of Ajaiy & Sulakshyna's Daughter | Central Church | Ophir Ministries | 14-Dec-2023
Ge0Hbf8LeK4,channel,17-Dec-2023 | Grand Christmas Celebrations | AFGC Malkajgiri | Secunderabad | Ophir Ministries
3XI6sgcPsqU,channel,17-Dec-2023 | Grand Christmas Celebrations | AFGC Malkajgiri | Secunderabad | Ophir Ministries
yaSWHwfcRvs,channel,17-Dec-2023 | Sunday Service | Second Message | Central Church | Apostle Dr AS Ranjeet Ophir
QZjLNWNlimM,channel,Ophir Ministries Calendar 2024 | Inauguration | Central Church | Apo Dr Ranjeet Ophir | 17-Dec-2023
xpoaKaWQDZs,channel,17-Dec-2023 | సంపూర్ణ రాత్రి ప్రార్థన | Spiritual Warfare Series | Day 781 | Apo Dr AS Ranjeet Ophir
nrOa5DYTSFo,channel,క్షీరసాగర మధనం - Episode 167 | అపొ డా ఓఫీర్ గారితో ప్రశ్నోత్తరి | 15-Dec-2023
ErK2oN9hS2Q,channel,నీతి సూర్యునికి నమస్కరిద్దాం!! | Morning Meditation | Day 1000 | Yesu Kreesthu Krupanidhi Ministries
vJa6YmbKwJg,channel,16-Dec-2023 | సంపూర్ణ రాత్రి ప్రార్థన | Spiritual Warfare Series | Day 780 | Apo Dr AS Ranjeet Ophir
xNlTfVythPY,channel,15-Dec-2023 | సంపూర్ణ రాత్రి ప్రార్థన | Spiritual Warfare Series | Day 779 | Apo Dr AS Ranjeet Ophir
PHmgprqBYNk,channel,14-Dec-2023 | సంపూర్ణ రాత్రి ప్రార్థన | Spiritual Warfare Series | Day 778 | Apo Dr AS Ranjeet Ophir
jN-I8eVD3H8,channel,దుఃఖంలో ధన్యత పుస్తక ఆవిష్కరణ | Pastor Issak | Ophir Ministries | 08-Dec-2023
UlrKEj6ECYk,channel,William Carey's Birthday Celebrations | Central Church | Apostle Dr A S Ranjeet Ophir | 11-Dec-2023
scr6Sif_kPQ,channel,12-Dec-2023 | సంపూర్ణ రాత్రి ప్రార్థన | Spiritual Warfare Series | Day 777 | Apo Dr AS Ranjeet Ophir
YR3ftKJdoQw,channel,11-Dec-2023 | India Praja Bandhu Party Meet
WoHphhK-5us,channel,క్షీరసాగర మధనం - Episode 166 | అపొ డా ఓఫీర్ గారితో ప్రశ్నోత్తరి | 08-Dec-2023
JAyFaxmm8TI,channel,09-Dec-2023 | సంపూర్ణ రాత్రి ప్రార్థన | Spiritual Warfare Series | Day 776 | Apo Dr AS Ranjeet Ophir
6_j2THRu5SU,channel,జల్లెడ పడుతున్న ఓఫీర్ గారు!!
A0VSKhy0hNo,channel,08-Dec-2023 | Housewarming Ceremony of Bro Stephen Nizamabad | Apostle Dr AS Ranjeet Ophir
rrwDTwKSkQI,channel,08-Dec-2023 | సంపూర్ణ రాత్రి ప్రార్థన | Spiritual Warfare Series | Day 775 | Apo Dr AS Ranjeet Ophir
GyQf5yg_-Kc,channel,06-Dec-2023 | సంపూర్ణ రాత్రి ప్రార్థన | Spiritual Warfare Series | Day 774 | Apo Dr AS Ranjeet Ophir
3QQwNTeuBIo,channel,05-Dec-2023 | పాస్టర్. మద్దెల అరుణ్ కుమార్ గారి | షష్టిపూర్తి మహోత్సవం | నిజామాబాద్
FMhoX7FuuOU,channel,05-Dec-2023 | పాస్టర్. మద్దెల అరుణ్ కుమార్ గారి | షష్టిపూర్తి మహోత్సవం | నిజామాబాద్
Z5kH-e4aLQI,channel,05-Dec-2023 | సంపూర్ణ రాత్రి ప్రార్థన | Spiritual Warfare Series | Day 773 | Apo Dr AS Ranjeet Ophir
azVchjUbVN4,channel,05-Dec-2023 | పాస్టర్. మద్దెల అరుణ్ కుమార్ గారి | షష్టిపూర్తి మహోత్సవం | నిజామాబాద్
eIoJlP5aIyU,channel,"యేసయ్య పాట , ఓఫిర్ దండు నోట ! (సెంట్రల్ చర్చ్) No 8"
LW8dVkQYSEA,channel,03-Dec-2023 | Sunday Service | Second Message | Central Church | Apostle Dr AS Ranjeet Ophir
V10ygCQ113U,channel,04-Dec-2023 | సంపూర్ణ రాత్రి ప్రార్థన | Spiritual Warfare Series | Day 772 | Apo Dr AS Ranjeet Ophir
ig3iy9XeF5g,channel,క్షీరసాగర మధనం - Episode 165 | అపొ డా ఓఫీర్ గారితో ప్రశ్నోత్తరి | 01-Dec-2023
B3lQrQM06WY,channel,నీ కోసం దేవుడు పంపిన సందేశం!!
NDDORZQLpaM,channel,01-Dec-2023 | అపొస్తలులు అద్దంకి రంజిత్ ఓఫిర్ గారి మాతృమూర్తి సౌజాతమ్మ గారి 52వ వర్ధంతి
Ij88yMWXF98,channel,01-Dec-2023 | Word of God | Apostle Dr A S Ranjeet Ophir
jzLtIcOBvj8,channel,01-Dec-2023 | సంపూర్ణ రాత్రి ప్రార్థన | Spiritual Warfare Series | Day 771 | Apo Dr AS Ranjeet Ophir
WKd3MIOtyIs,channel,ద్వేషాన్ని జయించాలంటే??
ArKcas1_QOg,channel,30-Nov-2023 | సంపూర్ణ రాత్రి ప్రార్థన | Spiritual Warfare Series | Day 770 | Apo Dr AS Ranjeet Ophir
E55NXN__5kg,channel,26-Nov-2023 | Sunday Service | Second Message | Central Church | Pastor Arun Kumar Maddela
SYLpcx9_yyU,channel,"26-Nov-2023 | యేసయ్య పాట , ఓఫిర్ దండు నోట ! (సెంట్రల్ చర్చ్) No 7"
vekHCq_OtRE,channel,25-Nov-2023 | ఓఫిర్ మినిస్ట్రీస్ ఉత్తరాంధ్ర 27వ వార్షికోత్సవ మహాసభ | k కోటపాడు | Ophir Ministries
Dh96K4I54ec,channel,25-Nov-2023 | ఓఫిర్ మినిస్ట్రీస్ ఉత్తరాంధ్ర 27వ వార్షికోత్సవ మహాసభ | k కోటపాడు | Ophir Ministries
FBEYNJUvlE8,channel,25-Nov-2023 | ఓఫిర్ మినిస్ట్రీస్ ఉత్తరాంధ్ర 27వ వార్షికోత్సవ మహాసభ | k కోటపాడు | Ophir Ministries
1h9EKetuCAM,channel,24-Nov-2023 | 2nd day Night | సర్వ సత్య మహా సభలు | K కోటపాడు | విశాఖ పట్నం | Apo Dr AS Ranjeet Ophir
9LIlJ0J2rkw,channel,24-Nov-2023 | 2nd day Night | సర్వ సత్య మహా సభలు | K కోటపాడు | విశాఖ పట్నం | Apo Dr AS Ranjeet Ophir
flDzqPG5UTc,channel,24-Nov-2023| బైబిల్ స్టడీ | సర్వ సత్య మహా సభలు | K కోటపాడు | విశాఖ పట్నం | Apo Dr AS Ranjeet Ophir
X8ich2lYPtk,channel,24-Nov-2023| బైబిల్ స్టడీ | సర్వ సత్య మహా సభలు | K కోటపాడు | విశాఖ పట్నం | Apo Dr AS Ranjeet Ophir
TttKl4dm7vQ,channel,24-Nov-2023| అగాపే సేవకుల అభిషేక కార్యక్రమం | K కోటపాడు | విశాఖ పట్నం | Apo Dr AS Ranjeet Ophir
Sl3TRxz-9Vw,channel,23-Nov-2023| సర్వ సత్య మహా సభలు | K కోటపాడు | విశాఖ పట్నం | Apo Dr AS Ranjeet Ophir
1elZKRiqHXk,channel,క్షీరసాగర మధనం - Episode 164 | అపొ డా ఓఫీర్ గారితో ప్రశ్నోత్తరి | 17-Nov-2023
GHKVwLq0G1E,channel,విశ్వరాజకీయమే క్రైస్తవ్యం! | Sunday Service | Second Message | Apo Dr Ranjeet Ophir | 19-Nov-2023
ES29sjiQSPQ,channel,"19-Nov-2023 | Dr రంజిత్ ఓఫీర్ గారి పాటలు , ఓఫిర్ దండు నోట ! ( సెంట్రల్ చర్చ్ ) No 9"
QRUkn2nHFE8,channel,క్రైస్తవులే న్యాయ సంరక్షకులు!! | Spiritual Warfare Series | Day 768 | Apo Dr Ophir | 18-Nov-2023
CL6JT-CF0bw,channel,IPBP Press Meet | ఇండియా ప్రజా బంధు పార్టీ ఎన్నికల అభ్యర్థుల పరిచయ కార్యక్రమం! దేశభక్త Dr రంజితన్న
RgR5-eDyLoo,channel,17-Nov-2023 | ఇండియా ప్రజా బంధు పార్టీ ఎన్నికల అభ్యర్థల పరిచయ కార్యక్రమం! దేశభక్త Dr రంజితన్న
lsUNFfr5qbI,channel,మన యుద్ధకాలం సమాప్తమవుతోంది!! | Spiritual Warfare Series | Day 767 | Apo Dr  Ophir | 17-Nov-2023
6dSxV_mWgK8,channel,యుద్ధశూరులే భక్తిపరులు!! | Spiritual Warfare Series | Day 766 | Apo Dr Ranjeet Ophir | 16-Nov-2023
nConj0RELc0,channel,భక్తుల కోసమే రాజ్యాధికారం!! | Spiritual Warfare Series | Day 765 | Apo Ranjeet Ophir | 14-Nov-2023
TR_XGWZABSA,channel,స్తుతి నీకు తగి ఉన్నది! Song by Apo Dr Ranjeeth Ophir Garu
JcWK4D5Q5No,channel,వందిత శుభగుణ.... Song by Apo Dr Ranjeeth Ophir Garu
1xCZDmTgBeo,channel,వేద పుస్తకమా వేద పుస్తకమా ! Song by Apo Dr Ranjeeth Ophir garu
H-bALu80FmY,channel,యేసుని సిలువే ! .... యేసుని సిలువే !! Song by Apo Dr Ranjeeth Ophir garu
tJA4l96Ov_0,channel,"Dr రంజిత్ ఓఫీర్ గారి పాటలు ,  ఓఫిర్ దండు నోట ! ( సెంట్రల్ చర్చ్ ) No 7"
xrmB1A_hCZI,channel,భక్తుని లో దేవుని DNA!! | Sunday Service | First Message | Apo Dr AS Ranjeet Ophir | 12-Nov-2023
oMVcJjo0ps8,channel,బర్నబాలు మనకు అవసరం!! | Sunday Service | Second Message | Apo Dr AS Ranjeet Ophir | 12-Nov-2023
jGc0fX8KQRc,channel,Greatings by Pastor Aditya |  ఢిల్లీ
_IjER9nMlXQ,channel,"యేసయ్య పాట , ఓఫిర్ దండు నోట ! (సెంట్రల్ చర్చ్) No 6"
r4iL5QfdW2U,channel,11-Nov-2023 | సంపూర్ణ రాత్రి ప్రార్థన | Spiritual Warfare Series | Day 764 | Apo Dr AS Ranjeet Ophir
gd3vPHvNeYk,channel,భక్తులకు వయసు రావాలి! | Thanksgiving Prayer | Apostle AS Ranjeet Ophir | 01-Nov-2023
jRxK-C38Ci0,channel,క్షీరసాగర మధనం - Episode 163 | అపొ డా ఓఫీర్ గారితో ప్రశ్నోత్తరి | 03-Nov-2023
B08lVSesYh4,channel,09-Nov-2023 | Engagement Ceremony | AFGC Vijayawada | Ophir Ministries
RlPvbZqC7Qs,channel,క్షీరసాగర మధనం - Episode 163 | అపొ డా ఓఫీర్ గారితో ప్రశ్నోత్తరి | 03-Nov-2023
j9OCbAdEy-o,channel,క్షీరసాగర మధనం - Episode 162 | అపొ డా ఓఫీర్ గారితో ప్రశ్నోత్తరి | 27-Oct-2023
q68IJqYREC0,channel,08-Nov-2023 | సంపూర్ణ రాత్రి ప్రార్థన | Spiritual Warfare Series | Day 763 | Apo Dr AS Ranjeet Ophir
DbNCSQlGOHE,channel,07-Nov-2023 |స్తుతి ఆరాధన  | Apo Dr AS Ranjeet Ophir
Lnz0Wj4Yk7o,channel,07-Nov-2023 | సంపూర్ణ రాత్రి ప్రార్థన | Spiritual Warfare Series | Day 762 | Apo Dr AS Ranjeet Ophir
DXomEpgY6pQ,channel,06-Nov-2023 | OM Telangana State | Pastors Conference | Central Church | Apo Dr AS Ranjeet Ophir
JbxSVHbB1rA,channel,06-Nov-2023 | OM Telangana State | Pastors Conference | Central Church | Apo Dr AS Ranjeet Ophir
XjSdYV--TNQ,channel,06-Nov-2023 | OM Telangana State | Pastors Conference | Central Church | Apo Dr AS Ranjeet Ophir
uYLhlkQKgFI,channel,06-Nov-2023 | సంపూర్ణ రాత్రి ప్రార్థన | Spiritual Warfare Series | Day 761 | Apo Dr AS Ranjeet Ophir
KWHDFY7Lz1I,channel,Bhaskar Rao Weds Esther Rani | Marriage Ceremony | Central Church | Ophir Ministries | 05-Nov-2023
qhveQj_kB9M,channel,05-Nov-2023 | Sunday Service | Second Message | Central Church | Apo Dr AS Ranjeet Ophir
O5BRi9mjmZE,channel,ప్రపంచ ప్రభుత్వం వస్తోంది...!! | Omega Sandeshalu| Apo Dr A S Ranjeet Ophir | 03-Nov-2023
eqOhcc8Rg-o,channel,04-Nov-2023 | సంపూర్ణ రాత్రి ప్రార్థన | Spiritual Warfare Series | Day 760 | Apo Dr AS Ranjeet Ophir
ccsc_w0flk0,channel,సర్వజ్ఞుడికే తెలియచేద్దాం!! | Spiritual Warfare Series | Day 759 | Apo Ranjeet Ophir | 01-Nov-2023
YB77XfOFHDM,channel,25-Oct-2023 | రాష్ట్రీయ క్రైస్తవ పరిషత్ ఆధ్వర్యం లో జరిగిన  కులాంతర వివాహ కార్యక్రమం
1KnhM6YWBmE,channel,సెంట్రల్ చర్చ్ సభ్యులు అనురాధమ్మగారి తల్లి భారతమ్మ గారి జ్ఞాపకార్ధ కూడిక !
LFJQNJnlCvU,channel,29-Oct-2023 | Sunday Service | Second Message | Central Church | Apo Dr AS Ranjeet Ophir
aZmNlRBcNIk,channel,29-Oct-2023 | Sunday Service | Second Message | Central Church | Apo Dr AS Ranjeet Ophir
QjXQv64QQW0,channel,ఇశ్రాయేలు దేవుడే దేవుడా ?? | Omega Sandeshalu| Apo Dr A S Ranjeet Ophir | 27-Oct-2023
54ohxp3uPiY,channel,"Dr రంజిత్ ఓఫీర్ గారి పాటలు , ఓఫిర్ దండు నోట! (సెంట్రల్ చర్చ్) 5"
PuJgFa88m2U,channel,యెరూషలేమును ప్రేమిద్దాం!! | Spiritual Warfare Series | Day 758 | Apo Dr Ranjeet Ophir | 28-Oct-2023
YHxmzJ7r4gc,channel,జ్ఞానములేక నశిస్తున్న సమాజం! | Spiritual Warfare Series | Day 757 | Apo Ranjeet Ophir | 27-Oct-2023
mwmprpV9hZE,channel,న్యాయవంతులు అడిగినది ఇవ్వబడును!! | Spiritual Warfare Series | Day 756 | Apo Dr Ophir | 26-Oct-2023
gzjyN9CMQbc,channel,19-Oct-2023 |Pastors Conference | All India Christian Truth Seekers Conventions | New Delhi
04H6bXZw0oI,channel,The Future of the World Revealed !! | Apostle Dr AS Ranjeet Ophir
nu7ATa-05nk,channel,22-Oct-2023 | Sunday Service | Second Message | Part-2 | Central Church | Apo Dr AS Ranjeet Ophir
HpLnwwKaWfU,channel,22-Oct-2023 | Sunday Service | Second Message |  Part-1 | Central Church | Apo Dr AS Ranjeet Ophir
kni7-0_loJw,channel,New Delhi Meetings | Grand Success | Apo Dr AS Ranjeet Ophir
MHpl2xAbkpQ,channel,22-Oct-2023 | Sunday Service | Second Message | Central Church | Apo Dr AS Ranjeet Ophir
sQeu9MkTkmI,channel,20-Oct-2023 | All India Christian Truth Seekers Conventions | Day 3 | New Delhi
d6rTSMrZFSE,channel,20-Oct-2023 | Delhi Youth Festival | All India Christian Truth Seekers Conventions | New Delhi
TWeuGbdD8LI,channel,20-Oct-2023 | Delhi Youth Festival | All India Christian Truth Seekers Conventions | New Delhi
5L0GbJgyBow,channel,20-Oct-2023 | All India Christian Truth Seekers Conventions | Day 3 | New Delhi
bGb_n7oQYok,channel,20-Oct-2023 | సంపూర్ణ రాత్రి ప్రార్థన | Spiritual Warfare Series | Day 755 | Apo Dr AS Ranjeet Ophir
L1bx2KS7AvA,channel,20-Oct-2023 | Delhi Youth Festival | All India Christian Truth Seekers Conventions | New Delhi
TZ0YBlJ9e_M,channel,20-Oct-2023 | Delhi Youth Festival | All India Christian Truth Seekers Conventions | New Delhi
_bzMNU39Hrs,channel,19-Oct-2023 | All India Christian Truth Seekers Conventions | Day 2 | New Delhi
lS8TR7oiyN8,channel,19-Oct-2023 | All India Christian Truth Seekers Conventions | Day 2 | New Delhi
dTODFb2sECg,channel,19-Oct-2023 | All India Christian Truth Seekers Conventions | Day 2 | New Delhi
-FSGiSNu67U,channel,19-Oct-2023 | సంపూర్ణ రాత్రి ప్రార్థన | Spiritual Warfare Series | Day 754 | Apo Dr AS Ranjeet Ophir
fFPjMbT36i8,channel,19-Oct-2023 | Pastors Conference | All India Christian Truth Seekers Conventions | New Delhi
54nV9EZvqPc,channel,19-Oct-2023 | Pastors Conference | All India Christian Truth Seekers Conventions | New Delhi
adTjhsDe99M,channel,"18-Oct-2023 | All India Christian Truth Seekers Conventions | Delhi Haat, Janakpuri | New Delhi"
yLOSuyxuk0E,channel,"18-Oct-2023 | All India Christian Truth Seekers Conventions | Delhi Haat, Janakpuri | New Delhi"
6aePuPaKHSQ,channel,"18-Oct-2023 | All India Christian Truth Seekers Conventions | Delhi Haat, Janakpuri | New Delhi"
zoLGFBmbvhE,channel,"18-Oct-2023 | All India Christian Truth Seekers Conventions | Delhi Haat, Janakpuri | New Delhi"
GQPDV4z7_kE,channel,18-Oct-2023 | సంపూర్ణ రాత్రి ప్రార్థన | Spiritual Warfare Series | Day 753 | Apo Dr AS Ranjeet Ophir
zzCJHEU7DBU,channel,16-Oct-2023 | సంపూర్ణ రాత్రి ప్రార్థన | Spiritual Warfare Series | Day 752 | Apo Dr AS Ranjeet Ophir
i3HFILzce04,channel,దేవుని కోసం రోషగాళ్లు!! | Sunday Service | Second Message | Apo Dr AS Ranjeet Ophir | 15-Oct-2023
Yvka6WduXS0,channel,15-Oct-2023 | సంపూర్ణ రాత్రి ప్రార్థన | Spiritual Warfare Series | Day 751 | Apo Dr AS Ranjeet Ophir
tVF0IgK-NY0,channel,మంచి పౌరుల తయారీదారులు..!! | Birthday Celebrations | Malkajgiri | Apo Dr Ranjeet Ophir | 13-Oct-2023
kOLBH0lDjrM,channel,క్షీరసాగర మధనం - Episode 161 | అపొ డా ఓఫీర్ గారితో ప్రశ్నోత్తరి | 13-Oct-2023
iYwnZRg-OdA,channel,14-Oct-2023 | సంపూర్ణ రాత్రి ప్రార్థన | Spiritual Warfare Series | Day 750 | Apo Dr AS Ranjeet Ophir
cWHDEhlejps,channel,13-Oct-2023 | సంపూర్ణ రాత్రి ప్రార్థన | Spiritual Warfare Series | Day 749 | Apo Dr AS Ranjeet Ophir
CBrvxS6dZYs,channel,12-Oct-2023 | సంపూర్ణ రాత్రి ప్రార్థన | Spiritual Warfare Series | Day 748 | Apo Dr AS Ranjeet Ophir
nzSNuQDS7p4,channel,11-Oct-2023 | సంపూర్ణ రాత్రి ప్రార్థన | Spiritual Warfare Series | Day 747 | Apo Dr AS Ranjeet Ophir
Opmlvl0y4aA,channel,08-Oct-2023 | Sunday Service | First Message | AFGC Malkajgiri | Apostle Dr A S Ranjeet Ophir
DgoGoadLGHc,channel,భక్తుల భుజం మీద సిలువ....!! | Sunday Service | Second Message | Apo AS Ranjeet Ophir | 08-Oct-2023
ZAJdRHeUm6c,channel,08-Oct-2023 | Sunday Service | Second Message | Central Church | Apostle Dr A S Ranjeet Ophir
em0k_pa9PO4,channel,08-Oct-2023 | సంపూర్ణ రాత్రి ప్రార్థన | Spiritual Warfare Series | Day 746 | Apo Dr AS Ranjeet Ophir
yILQSKrU0iw,channel,07-Oct-2023 | 1st Birthday Celebrations of Bro Chandra Shekar's Son | Apostle Dr A S Ranjeet  Ophir
Tu68mupDVY0,channel,క్షీరసాగర మధనం - Episode 160 | అపొ డా ఓఫీర్ గారితో ప్రశ్నోత్తరి | 06-Oct-2023
__RVtBhZgdk,channel,ఇదిగో...  దేవుని సత్య కృప !! | Omega Sandeshalu| Apo Dr A S Ranjeet Ophir | 06-Oct-2023
kMPa3wMufAM,channel,07-Oct-2023 | సంపూర్ణ రాత్రి ప్రార్థన | Spiritual Warfare Series | Day 745 | Apo Dr AS Ranjeet Ophir
6VgDwp3PWSE,channel,06-Oct-2023 | సంపూర్ణ రాత్రి ప్రార్థన | Spiritual Warfare Series | Day 744 | Apo Dr AS Ranjeet Ophir
ujQoTpr4lco,channel,04-Oct-2023 | సంపూర్ణ రాత్రి ప్రార్థన | Spiritual Warfare Series | Day 743 | Apo Dr AS Ranjeet Ophir
lqYRTSvXVkY,channel,All India Christian Truth Seekers Conventions | New Delhi | Ophir Ministries Outreach
4f5NGAfO-yk,channel,03-Oct-2023 | OM Telangana State | Pastors Conference | Central Church | Apo Dr AS Ranjeet Ophir
svxkhtr1NpI,channel,03-Oct-2023 | OM Telangana State | Pastors Conference | Central Church | Apo Dr AS Ranjeet Ophir
9ik4i8Qy9OQ,channel,03-Oct-2023 | సంపూర్ణ రాత్రి ప్రార్థన | Spiritual Warfare Series | Day 742 | Apo Dr AS Ranjeet Ophir
DbtufJF9_L0,channel,02-Oct-2023 | Praise & Worship | At Bro Srinivas's Residency | Apostle Dr A S Ranjeet Ophir
UWB2zlg1Zow,channel,02-Oct-2023 | సంపూర్ణ రాత్రి ప్రార్థన | Spiritual Warfare Series | Day 741 | Apo Dr AS Ranjeet Ophir
ifVtjXpj1TM,channel,దేవుని శత్రువుల మధ్య దేవుని స్నేహితులు! | Sunday Service | Second Message | Apo Ophir | 01-Oct-2023
2dJkHSG6rbI,channel,01-Oct-2023 | సంపూర్ణ రాత్రి ప్రార్థన | Spiritual Warfare Series | Day 740 | Apo Dr AS Ranjeet Ophir
PP_sz3XNa2Y,channel,క్షీరసాగర మధనం - Episode 159 | అపొ డా ఓఫీర్ గారితో ప్రశ్నోత్తరి | 29-Sep-2023
aumUB8s5u8I,channel,క్షీరసాగర మధనం - Episode 159 | అపొ డా ఓఫీర్ గారితో ప్రశ్నోత్తరి | 29-Sep-2023
lQ8rcYL_Gtc,channel,నేటి ఇశ్శాఖారీయులు ..!! | Omega Sandeshalu | Apo Dr A S Ranjeet Ophir | 29-Sep-2023
ztM_j5EwiuE,channel,30-Sep-2023 | సంపూర్ణ రాత్రి ప్రార్థన | Spiritual Warfare Prayer | Apostle Dr A S Ranjeet Ophir
EhuYY1Gi8DA,channel,ప్రార్థనా పోరాటంలో నూతన శకారంభం!! | Spiritual Warfare Series | Day 739 | Apo Dr Ophir | 29-Sep-2023
q9-SagLgFLw,channel,యేసుతో మన వివాహ నిశ్చితార్థం!  | సర్వ సత్య మహాసభలు | Piduguralla | Apo Ranjeet Ophir | 28-Sep-2023
WXG4z0A6i5Y,channel,క్రీస్తు న్యాయపీఠం యెదుట‌ బహుమాన పాత్రులు!! | Piduguralla | Apo Dr Ophir | 27-Sep-2023
v6VvIc-J6ks,channel,దేవుని ఘనత కోసం భక్తుని ఆవేదన!! | Spiritual Warfare Series | Day 738 | Apo Dr Ophir | 27-Sep-2023
c5MN6IvjtWY,channel,దేవుడు చేస్తున్న నేరారోపణ!! | Spiritual Warfare Series | Day 737 | Apo Ranjeet Ophir | 26-Sep-2023
qhEQrL3Z06M,channel,ముఖస్తుతి క్రైస్తవం! | Sunday Service | Second Message | Apo Dr A S Ranjeet Ophir | 24-Sep-2023
dYL7igJSNO4,channel,ఇశ్రాయేలులో మంత్ర ప్రయోగాలెందుకు?? | Spiritual Warfare Series | Day 736 | Apo Dr Ophir | 24-Sep-2023
U6-ocghzhRM,channel,క్షీరసాగర మధనం - Episode 158 | అపొ డా ఓఫీర్ గారితో ప్రశ్నోత్తరి | 22-Sep-2023
a5WSdraXXDQ,channel,యేసు మళ్ళీ వస్తాడని ఎందుకు నమ్మాలి? | Omega Sandeshalu| Apo Dr A S Ranjeet Ophir | 22-Sep-2023
vy3kzKPz56Q,channel,భక్తులు ధనవంతులు కావాలి...!! | Spiritual Warfare Series | Day 735 | Apo Dr AS Ophir | 23-Sep-2023
UZ_506vaOl0,channel,యెరూషలేముతో కలిసి ఉత్సహిద్దాం!! |  Spiritual Warfare Series | Day 734 | Apo Dr  Ophir | 22-Sep-2023
ZAWI_dtKISY,channel,అన్యాయాలకు అంతం ఎప్పుడు?? | Spiritual Warfare Series | Day 733 | Apo Dr Ranjeet Ophir | 21-Sep-2023
P_lzvOVQuZk,channel,బలహీనులే సర్వశక్తుని సాధనాలు!! | Spiritual Warfare Series | Day 732 | Apo Dr AS Ophir | 19-Sep-2023
kROl66DrX5Q,channel,17-Sep-2023 | Prize Distribution | Parishuddha Devuni Goorchina Gnanam Quiz | Ophir Ministries
EB2BhMbvWh8,channel,కిరీటము పొందునట్లుగా...!! | Sunday Service | Second Message | Apo Dr A S Ranjeet Ophir | 17-Sep-2023
0--5NwCQLgY,channel,స్పష్టతను ద్వేషిస్తున్న మనుషులు!! | Omega Sandeshalu | Apo Dr AS Ranjeet Ophir | 15-Sep-2023
ukCJsc3Xn30,channel,దేవుని ప్రజలు సంతోషించునట్లు...!! | Spiritual Warfare Series | Day 731 | Apo Dr Ophir | 16-Sep-2023
58TCEzNGySQ,channel,క్షీరసాగర మధనం - Episode 157 | అపొ డా ఓఫీర్ గారితో ప్రశ్నోత్తరి | 15-Sep-2023
M1tt_Vzh4Dw,channel,ఈనాటి యిర్మీయాలు...!! | Spiritual Warfare Series | Day 730 | Apo Dr AS Ranjeet Ophir | 15-Sep-2023
vxYBa_FFnZY,channel,ఆర్పజాలని ప్రార్థనా జీవితం! | Spiritual Warfare Series | Day 729 | Apo Ranjeet Ophir | 14-Sep-2023
_yAE01eSSdw,channel,దేవుని ముఖ్య సంతోషం...!! | Spiritual Warfare Series | Day 728 | Apo Dr Ranjeet Ophir | 13-Sep-2023
stYjoFtOYUI,channel,సర్వశక్తుని అచంచల ప్రేమ!! | Spiritual Warfare Series | Day 727 | Apo Dr  Ranjeet Ophir | 12-Sep-2023
CG2mhy9GL3c,channel,"అవసరమును బట్టి....!! | Anointed Ministers Conference, TS | Apo Dr AS Ranjeet Ophir | 11-Sep-2023"
9YJ-fAY4Q4s,channel,08-Sep-2023 | ఉదయకాల దైవధ్యానాలు | Day 900 | Yesu Kreesthu Krupanidhi Ministries |Apo Ranjeet Ophir
oiAuQXXzmOY,channel,క్రైస్తవుడినని గర్వించు!! | Sunday Service | Second Message | Apo Dr A S Ranjeet Ophir | 10-Sep-2023
1brvD6ir6Js,channel,క్షీరసాగర మధనం - Episode 156 | అపొ డా ఓఫీర్ గారితో ప్రశ్నోత్తరి | 08-Sep-2023
10crKfO99MI,channel,వీరేమి చేయుచున్నారో వీరెరుగుదురు..! | Omega Sandeshalu| Apo Dr A S Ranjeet Ophir | 08-Sep-2023
Tcyt4vUNgv0,channel,బైబిల్లోని పంచభూతాధిపతి!! | Spiritual Warfare Series | Day 726 | Apo AS Ranjeet Ophir | 09-Sep-2023
d38HZx6Tld0,channel,08-Sep-2023 | OMI అభిషిక్త దైవజనుడు | పాస్టర్ ఇస్సాక్ గారి జ్ఞాపకార్థ కూడిక! | సందేశం | మంచిరేవుల |
8wQ_Bnn3cSk,channel,08-Sep-2023 | OMI అభిషిక్త దైవజనుడు | పాస్టర్ ఇస్సాక్ గారి జ్ఞాపకార్థ కూడిక! | మంచిరేవుల |
xWl_FCpICJk,channel,04-Sep-2023 |  డోలారోహణ మహోత్సవం! | ఖానాపూర్ | Apo Dr AS Ranjeet Ophir
yoY22eJcqDw,channel,04-Sep-2023 | ప్రపంచ ప్రధమ వైజ్ఞానిక దేవాలయ భూమి పూజా మహోత్సవం!
uIaRekKRtNA,channel,నాశనమవుతున్న సాతాను కార్యాలు!! | Spiritual Warfare Series | Day 725 | Apo Dr Ophir | 07-Sep-2023
1gXBBYV7Gb4,channel,తీర్పరిగా వేంచేస్తున్న సత్యదేవుడు!! | Spiritual Warfare Series | Day 724 | Apo Ophir | 06-Sep-2023
EAgfPiOom4Y,channel,క్షీరసాగర మధనం - Episode 155 | అపొ డా ఓఫీర్ గారితో ప్రశ్నోత్తరి | 01-Sep-2023
RZpIwx7LutY,channel,దిగిరమ్మయా! ప్రభూ! దిగిరమ్మయా! | Digi Rammayaa Prabhu Digi Rammayaa | Ranjith Ophir Songs
naA9csy2DP4,channel,ఇంకెన్నిసార్లు ప్రార్థించాలి?? | Spiritual Warfare Series | Day 723 | Apo Dr AS Ophir | 05-Sep-2023
A9bHbhvhPPk,channel,03-Sep-2023 | Sunday Service | First Message | AFGC Malkajgiri | Apo Dr A S Ranjeet Ophir
3DJe6KQTabg,channel,03-Sep-2023 | Sunday Service | Second Message | Central Church | Apo Dr A S Ranjeet Ophir
H-d1EbBFHsE,channel,03-Sep-2023 | Sunday Service | Second Message | Central Church | Apo Dr A S Ranjeet Ophir
xPklU5uCYdE,channel,దైవభక్తిలో అనివార్య కోణం!! | Spiritual Warfare Series | Day 722 | Apo Ranjeet Ophir | 03-Sep-2023
pnmQIsxywCQ,channel,03-Sep-2023 | Sunday Service | First Message | AFGC Malkajgiri | Apo Dr A S Ranjeet Ophir
8yt42t6v3kQ,channel,తారా శశాంకాన్ని కొట్టివేస్తున్న చంద్రయాన్!! | Omega Sandeshalu | Apo Dr Ranjeet Ophir | 01-Sep-2023
CoElVWQMSN8,channel,బలహీనుల నుండి ప్రవహిస్తున్న అనంతశక్తి!! | Spiritual Warfare Series | Day 721 | 01-Sep-2023
f2XGXZiI188,channel,31-Aug-2023 | సంపూర్ణ రాత్రి ప్రార్థన | Spiritual Warfare Series | Day 720 | Apo Dr AS Ranjeet Ophir
W0WqmqA5BwM,channel,30-Aug-2023 | సంపూర్ణ రాత్రి ప్రార్థన | Spiritual Warfare Series | Day 719 | Apo Dr AS Ranjeet Ophir
9cD_lw-y1CY,channel,క్షీరసాగర మధనం - Episode 154 | అపొ డా ఓఫీర్ గారితో ప్రశ్నోత్తరి | 25-Aug-2023
ImDwl5XvJJw,channel,క్షీరసాగర మధనం - Episode 154 | అపొ డా ఓఫీర్ గారితో ప్రశ్నోత్తరి | 25-Aug-2023
mLitzXaQ9-A,channel,27-Aug-2023 | Sunday Service | Second Message | Central Church | Apo Dr A S Ranjeet Ophir
UA2Y6ZGVTRs,channel,సిలువలో దేవుని పరిపూర్ణ న్యాయం..!! |  Omega Sandeshalu | Apo Dr A S Ranjeet Ophir | 25-Aug-2023
yVQrFum05pY,channel,26-Aug-2023 | సంపూర్ణ రాత్రి ప్రార్థన | Spiritual Warfare Series | Day 718 | Apo Dr AS Ranjeet Ophir
IuupsYv0ZBY,channel,25-Aug-2023 | సంపూర్ణ రాత్రి ప్రార్థన | Spiritual Warfare Series | Day 717 | Apo Dr AS Ranjeet Ophir
ZJKeGXcpFO0,channel,21-08-2023 | కృతజ్ఞత కూడిక! | గజ్వేల్ AFGC చర్చ్ | Apo Dr A S Ranjeet Ophir
dYIJIrt8vyA,channel,24-Aug-2023 | సంపూర్ణ రాత్రి ప్రార్థన | Spiritual Warfare Series | Day 716 | Apo Dr AS Ranjeet Ophir
PDxJkyU0BV0,channel,23-Aug-2023 | సంపూర్ణ రాత్రి ప్రార్థన | Spiritual Warfare Series | Day 715 | Apo Dr AS Ranjeet Ophir
8zu-BTpHwrg,channel,22-Aug-2023 | సంపూర్ణ రాత్రి ప్రార్థన | Spiritual Warfare Series | Day 714 | Apo Dr AS Ranjeet Ophir
ZzgRpF92Ayo,channel,21-Aug-2023 | సంపూర్ణ రాత్రి ప్రార్థన | Spiritual Warfare Series | Day 713 | Apo Dr AS Ranjeet Ophir
JWaKZ37MBrM,channel,"20-Aug-2023 | Trend Setters - Yugantam Exam Prize Distribution Ceremony, Nizampet Church Ground,Hyd"
OzKBNrS4GSw,channel,20-Aug-2023 | Sunday Service | Second Message | Central Church | Apo Dr A S Ranjeet Ophir
lN71zcu4vPU,channel,20-Aug-2023 | Sunday Service | Second Message | Central Church | Apo Dr A S Ranjeet Ophir
Ao_GDbLdKrQ,channel,క్షీరసాగర మధనం - Episode 153 | అపొ డా ఓఫీర్ గారితో ప్రశ్నోత్తరి | 18-Aug-2023
hcSFhAelYqA,channel,బైబిల్ లో ఇంద్రుడా??!! |  Omega Sandeshalu | Apo Dr A S Ranjeet Ophir | 18-Aug-2023
HRQnED6zWDQ,channel,19-Aug-2023 | సంపూర్ణ రాత్రి ప్రార్థన | Spiritual Warfare Series | Day 712 | Apo Dr AS Ranjeet Ophir
7YsTm1r_yRI,channel,18-Aug-2023 | సంపూర్ణ రాత్రి ప్రార్థన | Spiritual Warfare Series | Day 711 | Apo Dr AS Ranjeet Ophir
4gLOT5xCUkI,channel,14-Aug-2023 | Word of God | Apostle Dr A S Ranjeet Ophir
LkrUfgIrTck,channel,17-Aug-2023 | సంపూర్ణ రాత్రి ప్రార్థన | Spiritual Warfare Series | Day 710 | Apo Dr AS Ranjeet Ophir
Veme6SLzQJc,channel,15-Aug-2023 | Mega Prayer Camp | Session 2 | NKNR Gardens | RKP | Hyderabad
cocXBcLj3-M,channel,15-Aug-2023 | Mega Prayer Camp | NKNR Gardens | RKP | Hyderabad
48RX2j3vWH0,channel,15-Aug-2023 | Mega Prayer Camp
EPUDvGhYjfg,channel,15-Aug-2023 | 76th Independence Celebrations
FiQ7EbktJ5c,channel,14-Aug-2023 | సంపూర్ణ రాత్రి ప్రార్థన | Spiritual Warfare Series | Day 709 | Apo Dr AS Ranjeet Ophir
C6b6mL39Ne0,channel,13-Aug-2023 | Sunday Service | Second Message | Central Church | Apo Dr A S Ranjeet Ophir
dwAmtS7wiOo,channel,13-Aug-2023 | Sunday Service | Second Message | Central Church | Apo Dr A S Ranjeet Ophir
RVJxQB1yd64,channel,13-Aug-2023 | సంపూర్ణ రాత్రి ప్రార్థన | Spiritual Warfare Series | Day 708 | Apo Dr AS Ranjeet Ophir
zg9n3nNTOhI,channel,మత మార్పిడులు.. ఒక సిగ్గుమాలిన అబద్ధం!! |  Omega Sandeshalu | Apo Dr A S Ranjeet Ophir | 11-Aug-2023
t3sWExAIAOA,channel,క్షీరసాగర మధనం - Episode 152 | అపొ డా ఓఫీర్ గారితో ప్రశ్నోత్తరి | 11-Aug-2023
pwlKw6Tn-2M,channel,12-Aug-2023 | సంపూర్ణ రాత్రి ప్రార్థన | Spiritual Warfare Series | Day 707 | Apo Dr AS Ranjeet Ophir
R6JVuIuPU3Y,channel,11-Aug-2023 | సంపూర్ణ రాత్రి ప్రార్థన | Spiritual Warfare Series | Day 706 | Apo Dr AS Ranjeet Ophir
Qf4JvUUBf-U,channel,10-Aug-2023 | సంపూర్ణ రాత్రి ప్రార్థన | Spiritual Warfare Series | Day 705 | Apo Dr AS Ranjeet Ophir
eTaimc3whos,channel,09-Aug-2023 | 600వ రోజు విజ్ఞాపన ప్రార్థన  పోరాట సందేశం | AFGC Nizamabad | Apo Dr AS Ranjeet Ophir
yN1TrPYU078,channel,09-Aug-2023 | సంపూర్ణ రాత్రి ప్రార్థన | Spiritual Warfare Series | Day 704 | Apo Dr AS Ranjeet Ophir
zDDjol0ObZs,channel,08-Aug-2023 | సంపూర్ణ రాత్రి ప్రార్థన | Spiritual Warfare Series | Day 703 | Apo Dr AS Ranjeet Ophir
ayG099PJyM4,channel,07-Aug-2023 | OM Telangana State | Pastors Conference | Central Church | Apo Dr AS Ranjeet Ophir
u-JYnsK7L1c,channel,07-Aug-2023 | OM Telangana State | Pastors Conference | Central Church | Apo Dr AS Ranjeet Ophir
9E1qefZEzek,channel,07-Aug-2023 | సంపూర్ణ రాత్రి ప్రార్థన | Spiritual Warfare Series | Day 702 | Apo Dr AS Ranjeet Ophir
ScPg9p4ETJI,channel,అర్కేపి నిర్వహించు మెగా ప్రేయర్ క్యాంప్ | ఆగస్ట్ 15 | NKNR Gardens | Hyderabad
-aaAzhPkhcs,channel,06-Aug-2023 | Sunday Service | Second Message | Central Church | Apo Dr A S Ranjeet Ophir
YUZggvyaPPM,channel,06-Aug-2023 | సంపూర్ణ రాత్రి ప్రార్థన | Spiritual Warfare Series | Day 701 | Apo Dr AS Ranjeet Ophir
tWq9FscGUg8,channel,క్షీరసాగర మధనం - Episode 151 | అపొ డా ఓఫీర్ గారితో ప్రశ్నోత్తరి | 04-Aug-2023
rGmOmSQJpoY,channel,క్రైస్తవం వ్యాప్తికి కారణం ఏమిటి? |  Omega Sandeshalu | Apo Dr A S Ranjeet Ophir | 04-Aug-2023
q19c5oR0bPM,channel,యుద్ధశూరుడికి సుస్వాగతం!! | Spiritual Warfare Series | Day 700 | Apo Dr Ranjeet Ophir | 05-Aug-2023
aRehkV35Rew,channel,జ్ఞానులెవరో తెలుసుకుందాం!! | Spiritual Warfare Series | Day 699 | Apo Dr Ranjeet Ophir | 04-Aug-2023
kYnwhnf9uCw,channel,Emergency Prayer Call To All Christians on August 15th | క్రైస్తవులందరికీ అత్యవసర ప్రార్థన పిలుపు
JAkiYXQv4XI,channel,హిజ్కియా దేవుడిని ఇండియాకు పిలుద్దాం! | Spiritual Warfare Series | Day 698 | Apo Ophir | 03-Aug-2023
6ewgybJ_Kpg,channel,ఏది బలమైన ప్రార్ధన?? | Spiritual Warfare Series | Day 697 | Apo Dr AS Ranjeet Ophir | 02-Aug-2023
DIfGLv9KSrQ,channel,01-Aug-2023 | మణిపూర్ సంఘటనల కొరకు అభిషిక్త సేవకుల మరియు సంఘ కాపరుల ఉపవాస ప్రార్ధన
92sxeM6f0Wg,channel,01-Aug-2023 | మణిపూర్ సంఘటనల కొరకు అభిషిక్త సేవకుల మరియు సంఘ కాపరుల ఉపవాస ప్రార్ధన
dE08ZuSgzNk,channel,01-Aug-2023 | మణిపూర్ సంఘటనల కొరకు అభిషిక్త సేవకుల మరియు సంఘ కాపరుల ఉపవాస ప్రార్ధన
WknrzMIw_-E,channel,01-Aug-2023 | సంపూర్ణ రాత్రి ప్రార్థన | Spiritual Warfare Series | Day 696 | Apo Dr AS Ranjeet Ophir
7AmyhNgTSC4,channel,క్షీరసాగర మధనం - Episode 150 | అపొ డా ఓఫీర్ గారితో ప్రశ్నోత్తరి | 28-Jul-2023
mLTzsny8Mgw,channel,31-Jul-2023 | సంపూర్ణ రాత్రి ప్రార్థన | Spiritual Warfare Series | Day 695 | Apo Dr AS Ranjeet Ophir
Uoa92lZxeRE,channel,30-Jul-2023 | Sunday Service | Second Message | Central Church | Apo Dr A S Ranjeet Ophir
q5Swfe7xMS0,channel,30-Jul-2023 | Sunday Service | First Message | AFGC Malkajgiri | Apo Dr A S Ranjeet Ophir
dvC_eJbu0gg,channel,30-Jul-2023 | Sunday Service |  | Central Church | Apo Dr A S Ranjeet Ophir
vJfPNbVxNC8,channel,30-Jul-2023 | సంపూర్ణ రాత్రి ప్రార్థన | Spiritual Warfare Series | Day 694 | Apo Dr AS Ranjeet Ophir
H8yK7hRkdh4,channel,మహాశ్రమలకు సిధ్ధపడండి..!! |  Omega Sandeshalu | Apo Dr A S Ranjeet Ophir | 29-Jul-2023
kqUDZHHjWdg,channel,29-Jul-2023 | సంపూర్ణ రాత్రి ప్రార్థన | Spiritual Warfare Series | Day 693 | Apo Dr AS Ranjeet Ophir
WQS2DTA_zqM,channel,మానవత్వం లేని నాయకులు దేశానికి ప్రమాదకరం!! | Apo Dr A S Ranjeet Ophir
N59M6t9kkFY,channel,28-Jul-2023 | సంపూర్ణ రాత్రి ప్రార్థన | Spiritual Warfare Series | Day 692 | Apo Dr AS Ranjeet Ophir
nHj3kcWwaCU,channel,27-Jul-2023 | సంపూర్ణ రాత్రి ప్రార్థన | Spiritual Warfare Series | Day 691 | Apo Dr AS Ranjeet Ophir
CqaE0wLT7Vg,channel,26-Jul-2023 | సంపూర్ణ రాత్రి ప్రార్థన | Spiritual Warfare Series | Day 690 | Apo Dr AS Ranjeet Ophir
cDxg4jkxajs,channel,25-Jul-2023 | సంపూర్ణ రాత్రి ప్రార్థన | Spiritual Warfare Series | Day 689 | Apo Dr AS Ranjeet Ophir
FAfAHxvY3Aw,channel,24-Jul-2023 | సంపూర్ణ రాత్రి ప్రార్థన | Spiritual Warfare Series | Day 688 | Apo Dr AS Ranjeet Ophir
Boh4F8Cg3HU,channel,23-Jul-2023 | RKP Take on Violence in Manipur | Dr Ranjeet Ophir
WIu4qfIl_U0,channel,23-Jul-2023 | Sunday Service | Second Message | Central Church | Apo Dr A S Ranjeet Ophir
qCNQMYMn6c0,channel,23-Jul-2023 | సంపూర్ణ రాత్రి ప్రార్థన | Spiritual Warfare Series | Day 687 | Apo Dr AS Ranjeet Ophir
WLNM9QBFyA8,channel,క్షీరసాగర మధనం - Episode 149 | అపొ డా ఓఫీర్ గారితో ప్రశ్నోత్తరి | 21-Jul-2023
i4x0bvQbGN8,channel,వసుధైక కుటుంబం..!! |  Omega Sandeshalu | Apo Dr A S Ranjeet Ophir | 21-Jul-2023
mV137_3DTUQ,channel,21-Jul-2023 | సంపూర్ణ రాత్రి ప్రార్థన | Spiritual Warfare Series | Day 686 | Apo Dr AS Ranjeet Ophir
YJ0NRlFv2YQ,channel,19-Jul-2023 | సంపూర్ణ రాత్రి ప్రార్థన | Spiritual Warfare Series | Day 685 | Apo Dr AS Ranjeet Ophir
V3R6vOzskqg,channel,18-Jul-2023 | సంపూర్ణ రాత్రి ప్రార్థన | Spiritual Warfare Series | Day 684 | Apo Dr AS Ranjeet Ophir
xBp9zHsSkoo,channel,16-Jul-2023 | Sunday Service | Word of God | Dr Jayaprakash Medidi
Ps4u5WVgZW0,channel,క్షీరసాగర మధనం - Episode 148 | అపొ డా ఓఫీర్ గారితో ప్రశ్నోత్తరి | 14-Jul-2023
tLxCCRJScaA,channel,దేవుడి మనోభావాలు దెబ్బతింటున్నాయి !! |  Omega Sandeshalu | Apo Dr A S Ranjeet Ophir | 14-Jul-2023
g6P0_7azfiI,channel,14-Jul-2023 | సంపూర్ణ రాత్రి ప్రార్థన | Spiritual Warfare Series | Day 683 | Apo Dr AS Ranjeet Ophir
C9c_2x0eBr4,channel,దేవుడు నీ ద్వారా శూర కార్యాలు చేయాలంటే!!
wqZ59lpCpxU,channel,13-Jul-2023 | సంపూర్ణ రాత్రి ప్రార్థన | Spiritual Warfare Series | Day 682 | Apo Dr AS Ranjeet Ophir
tg3TEa3p_kM,channel,12-Jul-2023 | సంపూర్ణ రాత్రి ప్రార్థన | Spiritual Warfare Series | Day 681 | Apo Dr AS Ranjeet Ophir
sxX-L4855tg,channel,11-Jul-2023 | సంపూర్ణ రాత్రి ప్రార్థన | Spiritual Warfare Series | Day 680 | Apo Dr AS Ranjeet Ophir
XU48C7xTx38,channel,10-Jul-2023 | గృహ ప్రవేశంలో కుటుంబంయొక్క సాక్ష్యాలు! కీసర | Apo Dr AS Ranjeet Ophir
V47dsFdjqWM,channel,క్షీరసాగర మధనం - Episode 147 | అపొ డా ఓఫీర్ గారితో ప్రశ్నోత్తరి | 07-Jul-2023
Y6EfMug0rzs,channel,10-Jul-2023 | గృహ ప్రవేశం! కీసర | Apo Dr AS Ranjeet Ophir
UFeKCi6-OZg,channel,10-Jul-2023 | సంపూర్ణ రాత్రి ప్రార్థన | Spiritual Warfare Series | Day 679 | Apo Dr AS Ranjeet Ophir
qgzZWLbpQIk,channel,09-Jul-2023 | Sunday Service | Second Message | Central Church | Apo Dr A S Ranjeet Ophir
5ZjIaQvru8o,channel,09-Jul-2023 | సంపూర్ణ రాత్రి ప్రార్థన | Spiritual Warfare Series | Day 678 | Apo Dr AS Ranjeet Ophir
n7qYnoW6Xds,channel,మత విద్వేషాలకు ఫుల్ స్టాప్..! |  Omega Sandeshalu | Apo Dr A S Ranjeet Ophir | 07-Jul-2023
8FbZ1NMD7h4,channel,08-Jul-2023 | సంపూర్ణ రాత్రి ప్రార్థన | Spiritual Warfare Series | Day 677 | Apo Dr AS Ranjeet Ophir
wiNGgMNP2CE,channel,దేవుని కొలబద్ద!!
qTxJ4nOUY4o,channel,06-Jul-2023 | సంపూర్ణ రాత్రి ప్రార్థన | Spiritual Warfare Series | Day 676 | Apo Dr AS Ranjeet Ophir
_vlXcGGranw,channel,04-Jul-2023 | ఆశీర్వాద కరమైన ఒకరోజు! పలాస | సందేశం | Apo Dr AS Ranjeet Ophir
ZP3AiFs8mHM,channel,05-Jul-2023 | OM Telangana State | Pastors Conference | Central Church | Apo Dr AS Ranjeet Ophir
8B46XII__Tc,channel,04-Jul-2023 | ఇతర డినామినేషన్ సేవకుల సదస్సు ! | పలాస | Apo Dr AS Ranjeet Ophir
edRRG6eu-ys,channel,04-Jul-2023 | ఆశీర్వాద కరమైన ఒకరోజు! పలాస | Apo Dr AS Ranjeet Ophir
pbluXeemc2I,channel,03-Jul-2023 | సంపూర్ణ రాత్రి ప్రార్థన | Spiritual Warfare Series | Day 675 | Apo Dr AS Ranjeet Ophir
bj_32GGW9fc,channel,02-Jul-2023 | Sunday Service | First Message | Central Church | Apo Dr A S Ranjeet Ophir
VqDmXOOStLs,channel,02-Jul-2023 | Sunday Service | Second Message | Central Church | Apo Dr A S Ranjeet Ophir
sqn4TkGKo34,channel,02-Jul-2023 | Sunday Service | First Message | AFGC Malkajgiri | Apo Dr A S Ranjeet Ophir
Q5J5iJkd6d0,channel,దైవజనము ఏల నిద్రించుచున్నది ???? |  Omega Sandeshalu | Apo Dr A S Ranjeet Ophir | 30-Jun-2023
2gQeKPMD0WY,channel,యేసుకు ముగ్గురు భార్యలా?!?!  |  Omega Sandeshalu | Apo Dr A S Ranjeet Ophir | 23-Jun-2023
SJzAjPQdq2c,channel,సమాజంలో దురదచెవులు ఎందుకున్నాయి ?! | Omega Sandeshalu | Apo Dr AS Ranjeet Ophir | 16-Jun-2023
kOBOV6cvcBg,channel,30-Jun-2023 | Revival Meetings | Ghuggus | Maharashtra | Day 2 | Apo Dr AS Ranjeet Ophir
bRPn4JEBQq4,channel,30-Jun-2023 | Revival Meetings | Ghuggus | Maharashtra | Day 2 | Apo Dr AS Ranjeet Ophir
dCjjasHHqs4,channel,30-Jun-2023 | సంపూర్ణ రాత్రి ప్రార్థన | Spiritual Warfare Series | Day 674 | Apo Dr AS Ranjeet Ophir
-Ei8Myy85sM,channel,29-Jun-2023 | Revival Meetings | Day 1 | Ghuggus | Maharashtra | Apo Dr AS Ranjeet Ophir
EJ5XzkZsUqk,channel,29-Jun-2023 | Revival Meetings | Day 1 | Ghuggus | Maharashtra | Apo Dr AS Ranjeet Ophir
Lk2X9Os9Hdk,channel,29-Jun-2023 | Revival Meetings | Day 2 | Ghuggus | Maharastra | Apo Dr AS Ranjeet Ophir
4AnJ7SsTiog,channel,28-Jun-2023 | సంపూర్ణ రాత్రి ప్రార్థన | Spiritual Warfare Series | Day 673 | Apo Dr AS Ranjeet Ophir
pNXeLgY3it8,channel,"Dr రంజిత్ ఓఫీర్ గారి పాటలు , ఓఫిర్ దండు నోట! | Central Church Kids | Ophir Ministries"
vCWbMp0bWek,channel,"Dr రంజిత్ ఓఫీర్ గారి పాటలు , ఓఫిర్ దండు నోట! (సెంట్రల్ చర్చ్) 2"
UPC8rgff1_s,channel,26-Jun-2023 | సంపూర్ణ రాత్రి ప్రార్థన | Spiritual Warfare Series | Day 672 | Apo Dr AS Ranjeet Ophir
zsZHEOp1Pzg,channel,Inauguration of Agape Full Gospel Church | Trivandrum | Kerala | Apo Dr AS Ranjeet Ophir
YQc1rfSFnpI,channel,25-Jun-2023 | Sunday Service | Second Message | Central Church | Apo Dr AS Ranjeet Ophir
_REmyHHkqD4,channel,23-Jun-2023 |OM | KO అగ్రహరం తుని శాఖ 21వ వార్షికోత్సవ వేడుక! | Apo Dr AS Ranjeet Ophir
7BoPQp--MDY,channel,23-Jun-2023 |OM | KO అగ్రహరం తుని శాఖ 21వ వార్షికోత్సవ వేడుక!  | Apo Dr AS Ranjeet Ophir
XNrlr0DwFTA,channel,23-Jun-2023 | తోలుం వారి పరిశుద్ద వివాహ ఆహ్వానం | తుని part 2 | Apo Dr AS Ranjeet Ophir
0t2GVaAKlK8,channel,23-Jun-2023 | తోలుం వారి పరిశుద్ద వివాహ ఆహ్వానం | తుని part 1| Apo Dr AS Ranjeet Ophir
BdhavY0fkmI,channel,21-Jun-2023 | సత్య సువార్త ఉజ్జీవ కూడిక!  పార్వతీపురం | Apo Dr AS Ranjeet Ophir
61hTmO-japw,channel,21-Jun-2023 |  చోలగిరి వారి పరిశుద్ద వివాహ ఆహ్వానం | Apo Dr AS Ranjeet Ophir
mT00ZFK2oYU,channel,భక్తులను హెచ్చిస్తున్న దేవుడు!! | Spiritual Warfare Series | Day 671 | 19-Jun-2023 | Apo Dr AS Ophir
nqFFSqXcB-4,channel,18-Jun-2023 | Sunday Service | First Message | Central Church | Apo Dr A S Ranjeet Ophir
hhnGrJW3d-I,channel,18-Jun-2023 | Sunday Service | Second Message | Central Church | Apo Dr A S Ranjeet Ophir
niX4EFFrckM,channel,17–06–2023 | 1st Memorial Service  Rev.Dr.D.S. Satya Ranjan | A S Ranjeeth Ophir
1u9rBszeh4A,channel,క్షీరసాగర మధనం - Episode 146 | అపొ డా ఓఫీర్ గారితో ప్రశ్నోత్తరి | 16-Jun-2023
EcC0E-dRIZA,channel,17–06–2023 | 1st Memorial Service  Rev.Dr.D.S. Satya Ranjan | A S Ranjeeth Ophir
BOoeQsuF-Kc,channel,16-Jun-2023 | Bro. Priya Kumar's Memorial Service | Apo Dr AS Ranjeet Ophir
0_cbvNPgrHo,channel,16-Jun-2023 | Bro. Priya Kumar's Memorial Service | Apo Dr AS Ranjeet Ophir
lsTgf8SvHZE,channel,17-Jun-2023 | సంపూర్ణ రాత్రి ప్రార్థన | Spiritual Warfare Series | Day 670 | Apo Dr AS Ranjeet Ophir
vm6KlnNKyqc,channel,15-Jun-2023 | ACE - Vacation Bible SchoolsThanks Giving Meeting | Apo Dr AS Ranjeet Ophir
9GPfPui4_9s,channel,15-Jun-2023 | ACE - Vacation Bible SchoolsThanks Giving Meeting | Apo Dr AS Ranjeet Ophir
JONgl54MiG8,channel,15-Jun-2023 | సంపూర్ణ రాత్రి ప్రార్థన | Spiritual Warfare Series | Day 669 | Apo Dr AS Ranjeet Ophir
7XHOticERls,channel,15-Jun-2023 | సంపూర్ణ రాత్రి ప్రార్థన | Spiritual Warfare Series | Day 669 | Apo Dr AS Ranjeet Ophir
uwRIhFMs-iI,channel,14-Jun-2023 | సంపూర్ణ రాత్రి ప్రార్థన | Spiritual Warfare Series | Day 668 | Apo Dr AS Ranjeet Ophir
h1rPw2CZDAc,channel,"Dr రంజిత్ ఓఫీర్ గారి పాటలు , ఓఫిర్ దండు నోట! (సెంట్రల్ చర్చ్) 1"
zlNm55GU25Y,channel,13-Jun-2023 | సంపూర్ణ రాత్రి ప్రార్థన | Spiritual Warfare Series | Day 667 | Apo Dr AS Ranjeet Ophir
-6QuHI6A9Mo,channel,12-Jun-2023 | Pas చంద్ర మౌళి గారి షష్ఠి పూర్తి మహోత్సవం | Apo Dr AS Ranjeet Ophir
6ZAn8ALFHtY,channel,11-Jun-2023 | Sunday Service | Second Message | AFGC Malkajgiri  | Apo Dr AS Ranjeet Ophir
qd461qfUQSE,channel,11-Jun-2023 | Sunday Service | Second Message | Central Church | Apo Dr AS Ranjeet Ophir
LQ4sead04lE,channel,09-Jun-2023 | Truth Seekers Conference | Evening Session | Odisha | Apo Dr AS Ranjeet Ophir
ytCVRVmjYME,channel,09-Jun-2023 | Be a Good Pastor And Leader Conference | Odisha | Apo Dr AS Ranjeet Ophir
vS109wdymsQ,channel,09-Jun-2023 | సంపూర్ణ రాత్రి ప్రార్థన | Spiritual Warfare Series | Day 666 | Apo Dr AS Ranjeet Ophir
LKiYQa_UguM,channel,08-Jun-2023 | Truth Seekers Conference | Evening Session | Odisha | Apo Dr AS Ranjeet Ophir
ysfQ8m1JbnU,channel,08-Jun-2023 | Be a Good Pastor And Leader Conference | Odisha | Apo Dr AS Ranjeet Ophir
4AiEK8po8y8,channel,08-Jun-2023 | సంపూర్ణ రాత్రి ప్రార్థన | Spiritual Warfare Series | Day 665 | Apo Dr AS Ranjeet Ophir
D9m2vjk6DUc,channel,మతోన్మాదులకు తగిన గుణపాఠం చెబుదాం! హతసాక్షి చౌహాన్ కుటుంబం నూతన గృహం స్థలం నుండి! ఓఫీర్ గారు
Hrcr1_ZU7UI,channel,జైల్ నుండి రిలీజ్ అయిన పాస్టర్  సుజిత్ చర్చ్ కి మూలరాయి వేసిన ఓఫీర్ గారు
Ba7dz8dcX-s,channel,UP పాస్టర్  చౌహాన్ కుటుంబ నూతన గృహ నిర్మాణానికి మూల రాతిని వేసిన ophir గారు
B32-qXugNcQ,channel,07-Jun-2023 | సంపూర్ణ రాత్రి ప్రార్థన | Spiritual Warfare Series | Day 664 | Apo Dr AS Ranjeet Ophir
Sb8JHv47E-0,channel,06-Jun-2023 | సంపూర్ణ రాత్రి ప్రార్థన | Spiritual Warfare Series | Day 663 | Apo Dr AS Ranjeet Ophir
LFFPi8xD95w,channel,05-Jun-2023 | Ophir Ministries | Pastors Conference | Central Church | Apo Dr AS Ranjeet Ophir
BOcM5oiiz2g,channel,05-Jun-2023 | సంపూర్ణ రాత్రి ప్రార్థన | Spiritual Warfare Series | Day 662 | Apo Dr AS Ranjeet Ophir
JMfBKxqdABs,channel,క్రైస్తవుని జన్మహక్కు!!
Ur0pzJ2qJ5k,channel,రేయింబవలు నా ఆర్తధ్వని l Reyimbavalu l Ranjith Ophir Songs l Yatrikudi Padadhwanulu
7zyazZxmI70,channel,04-Jun-2023 | Sunday Service | First Message | Central Church | Apo Dr A S Ranjeet Ophir
gtcRz6I44Go,channel,04-Jun-2023 | Sunday Service | Secend Message | Central Church | Apo Dr A S Ranjeet Ophir
H29vTFa0czg,channel,25-05-23 | నామకరణ మహోత్సవం | Guntur
bWvUIDUH60I,channel,04-Jun-2023 | సంపూర్ణ రాత్రి ప్రార్థన | Spiritual Warfare Series | Day 661 | Apo Dr AS Ranjeet Ophir
kO5s4rWEgIs,channel,క్షీరసాగర మధనం - Episode 145 | అపొ డా ఓఫీర్ గారితో ప్రశ్నోత్తరి | 02-Jun-2023
sXPyQ8Lks3E,channel,03-Jun-2023 | సంపూర్ణ రాత్రి ప్రార్థన | Spiritual Warfare Series | Day 660 | Apo Dr AS Ranjeet Ophir
Z18S6KojPjs,channel,02-Jun-2023 | AFGC | సత్య సువార్త సభ | సాయంత్ర సభ | ఒంగోలు | Apo Dr AS Ranjeet Ophir
XEB51btvxAs,channel,02-Jun-2023 | AFGC | సత్య సువార్త సభ | బైబిల్ స్టడీ | ఒంగోలు | Apo Dr AS Ranjeet Ophir
VbUga3p4EAE,channel,02-Jun-2023 | AFGC | సత్య సువార్త సభ | సాయంత్ర సభ | ఒంగోలు | Apo Dr AS Ranjeet Ophir
i0h2aX6AynU,channel,02-Jun-2023 | సంపూర్ణ రాత్రి ప్రార్థన | Spiritual Warfare Series | Day 659 | Apo Dr AS Ranjeet Ophir
0YD2eeKC--I,channel,02-Jun-2023 | AFGC | సత్య సువార్త సభ | బైబిల్ స్టడీ | ఒంగోలు | Apo Dr AS Ranjeet Ophir
0cUJUymPKoI,channel,01-Jun-2023 | ఉదయకాల దైవధ్యానాలు | Day 800 | Yesu Kreesthu Krupanidhi Ministries
Tx84NFcHN9E,channel,01-Jun-2023 | సంపూర్ణ రాత్రి ప్రార్థన | Spiritual Warfare Series | Day 658 | Apo Dr AS Ranjeet Ophir
5b90L19sm3I,channel,31-May-2023 | సంపూర్ణ రాత్రి ప్రార్థన | Spiritual Warfare Series | Day 657 | Apo Dr AS Ranjeet Ophir
dYwRAT-5vNQ,channel,30-May-2023 | ఆశీర్వాదకరమైన ఒక రోజు | Chinnavalasa
LiquuzjonNw,channel,క్షీరసాగర మధనం - Episode 144 | అపొ డా ఓఫీర్ గారితో ప్రశ్నోత్తరి | 26-May-2023
DesLGYGDPTY,channel,30-May-2023 | Bible Study | ఆశీర్వాదకరమైన ఒక రోజు | Chinnavalasa
eVHwGcWC1RE,channel,30-May-2023 | Bible Study | ఆశీర్వాదకరమైన ఒక రోజు | Chinnavalasa
rdd3PnPt9i4,channel,29-May-2023 | శ్రీమతి యాదాలా పద్మ గారి ద్వితీయ జ్ఞాపకార్ధ కూడిక | Rangapuram
qeUYtR0yThs,channel,29-May-2023 | శ్రీమతి యాదాలా పద్మ గారి ద్వితీయ జ్ఞాపకార్ధ కూడిక | Rangapuram
dpJDjTK9p5Q,channel,29-May-2023 | సంపూర్ణ రాత్రి ప్రార్థన | Spiritual Warfare Series | Day 656 | Apo Dr AS Ranjeet Ophir
e208vaFDir0,channel,28-May-2023 | Sunday Service | First Message | Central Church | Apo Dr A S Ranjeet Ophir
wYS6x9IMi18,channel,28-May-2023 | Sunday Service | First Message | AFGC Malkajgiri | Apo Dr A S Ranjeet Ophir
TpfUQOKXYYs,channel,28-May-2023 | Sunday Service | Second Message | Central Church | Apo Dr A S Ranjeet Ophir
4hkrrLlkJf4,channel,28-May-2023 | Sunday Service | Second Message | Central Church | Apo Dr A S Ranjeet Ophir
e4yWvCT5DSk,channel,28-May-2023 | సంపూర్ణ రాత్రి ప్రార్థన | Spiritual Warfare Series | Day 655 | Apo Dr AS Ranjeet Ophir
nUDThF1yti0,channel,27-May-2023 | సంపూర్ణ రాత్రి ప్రార్థన | Spiritual Warfare Series | Day 654 | Apo Dr AS Ranjeet Ophir
D6MolhbpG8Y,channel,24-May-2023 | సర్వసత్య మహాసభలు | Night Session | Day 2 | AFGC Mathukumally
2IEHI99froo,channel,23-May-2023 | సర్వసత్య మహాసభలు | Night Session | Day 1 | AFGC Mathukumally
9Bu8yqykXd8,channel,23-May-2023 | సర్వసత్య మహాసభలు | Morning Session | Day 1 |  AFGC Mathukumally
Qlc9HFTx2Oo,channel,23-May-2023 | సర్వసత్య మహాసభలు | Night Session | Day 1 | AFGC Mathukumally
TxZK_wBEQrQ,channel,23-May-2023 | సంపూర్ణ రాత్రి ప్రార్థన | Spiritual Warfare Series | Day 652 | Apo Dr AS Ranjeet Ophir
el7bgephu5w,channel,07-May-2023 | Bro Camera Kiran's Birthday Celebrations | Central Church
cXsz41mlaX4,channel,22-May-2023 | Aryan Bill gates's First Birthday Celebrations | Sangareddy
OjpztR6iE_4,channel,Sree Yesu Deva Na Jeeva Naadha | Apo A S Ranjeet Ophir Songs
USFUWGVcz-o,channel,Aashcharya karuda Athi balavanthuda | Apo A S Ranjeet Ophir Songs
NanO2UX24VA,channel,Krupa kalugunu gaka | Apo A S Ranjeet Ophir songs
a17MHL-GO0M,channel,21-May-2023 | Sunday Service | Second Message | Central Church | Apo Dr A S Ranjeet Ophir
DgbHpT9KO54,channel,21-May-2023 | Bro కృష్ణ గారి గృహప్రవేశం | మంచిరేవుల! | Apo Dr A S Ranjeet Ophir
tz1s5Omkd08,channel,22-May-2023 | సంపూర్ణ రాత్రి ప్రార్థన | Spiritual Warfare Series | Day 651 | Apo Dr AS Ranjeet Ophir
AdqaMzNVgR0,channel,ఓఫీర్ గారి ఆడియో లో బండారం బయటపడిందా? యధార్థత బయటపడిందా?
ItVZ-jPIdZU,channel,20-May-2023 | సంపూర్ణ రాత్రి ప్రార్థన | Spiritual Warfare Series | Day 650 | Apo Dr AS Ranjeet Ophir
Mh-_K3Ha22o,channel,క్షీరసాగర మధనం - Episode 143 | అపొ డా ఓఫీర్ గారితో ప్రశ్నోత్తరి | 19-May-2023
v05b-aTraE8,channel,18–May–2023 | యేసు క్రీస్తు రక్షణ సువార్త మహాసభలు| Day 3 | Apo Dr A S Ranjeeth Ophir
G-lKwzb22_0,channel,18–May–2023 | యేసు క్రీస్తు రక్షణ సువార్త మహాసభలు| Day 3 | Apo Dr A S Ranjeeth Ophir
F7h6srsUSSw,channel,18–May–2023 | యేసు క్రీస్తు రక్షణ సువార్త మహాసభలు| యూత్ మీటింగ్ | Day 3 | Apo Dr A S Ranjeeth Ophir
OaqeD3AOaBo,channel,17–May–2023 | యేసు క్రీస్తు రక్షణ సువార్త మహాసభలు | Day 2 | Apo Dr A S Ranjeeth Ophir
XS3LBKDxZE8,channel,17–May–2023 | యేసు క్రీస్తు రక్షణ సువార్త మహాసభలు | బైబిల్ స్టడీ | Day 2| Apo Dr A S Ranjeeth Ophir
kzy7fxO3P8s,channel,17–May–2023 | యేసు క్రీస్తు రక్షణ సువార్త మహాసభలు | బైబిల్ స్టడీ | Day 2| Apo Dr A S Ranjeeth Ophir
42rEAB0QaIo,channel,16-May-2023 | యేసు క్రీస్తు రక్షణ సువార్త మహాసభలు | Day 1 | Apo Dr A S Ranjeeth Ophir
2mvdNN7DK_c,channel,క్షీరసాగర మధనం - Episode 142 | అపొ డా ఓఫీర్ గారితో ప్రశ్నోత్తరి | 13-May-2023
72N7lq9dYP8,channel,15-May-2023 | Hindi Service 1 Year Anniversary Celebrations | Church Office | Apo Dr  Ranjeet Ophir
gECl6jEaxks,channel,15-May-2023 | Hindi Service 1 Year Anniversary Celebrations | Church Office | Apo Dr  Ranjeet Ophir
5OndlDzt22g,channel,20-Mar-2023 | సంపూర్ణ రాత్రి ప్రార్థన | Spiritual Warfare Series | Day 621 | Apo Dr AS Ranjeet Ophir
a8uVS_Kdoq4,channel,"Testimony & Grand Felicitation Ceremony | Bro Hemaraju | Official Representative for US, OMI"
2-TiSjEwktI,channel,అయ్యగారి క్రొత్త పాట ఓఫిర్ దండు నోట!!
fFuZLq9HTY8,channel,15-May-2023 | సంపూర్ణ రాత్రి ప్రార్థన | Spiritual Warfare Series | Day 648 | Apo Dr AS Ranjeet Ophir
YtlnQa4hPo4,channel,తయారీలో నీతిమంతులు!! | AFGC Malkajgiri | Sunday Service | First Message | Apo Dr A S Ranjeet Ophir
Yj_r8bXHKp8,channel,క్రైస్తవ సమాజంపై మూడంచెల దాడి!! | Sunday Service | Second Message | Apo Dr Ophir | 14-May-2023
Csq6EMlfpDI,channel,12-May-2023 | గుర్రం వారి పరిశుద్ద వివాహ ఆహ్వానం | పాల్వంచ  | Apo Dr AS Ranjeet Ophir
PUUjinzITpw,channel,12-May-2023 | గుర్రం వారి పరిశుద్ద వివాహ ఆహ్వానం | పాల్వంచ  | Apo Dr AS Ranjeet Ophir
6PJk9NXw4dw,channel,12-May-2023 | సంపూర్ణ రాత్రి ప్రార్థన | Spiritual Warfare Series | Day 647 | Apo Dr AS Ranjeet Ophir
1xqhskkmRf0,channel,11-May-2023 | సంపూర్ణ రాత్రి ప్రార్థన | Spiritual Warfare Series | Day 646 | Apo Dr AS Ranjeet Ophir
s3KKzkOBLsA,channel,అబీషైలు కండి!!
vrPrbIAScwA,channel,10-May-2023 | సంపూర్ణ రాత్రి ప్రార్థన | Spiritual Warfare Series | Day 645 | Apo Dr AS Ranjeet Ophir
C2B8XA_6x1Q,channel,09-May-2023 | Word of God | Youth Meeting | Apo Dr A S Ranjeet Ophir
3fjoyHejmes,channel,09-May-2023 | సంపూర్ణ రాత్రి ప్రార్థన | Spiritual Warfare Series | Day 644 | Apo Dr AS Ranjeet Ophir
JW8VF775tmo,channel,దైవజనుల మీద  దుష్ప్రచారం చేసేవారు సిలువకు శత్రువులు.! | Short Answers | Apo Dr AS Ranjeet Ophir
gVb3i3_59Hs,channel,మనమందరం ప్రతి ఉదయం చేయాల్సిన ప్రార్థన!! | Short Messages | Apo Dr A S Ranjeet Ophir
xcgd0PZI5_o,channel,బోధన్ సభల గురించి అపొ డా ఓఫీర్ గారిచ్చిన అద్భుత సాక్ష్యం!!
FBLZXYDtQNw,channel,07-May-2023 | Sunday Service | Second Message | Central Church | Apo Dr A S Ranjeet Ophir
nyqwABo2iM4,channel,08-May-2023 | సంపూర్ణ రాత్రి ప్రార్థన | Spiritual Warfare Series | Day 643 | Apo Dr AS Ranjeet Ophir
UwfvnJQ5Zrk,channel,దయ్యముల జ్ఞానము..!!
EQ6f4D3TH_Y,channel,యథార్థత అంటే...
aRW60LHFQaI,channel,06-May-2023 | సత్య సువార్త ఉజ్జీవ మహాసభలు | బోధన్ | Day 3 | Bodhan | Apo Dr AS Ranjeet Ophir
ZYS7fgrZlG0,channel,06-May-2023 | రాష్ట్రీయ క్రైస్తవ పరిషత్ అవగాహన సదస్సు | Day 3 | Bodhan | Apo Dr AS Ranjeet Ophir
zvoMzJ3L7PE,channel,06-May-2023 | రాష్ట్రీయ క్రైస్తవ పరిషత్ అవగాహన సదస్సు | Day 3 | Bodhan | Apo Dr AS Ranjeet Ophir
uVC_GRMZxng,channel,06-May-2023 | సత్య సువార్త ఉజ్జీవ మహాసభలు | బోధన్ | Day 3 | Bodhan | Apo Dr AS Ranjeet Ophir
KYijbfepVnY,channel,06-May-2023 | సత్య సువార్త ఉజ్జీవ మహాసభలు | బోధన్ | Day 3 | Bodhan | Apo Dr AS Ranjeet Ophir
nh8u5aiPVyA,channel,06-May-2023 | సత్య సువార్త ఉజ్జీవ మహాసభలు | బోధన్ | Day 3 | Bodhan | Apo Dr AS Ranjeet Ophir
z2wSENWlBkE,channel,05-May-2023 | సత్య సువార్త ఉజ్జీవ మహాసభలు | Day 2 | Bodhan | Apo Dr AS Ranjeet Ophir
lNBxzDPdMUM,channel,05-May-2023 | తెలంగాణ రాష్ట్ర అభిషిక్త సేవకుల సదస్సు | Day 2 | Bodhan | Apo Dr AS Ranjeet Ophir
03UsNhGF40M,channel,05-May-2023 | తెలంగాణ రాష్ట్ర అభిషిక్త సేవకుల సదస్సు | Day 2 | Bodhan | Apo Dr AS Ranjeet Ophir
eSpsVQVr13I,channel,05-May-2023 | సత్య సువార్త ఉజ్జీవ మహాసభలు | Day 2 | Bodhan | Apo Dr AS Ranjeet Ophir
doqTt8v6ewo,channel,05-May-2023 | తెలంగాణ రాష్ట్ర అభిషిక్త సేవకుల సదస్సు | Day 2 | Bodhan | Apo Dr AS Ranjeet Ophir
o9WkCFzyyLs,channel,04-May-2023 | True Gospel Revival Meetings | Day 1 | Bodhan | Apo Dr AS Ranjeet Ophir
WrCtheYJZXE,channel,సువార్త సేవ ఫలించాలంటే ప్రతి క్రైస్తవుడు పాటించాల్సిన ప్రమాణం ఇదీ! | Apo Dr A S Ranjeet Ophir
sDrNqdP1P_8,channel,04-May-2023 | True Gospel Revival Meetings | Day 1 | Bodhan | Apo Dr AS Ranjeet Ophir
arlFi8FjtYk,channel,04-May-2023 | True Gospel Revival Meetings | Day 1 | Bible Study | Bodhan | Apo Dr AS Ranjeet Ophir
HBnf6qY5kwk,channel,04-May-2023 | True Gospel Revival Meetings | Day 1 | Bible Study | Bodhan | Apo Dr AS Ranjeet Ophir
inAlRyIUjNY,channel,03-May-2023 | సంపూర్ణ రాత్రి ప్రార్థన | Spiritual Warfare Series | Day 642 | Apo Dr AS Ranjeet Ophir
Fhh3IiNiLVE,channel,ప్రార్థనలకు జవాబులు వస్తాయా?? | Ranjith Ophir Shorts
Jc2yzXxZePI,channel,02-05-2023 | సంపూర్ణ సువార్త ప్రార్ధన సహవాసం |చిమ్నాపూర్ | సంగారెడ్డి | Apo Dr AS Ranjeet Ophir
CyaXL01Zab0,channel,02-05-2023 | సంపూర్ణ సువార్త ప్రార్ధన సహవాసం |చిమ్నాపూర్ | సంగారెడ్డి | Apo Dr AS Ranjeet Ophir
bfcgblz2F3E,channel,02-05-2023 | సంపూర్ణ సువార్త ప్రార్ధన సహవాసం |చిమ్నాపూర్ | సంగారెడ్డి | Apo Dr AS Ranjeet Ophir
aC6WUYEL9kU,channel,02-May-2023 | సంపూర్ణ రాత్రి ప్రార్థన | Spiritual Warfare Series | Day 641 | Apo Dr AS Ranjeet Ophir
UtKTEA5GmZQ,channel,01-May-2023 | సంపూర్ణ రాత్రి ప్రార్థన | Spiritual Warfare Series | Day 640 | Apo Dr AS Ranjeet Ophir
qJ8_4w7TjJw,channel,30-Apr-2023 |సీ హెచ్ సురేష్ గారి పదవీ స్వీకార మహోత్సవం
Q-Ekt5WVfsA,channel,30-Apr-2023 | Sunday Service | Second Message | Central Church | Apo Dr A S Ranjeet Ophir
Q0NzBWtaJI8,channel,29-Apr-2023 | VBS 2023 Valedictory Function  | Agape Child Evangelism(ACE Club)
P0fz_o1FE2A,channel,29-Apr-2023 | Vacation Bible School - 2023 | Day 5 | Agape Child Evangelism(ACE Club)
HZRIpD2Di7g,channel,29-Apr-2023 | Vacation Bible School - 2023 | Day 5 | Agape Child Evangelism(ACE Club)
XzWI7to_wv8,channel,29-Apr-2023 | Vacation Bible School - 2023 | Day 5 | Agape Child Evangelism(ACE Club)
vldYsPg7mBw,channel,29-Apr-2023 | సంపూర్ణ రాత్రి ప్రార్థన | Spiritual Warfare Series | Day 639 | Apo Dr AS Ranjeet Ophir
sJ5ZexNAtaY,channel,29-Apr-2023 | Vacation Bible School - 2023 | Day 5 | Agape Child Evangelism(ACE Club)
1B6X8B3BJuw,channel,29-Apr-2023 | Vacation Bible School - 2023 | Day 5 | Agape Child Evangelism(ACE Club)
OLntNwExR8o,channel,28-Apr-2023 | Vacation Bible School - 2023 | Day 4 | Agape Child Evangelism(ACE Club)
MjbquWApnDw,channel,28-Apr-2023 | Vacation Bible School - 2023 | Day 4 | Agape Child Evangelism(ACE Club)
bMXsuVXMNKo,channel,28-Apr-2023 | Vacation Bible School - 2023 | Day 4 | Agape Child Evangelism(ACE Club)
Y6n7wuDX2aI,channel,28-Apr-2023 | Teacher's Devotion | Vacation Bible School - 2023 | Day 4 | Agape Child Evangelism
JhI7UuOFiHE,channel,27-4-2023 | ఔట్ రీచ్ ఉపవాస ఉజ్జీవ  కూడిక | నిజామాబాద్
kQTOVT3UAN8,channel,27-Apr-2023 | Vacation Bible School - 2023 | Day 3 | Agape Child Evangelism(ACE Club)
CL2-R5SsSVY,channel,27-Apr-2023 | Vacation Bible School - 2023 | Day 3 | Agape Child Evangelism(ACE Club)
nS5z0r-53qc,channel,27-Apr-2023 | సంపూర్ణ రాత్రి ప్రార్థన | Spiritual Warfare Series | Day 638 | Apo Dr AS Ranjeet Ophir
X1e_dESzS7s,channel,27-Apr-2023 | Teacher's Devotion | Vacation Bible School - 2023 | Day 3 | Agape Child Evangelism
Db9CkreOgG8,channel,26-Apr-2023 | Vacation Bible School - 2023 | Day 2 | Agape Child Evangelism(ACE Club)
cRLV_5dOCTI,channel,26-Apr-2023 | Vacation Bible School - 2023 | Day 2 | Agape Child Evangelism(ACE Club)
woQqM7rMdq0,channel,26-Apr-2023 | సంపూర్ణ రాత్రి ప్రార్థన | Spiritual Warfare Series | Day 637 | Apo Dr AS Ranjeet Ophir
4n3hMjrSDCg,channel,25-Apr-2023 | Vacation Bible School - 2023 | Day 1 | Agape Child Evangelism(ACE Club)
Qo_zjDgULkk,channel,25-Apr-2023 | Vacation Bible School - 2023 | Day 1 | Agape Child Evangelism(ACE Club)
MOVHDYkWxTU,channel,23-Apr-2023 | Choir Songs | సామర్లకోట పట్టన క్రైస్తవ మహా సభలు | Day 3 | Apo Dr AS Ranjeet Ophir
qK98ozFu804,channel,23-Apr-2023 | సామర్లకోట పట్టన క్రైస్తవ మహా సభలు | Day 3 | Apo Dr AS Ranjeet Ophir
zpOsF8o1UMM,channel,"23-Apr-2023 | Sunday Service | First Service | AFGC, Samalkot | Apo Dr AS Ranjeet Ophir"
1ICQbchjLhE,channel,23-Apr-2023 | సామర్లకోట పట్టన క్రైస్తవ మహా సభలు | Day 3 | Apo Dr AS Ranjeet Ophir
owYKAzF2esM,channel,22-Apr-2023 | సామర్లకోట పట్టన క్రైస్తవ మహా సభలు | Bible Study | Day 2 | Apo Dr AS Ranjeet Ophir
_xfT0uHUUIg,channel,22-Apr-2023 | సామర్లకోట పట్టన క్రైస్తవ మహా సభలు | Day 2 | Apo Dr AS Ranjeet Ophir
AQAE5vonr5M,channel,22-Apr-2023 | సామర్లకోట పట్టన క్రైస్తవ మహా సభలు | Bible Study | Day 2 | Apo Dr AS Ranjeet Ophir
9fWzjxXaQHo,channel,21-Apr-2023 | సామర్లకోట పట్టన క్రైస్తవ మహా సభలు | Day 1 | Apo Dr AS Ranjeet Ophir
YsV8Y41WFTk,channel,21-Apr-2023 | సామర్లకోట పట్టన క్రైస్తవ మహా సభలు | Bible Study | Day 1 | Apo Dr AS Ranjeet Ophir
WByX9LXIfRs,channel,21-Apr-2023 | సామర్లకోట పట్టన క్రైస్తవ మహా సభలు | Bible Study | Day 1 | Apo Dr AS Ranjeet Ophir
ndClw3s3EMI,channel,21-Apr-2023 | సామర్లకోట పట్టన క్రైస్తవ మహా సభలు | Bible Study | Day 1 | Apo Dr AS Ranjeet Ophir
iiTmIipgAtM,channel,21-Apr-2023 | సామర్లకోట పట్టన క్రైస్తవ మహా సభలు | Bible Study | Day 1 | Apo Dr AS Ranjeet Ophir
eGJqTqBOo30,channel,ఉగ్రమూర్తి యేసు!! | Spiritual Warfare Series | Day 636 | Apo Dr AS Ranjeet Ophir | 20-Apr-2023
9OFLAllQ8d4,channel,నీ సేవా ఫలం!!
cAJu43MblUk,channel,19-Apr-2023 | Sister Rajeshwari's Memorial Service Message | Part 2 | Siddipet | Apo Dr AS Ophir
NyA4jqjyIfw,channel,దేవుని సేవ అంటే ఏమిటి??
DudP86mSxCE,channel,19-Apr-2023 | Sister Rajeshwari's Memorial Service Message | Part 1 | Siddipet | Apo Dr AS Ophir
wPLdPT2pZSE,channel,ప్రభువు నేర్పిన సంక్షేమ ప్రార్థన!! | Spiritual Warfare Series | Day 635 | Apo Dr Ophir | 19-Apr-2023
iR4rgIbPUj4,channel,18-Apr-2023 | VBS 2023 | Teachers and Volunteers Meeting | Church Office | Ophir Ministries
MRuJm5okGPA,channel,దేవుడు వాడుకునే మనుష్యుడు!!
9xb0xq1HiIo,channel,క్షీరసాగర మధనం - Episode 140 | అపొ డా ఓఫీర్ గారితో ప్రశ్నోత్తరి | 14-Apr-2023
CwDfJSOcJWA,channel,దేవుని చిత్తం ఎరిగి ప్రార్థించడం ఎలా?? | Spiritual Warfare Series | Day 634 | Dr Ophir | 17-Apr-2023
QhO1Ih5P3co,channel,16-Apr-2023 | Sunday Service | Second Message | Central Church | Apo Dr A S Ranjeet Ophir
Fh4wCqpEO_8,channel,14-Apr-2023 | AFGC Malkajgiri | 10th Anniversary Celebrations |  Apo Dr AS Ranjeet Ophir
XSgtC6kUW3o,channel,13-Apr-2023 | ఉపవాస ప్రార్థన | Central Church |  Apo Dr AS Ranjeet Ophir
Dk7-mtGiWhg,channel,మాయమైపోతున్న అగ్నిబాణాలు!! | Fasting Prayer | Evening Session | Apo Ranjeet Ophir | 13-Apr-2023
RUnuoixis_0,channel,స్వయం సానుభూతిని జయిద్దాం!! | Fasting Prayer | Central Church |  Apo Dr Ranjeet Ophir | 13-Apr-2023
50BbwteTyPQ,channel,IPBP ప్రజా కళాకారుడు Bro ఇస్సాకు అన్నగారి నోట IPBP పాట!
vbJe-u_mMhg,channel,12-Apr-2023 | సంపూర్ణ రాత్రి ప్రార్థన | Spiritual Warfare Series | Day 633 | Apo Dr AS Ranjeet Ophir
J18C4AwZvUQ,channel,సాతానుతో ప్రత్యక్ష పోరాటం! | Spiritual Warfare Series | Day 632 | Apo Dr Ranjeet Ophir | 11-Apr-2023
Rh_HUnJpp-0,channel,గుడ్ ఫ్రైడే నాడు క్రైస్తవులు గుడ్ ఫ్రైడే విషెస్ ఎందుకు చెప్పుకొరు? | Short Answer | Apo Dr A S Ophir
tEdmT640x5g,channel,10-Apr-2023 | సంపూర్ణ రాత్రి ప్రార్థన | Spiritual Warfare Series | Day 631 | Apo Dr AS Ranjeet Ophir
AJN9soIt7Ws,channel,09-Apr-2023 | Easter Sunday Service | First Message | Central Church | Apo Dr AS Ranjeet Ophir
kkAGzM581ss,channel,09-Apr-2023 | Easter Sunday Service | Second Message | Central Church | Apo. Dr AS Ranjeet Ophir
JDhYWg6HNp4,channel,09-Apr-2023 | Easter Sunday Service | Second Message | Central Church | Apo. Dr AS Ranjeet Ophir
f0OcItgAO5k,channel,09-Apr-2023 | Easter Sunday Service | First Message | Central Church | Apo. Dr AS Ranjeet Ophir
Q3XE9ZWWyj4,channel,𝐏𝐑𝐀𝐕𝐀𝐂𝐇𝐀𝐍𝐀 𝐏𝐔𝐑𝐔𝐒𝐇𝐔𝐃𝐔 | 𝐌𝐮𝐬𝐢𝐜 𝐛𝐲 𝐏𝐑𝐀𝐖𝐄𝐄𝐍 𝐆𝐀𝐍𝐃𝐇𝐀𝐌 | 𝐕𝐨𝐜𝐚𝐥𝐬 𝐛𝐲 𝐀𝐏𝐎𝐒𝐓𝐋𝐄 𝐃𝐑 𝐀 𝐒 𝐑𝐀𝐍𝐉𝐄𝐄𝐓 𝐎𝐏𝐇𝐈𝐑
kNyNVDMD1fI,channel,PRAVACHANA PURUSHUDU PROMO || Music by Praween Gandham || Vocals by Apostle Dr AS Ranjeet Ophir
v6CMOF7kxYk,channel,క్షీరసాగర మధనం - Episode 139 | అపొ డా ఓఫీర్ గారితో ప్రశ్నోత్తరి | 07-Apr-2023
t1KwlJvvBfs,channel,యేసు మరణ వేదనలు!! | Spiritual Warfare Series | Day 630 | Apo Dr AS Ranjeet Ophir | 08-Apr-2023
z0_QNBgrEdk,channel,07-Apr-2023 | Good Friday Service | Second Message | Central Church | Apo Dr A S Ranjeet Ophir
koCIc2s-fe4,channel,07-Apr-2023 | Good Friday Service | First Message | Central Church | Apo Dr A S Ranjeet Ophir
zYufv8CgT_g,channel,05-Apr-2023 | Apo Dr A S Ranjeet Ophir's 64th Birthday | Divine Visitation Day Celebrations
5GaKi8GDiiw,channel,05-Apr-2023 | Apo Dr A S Ranjeet Ophir's 64th Birthday | Divine Visitation Day Celebrations
beC2QmNaaI8,channel,05-Apr-2023 | Apo Dr A S Ranjeet Ophir's 64th Birthday | Divine Visitation Day Celebrations
JEny7DeSvD4,channel,05-Apr-2023 | IPBP 5th Anniversary Celebrations
cfDvzjXL7sk,channel,04-Apr-2023 | Ophir Ministries International Anointed Ministers Conference | Hyderabad
tttkpMvDcsE,channel,04-Apr-2023 | Ophir Ministries International Anointed Ministers Conference | Hyderabad
3UdGoQcN9gE,channel,03-Apr-2023 | సంపూర్ణ రాత్రి ప్రార్థన | Spiritual Warfare Series | Day 629 | Apo Dr AS Ranjeet Ophir
f3zTaryqvAw,channel,02-Apr-2023 | Palm Sunday Service | Second Message | Central Church | Apo Dr A S Ranjeet Ophir
A7e8GK13tf0,channel,02-Apr-2023 | Palm Sunday Service | Fitst Message | Central Church | Apo Dr A S Ranjeet Ophir
eMicMricMPE,channel,ఊడిపోతున్న సాతాను రథచక్రాలు!! | Spiritual Warfare Series | Day 628 | Apo Dr Ophir | 02-Apr-2023
rH6rrsCD7oc,channel,భజేహం భజేహం Song by Baby Sharanya
AoAncH38Yyo,channel,సకల జనులు కూడరే l Sakala Janulu Kudare l యాత్రికుడి పద ధ్వనులు | Ranjith Ophir Songs
jS94uUoeYN4,channel,నా దాగు చోటు | Naa Daagu Chotu l యాత్రికుడి పద ధ్వనులు | Ranjith Ophir Songs
BS6UIzI_6sE,channel,ప్రాకారాలను దాటుతున్న దావీదు..!! | Fasting Prayer | Evening Session | Ophir Ministries | 30-Mar-2023
bXvXDsWaFPk,channel,విషయ ప్రధానమైన ప్రార్థన...! | Fasting Prayer | Morning session | Ophir Ministries | 30-Mar-2023
xRu8Pfv3Beo,channel,29-Mar-2023 | సంపూర్ణ రాత్రి ప్రార్థన | Spiritual Warfare Series | Day 627 | Apo Dr AS Ranjeet Ophir
w20kIpTTfJ0,channel,27-Mar-2023 | 43rd Divine Visitation Day Celebrations | Evening Session | Apo A S Ranjeet Ophir
R-uY9FnsPhg,channel,27-Mar-2023 | 43rd Divine Visitation Day Celebrations | Evening Session | Apo A S Ranjeet Ophir
eOcPqTzw-8s,channel,27-Mar-2023 | 43rd Divine Visitation Day Celebrations | Apo A S Ranjeet Ophir
vALaaW0_7qQ,channel,27-Mar-2023 | 43rd Divine Visitation Day Celebrations | Apo A S Ranjeet Ophir
WZ-O8VcmqMw,channel,27-Mar-2023 | సంపూర్ణ రాత్రి ప్రార్థన | Spiritual Warfare Series | Day 626 | Apo Dr AS Ranjeet Ophir
gxUJiEQY_0Q,channel,26-Mar-2023 | Sunday Service | Second Message | Central Church | Apo Dr A S Ranjeet Ophir
kqO_QljHe4c,channel,43rd Divine Visitation Day Celebrations!!
zvdvu9mYUfk,channel,ఎదిరిస్తే బెదరిపోయే పిరికిపంద!  | Spiritual Warfare Series | Day 625 | Apo Dr AS Ophir | 26-Mar-2023
MImyZssBA8c,channel,ఇదిగో అసలైన క్రీస్తుసైన్యం!! | Spiritual Warfare Series | Day 620 | Apo Ranjeet Ophir | 19-Mar-2023
VJMdlTh-pfo,channel,క్షీరసాగర మధనం - Episode 138 | అపొ డా ఓఫీర్ గారితో ప్రశ్నోత్తరి | 24-Mar-2023
drwTdvchRgI,channel,మార్చ్ 27న దేవదర్శన దినోత్సవం!! | Apo Dr A S Ranjeet Ophir
qBQREuSbwPQ,channel,ప్రార్ధనలో విజయ రహస్యం!! | Spiritual Warfare Series | Day 619 | Apo Dr Ranjeet Ophir | 18-Mar-2023
DyFQGeaBEXI,channel,19-Mar-2023 | Sunday Service | Second Message | Central Church | Apo Dr A S Ranjeet Ophir
aBRVVsf60xY,channel,మడమ త్రిప్పని ప్రార్ధన!! | Spiritual Warfare Series | Day 618 | Apo Dr  Ranjeet Ophir | 17-Mar-2023
S1y-JT3_4YA,channel,అగాపే సంఘాలకు ఓఫీర్ అయ్యగారి ఉపవాస ప్రార్ధనా పిలుపు!!
NElhK2_m7vU,channel,19-Mar-2023 | Sunday service | First Message | AFGC Malkajgiri | Apo Dr A S Ranjeet Ophir
UB0cwUj2Tgc,channel,క్షీరసాగర మధనం - Episode 137 | అపొ డా ఓఫీర్ గారితో ప్రశ్నోత్తరి | 17-Mar-2023
-ZiHeLfVNgs,channel,వేటగాణ్ణే వేటాడుదాం!! | Spiritual Warfare Series | Day 617 | Apo Dr A S Ranjeet Ophir | 13-Mar-2023
iklNfEA6p6c,channel,"ఫ్లాష్ ఫ్లాష్  ఫ్లాష్.......... ఏప్రిల్4th,5Th మీటింగ్ కొరకు అపో Dr రంజిత్ ఓఫీర్ అయ్యగారి పిలుపు!!"
UhhiZKuZWms,channel,16-03-2023 | పాస్టర్ రామ్మోహనరావు గారి షష్టి పూర్తి మహోత్సవం | Ophir Ministries
Fi6OZ8ghgp8,channel,16-03-2023 | పాస్టర్ రామ్మోహనరావు గారి షష్టి పూర్తి మహోత్సవం | Ophir Ministries
IXGI6AuC2og,channel,ఆరాధించెద నిను మది | Aradhincheda Ninu Madi | Telugu Christian Song | Apo Dr A S Ranjeet Ophir
FGdT376fI50,channel,భీకర పోరాటంలో నిశ్చల విశ్వాసం!! | Spiritual Warfare Series | Day 616 | Apo Dr Ophir | 12-Mar-2023
stVqrtlMv2c,channel,ప్రళయంపై దేవుని పరిపాలన!! | Spiritual Warfare Series | Day 614 | Apo Dr Ranjeet Ophir | 07-Mar-2023
wSFLUd62bpY,channel,15–03–2023 | సత్యాన్వేషణ మహాసభలు | 2nd Day Night | పాతపట్నం | శ్రీకాకుళం | Ophir Ministries
I6njDn2N2Rc,channel,15–03–2023 | సత్యాన్వేషణ మహాసభలు | 2nd Day Night | పాతపట్నం | శ్రీకాకుళం | Ophir Ministries
mrV8EO9a-2E,channel,15-03-2023 | సత్యాన్వేషణ మహాసభలు | రెండవరోజుబైబిల్ తరగతి | పాతపట్నం | శ్రీకాకుళం | Ophir Ministries
kUBL_lh4NZQ,channel,14–03–2023 | సత్యాన్వేషణ మహాసభలు  | పాతపట్నం | శ్రీకాకుళం | Ophir Ministries
9NkDaTNMOXo,channel,14–03–2023 | సత్యాన్వేషణ మహాసభలు  | పాతపట్నం | శ్రీకాకుళం | Ophir Ministries
MsabwmPqhd8,channel,14–03–2023 | సత్యాన్వేషణ మహాసభలు | మొదటిరోజు బైబిల్ తరగతి| పాతపట్నం | శ్రీకాకుళం | Ophir Ministries
XlaVfNBzH24,channel,14–03–2023 | సత్యాన్వేషణ మహాసభలు | మొదటిరోజు బైబిల్ తరగతి| పాతపట్నం | శ్రీకాకుళం | Ophir Ministries
o-b_miFwkpQ,channel,అగోచరుని సేవలో...!! | Spiritual Warfare Series | Day 615 | Apo Dr A S Ranjeet Ophir | 09-Mar-2023
DU8-i_gq4Z0,channel,మన ధైర్యానికి ఆధారం!! | Sunday Service | First Message | Apo Dr AS Ranjeet Ophir | 12-Mar-2023
w1ZYTWKJDKo,channel,ఎలీయెజెరు సహాయంతో ఎలోహీం సహవాసం!! | Sunday Service | Second Message | Dr Ranjeet Ophir | 12-Mar-2023
hN6x-jGB1YE,channel,ఘటసర్పంపై భక్తుని విజయం!! | Satya Sthuthi Samaram | 2nd Session | Central Church | 11-Mar-2023
u3ipUian4v4,channel,సీయోన్ యాత్ర నేను | Siyoon yaatra nenu | Telugu Christian songs | Apo Dr A S Ranjeet Ophir
hBcqdJWbun0,channel,భక్తుల పాదాల క్రింద సమస్తం!! | Satya Sthuthi Samaram | 1st Session | Ophir Ministries | 11-Mar-2023
309jRmou_AE,channel,క్షీరసాగర మధనం - Episode 136 | అపొ డా ఓఫీర్ గారితో ప్రశ్నోత్తరి | 10-Mar-2023
hkOEImZj034,channel,సిలువే నా శరణాయెనురా | Siluve Naa Sharanaayenu | ఆంధ్ర క్రైస్తవ కీర్తనలు | Apo Dr A S Ranjeet Ophir
nZ-m0bZ_tfs,channel,క్రీస్తు సైనికుల మొదటి ఆయుధం!! | Spiritual Warfare Series | Day 613 | Apo Dr A S Ophir | 06-Mar-2023
OajLMW_YI_4,channel,09-Mar-2023 | సింగీతంలో పరలోక సంగీతం | రాయికోడ్ | సింగీతం | Ophir Ministries
XA6Ouj8fFmQ,channel,08-Mar-2023 | అంతర్జాతీయ మహిళ దినోత్సవం | Ophir Ministries
awU6Xy4PeiI,channel,08-Mar-2023 | అంతర్జాతీయ మహిళ దినోత్సవం | Ophir Ministries
yRf4t-r1qzQ,channel,08-Mar-2023 | అంతర్జాతీయ మహిళ దినోత్సవం | Part 1| Ophir Ministries
NfGlbZlS4JM,channel,భక్తులారా స్మరియించెదము | Bhaktulaara Smariyinchedamu |  సీయోను గీతాలు | Apo Dr A S Ranjith Ophir
2ffqF-E4yJM,channel,ఎగిరిపోతున్న దుఃఖం!! | Spiritual Warfare Series | Day 612 | Apo Dr A S Ranjeet Ophir | 05-Mar-2023
7zxCGkF8uJ4,channel,07–03–2023 | సర్వ సత్య మహాసభ | తిమ్మOపేట | బద్రాది కొత్తగూడెం జిల్లా | Ophir Ministers
6djmC9Az8F0,channel,7-Mar-2023 | Satyasuvartha Mahasabha | Timmam peta
QGjcjh5Hbf0,channel,"జీవగ్రంథంలో ముందుగానే పేర్లు వ్రాయబడి ఉంటే, సువార్త ప్రకటన ఎందుకు? | Ranjith Ophir Answers"
sawkXtbv4RI,channel,రెండు విధముల విజ్ఞాపన | Spiritual Warfare Series | Day 611 | Apo Dr A S Ranjeet Ophir | 04-Mar-2023
NnCCt7uWL8Q,channel,"06-Mar-2023 | Ophir Ministries Ordained Ministers Conference,TS | Central Church | Hyderabad"
WEPEs7HHAgA,channel,గుడులు అక్కరలేని మోక్షమార్గం!! | Sunday Service | Second Message | Apo Ranjeet Ophir | 05-Mar-2023
aXFKwSxzI4Y,channel,Testimony of Pastor Thomas Mashi from Punjab | Nizampet Church Grounds | 05-Mar-2023
tEl0QdUiIwE,channel,క్రీస్తుకు నష్టం కలిగిస్తున్న క్రైస్తవులు!! | Sunday Service | First Message | 05-Mar-2023
kJzBz3njvDU,channel,క్షీరసాగర మధనం - Episode 135 | అపొ డా ఓఫీర్ గారితో ప్రశ్నోత్తరి | 03-Mar-2023
PtFhEMPE06A,channel,"దేవునితో ప్రణయం, ప్రార్థన! | Spiritual Warfare Series | Day 610 | Apo Dr Ranjeet Ophir | 03-Mar-2023"
HzxyCqDQF0A,channel,నీవే యెహోవా నా కాపరివి | Neeve Yehovaa Naa Kaaparivi | Siyonu Geetaalu | By Apo A S Ranjith Ophir
pSlcOX7B-Bo,channel,దైవంభౌ శ్రీ యేసువా l Daivambow Shree Yesuvaa l Songs of  KV Jacob garu | by Apo Dr A S Ranjith Ophir
scf4DV0u4QA,channel,ఇశ్రాయేలు సైన్యములకు | Israelu Sainyamulaku | Ranjith Ophir Songs
ps0BIOpmOns,channel,దేవుని కుటుంబంలో సవతి పోరు!! | Spiritual Warfare Series | Day 609 | Apo Dr A S Ophir | 02-Mar-2023
-F1P9UHpNS4,channel,తేజోవాసుల విడుదల | Tejovasula Vidudala | Ranjith Ophir Audio Messages | 01-Mar-2023
3UhjbBWsRa8,channel,01-Mar-2023 | మానవ జ్ఞానంపై దేవుని ద్వేషం | Manava Gnanampai Devuni Dwesham | Audio Messages
5mr-D_0tnRQ,channel,01-Mar-2023 | మర్చిపోతే మరణం | Marchipote Maranam | Dr A S Ranjeet Ophir | Audio Messages
7RHEt0muzIA,channel,01-Mar-223 | ఖండించండి | Khandinchandi | Apostle Dr A S Ranjeet Ophir | Audio Messages
Atq2RjKxEkQ,channel,01-Mar-2023 | హైందవ క్రైస్తవం | Haindava Kraistavam| Dr A S Ranjeet Ophir | Audio Messages
Ip-MrsVjVLM,channel,01-Mar-2023 | మనం మరచిన వాక్యాలు | Manam Marachina Vakyalu | Dr A S Ranjeet Ophir | Audio Messages
RoP_2VGgpJs,channel,01-Mar-2023 | అసంపూర్ణులకు ఆశ్రయం | Asampurnulaku Aashrayam | Dr A S Ranjeet Ophir | Audio Messages
aOGbNW0q4eg,channel,01-Mar-2023 | నరావతార మర్మము | Naravataara Marmamu | Apostle Dr A S Ranjeet Ophir | Audio Messages
eMuevHu-z80,channel,01-Mar-2023 | సాతాను తంత్రములు | Saatanu Tantramulu | Dr A S Ranjeet Ophir | Audio Messages
fZ_h5ssgcd0,channel,01-Mar-2023 | గొర్రెలు మేకల చిక్కుముడి | Gorrelu Mekala Chikkumudi | AS Ranjeet Ophir| AudioMessages
j7-Mzo6F3ZI,channel,01-Mar-2023 | అసలైన సృష్తికర్త | Asalaina Srushtikarta | Dr A S Ranjeet Ophir | Audio Messages
lUo8G5iKK8E,channel,01-Mar-2023 | జీవ వాక్యమును గూర్చినది | Jeeva Vakyamunu Gurchinadi | Ranjeet Ophir | Audio Messages
uhQEQqB1RR4,channel,01-Mar-2023 | ఇది వెయ్యేండ్ల పాలనా | Idi Veyyendla Paalana | Dr A S Ranjeet Ophir | Audio Messages
vk_FpKSbQkg,channel,01-Mar-2023 | భక్తుల వేరు | Bhaktula Veru | | Apostle Dr A S Ranjeet Ophir | Audio Messages
zJK5_g0RjOU,channel,01-Mar-2023 | వారసులు కాని పిల్లలు | Varasulu Kani Pillalu | A S Ranjeet Ophir | Audio Messages
RCfT7Vzsjjs,channel,తరతరములలోన యుగయుగములలో | Tarataramulalona Yugayugamulalo | Ranjith Ophir Songs
s3Szkgasp7E,channel,హల్లెలూయ హల్లెలూయ స్తోత్రములు | Hallelujah Hallelujah Sthothramulu | Ranjith Ophir Songs
sq-dfqsZgd4,channel,ప్రవక్తల విజయ రహస్యం!! | Spiritual Warfare Series | Day 608 | Apo Dr A S Ranjeet Ophir | 01-Mar-2023
w6VfZLjstKI,channel,సర్వ చిత్తంబు నీదేనయ్యా | Sarva Chitthambu Needenayyaa | Ranjith Ophir Songs
xEXw0ivt2RQ,channel,అసలైన యుద్ధ సన్నద్ధులు!! | Spiritual Warfare Series | Day 607 | Apo Dr Ranjeet Ophir | 28-Feb-2023
oTnzEA1M86A,channel,01-Mar-2023 | సత్య మార్గములు!!  | Apostle Dr A S Ranjeet Ophir | Audio Messages
-xfyso2xwvg,channel,01-Mar-2023 | క్రైస్తవుని ఆధిక్యతలు బాధ్యతలు!!  | Apostle Dr A S Ranjeet Ophir | Audio Messages
SksvWjWGZV4,channel,01-Mar-2023 | యుద్ధరంగములో జోలపాట!!  | Apostle Dr A S Ranjeet Ophir | Audio Messages
hrtxLzVPst0,channel,01-Mar-2023 | దేవుని లక్ష్యం!!  | Apostle Dr A S Ranjeet Ophir | Audio Messages
ss8mQyW5G-w,channel,కృపలను తలంచుచు | Krupalanu Talamchuchu | Ranjith Ophir Songs
GZj4Pn46AAM,channel,మానవ హృదయకాఠిన్యానికి మందు!! | Spiritual Warfare Series | Day 606 | Apo Dr A S Ophir | 27-Feb-2023
BBOWbc8-n78,channel,జీవితాంతము వరకు నీకే | Jeevithaanthamu Varaku Neeke | Ranjith Ophir Songs
oqrQJiMhi40,channel,లోకాన్ని జయిస్తున్న విశ్వాసం! | Spiritual Warfare Series | Day 605 | Apo Dr A S Ophir | 26-Feb-2023
HTLJ267jNg0,channel,27-Feb-2023 | AFGC Tsn Colony vsp| 22nd Anniversary | Ophir Ministries
egku7eU0U24,channel,27-Feb-2023 | AFGC Tsn Colony vsp| 22nd Anniversary | Ophir Ministries
XHeYjc3t5yw,channel,అద్భుత దీవెనలు | Adbhuta Deevenalu | Ranjith Ophir Songs
UX5bkcsSBtM,channel,అడుగులు జారగ నీయక  l Adugulu Jaaraga Neeyaka | Ranjith Ophir Songs | Bro Anand
DIzsD5Pnk88,channel,ఏకులమని నన్నెందుకడిగితివి | Yekulamani Nannendukadigithivi | Ranjith Ophir Songs
qyfG6TwKQyA,channel,హనోకు సాక్ష్యం!! | Sunday Service | Second Message | Apo Dr A S Ranjeet Ophir | 26-Feb-2023
C-cIFLiFlTU,channel,దేవునికి అతిశయకారణమైన భక్తులు!! | Sunday Service | First Message | Apo Ranjeet Ophir | 26-Feb-2023
d5mu2l4MPUA,channel,ముగింపుకు వస్తున్న విశ్వయుద్ధం!! | Spiritual Warfare Series | Day 604 | Apo Dr Ophir | 24-Feb-2023
-pDHGECmpdk,channel,క్షీరసాగర మధనం - Episode 134 | అపొ డా ఓఫీర్ గారితో ప్రశ్నోత్తరి | 24-Feb-2023
GM6eP9Wytn0,channel,నీ పాదం మ్రొక్కెదన్ | Nee Paadam Mrokkedan | Ranjith Ophir Songs
6jGcXNIewQk,channel,దశల వారీగా ముంచుకు వస్తున్న మరణం!! | Spiritual Warfare Series | Day 603 | Apo Dr Ophir | 23-Feb-2023
qgZ_WSjahiQ,channel,24-Feb-2023 | Ophir Ministries Outreach | 3rd Session | Vijayawada | Apo Dr AS Ranjeet Ophir
Pv8EJgO1_aI,channel,24-Feb-2023 | Ophir Ministries Outreach Fasting Prayers | Vijayawada | Apo Dr AS Ranjeet Ophir
zLO5RP0ZJZs,channel,యెహోవా నీ నామము | Yehovaa Nee Naamamu | Ranjith Ophir Songs
_oMwiPOhWq0,channel,నిషిద్ధమైన ఇతర ఆశ్రయపురాలు!! | Spiritual Warfare Series | Day 602 | Apo Dr A S Ophir | 22-Feb-2023
gMG-23A4fGs,channel,చితికిన బ్రతుకుల ఆనంద గీతం!! | Spiritual Warfare Series | Day 601 | Apo Ranjeet Ophir | 21-Feb-2023
RPms6vQOIMU,channel,ధన్యులు అవుతున్న దరిద్రులు! | Spiritual Warfare Series | Day 600 | Apo Ranjeet Ophir | 20-Feb-2023
sXot8xkl8No,channel,21-Feb-2023 | ప్రత్యేక సందేశం | 700 Days Of Prayer | యేసుక్రీస్తు కృపానిధి మినిస్ట్రీస్ | Apo Ophir
GbtmWOxtNb8,channel,భయము లేదుగా మనకు | Bhayamu Ledugaa Manaku | Ranjith Ophir Songs
f6eX2NGZQXs,channel,ప్రార్థనలో నిరాశకు పరిష్కారం! | Spiritual Warfare Series | Day 599 | Apo Ranjeet Ophir | 19-Feb-2023
5mfmbGBvwZo,channel,దేవుని ప్రియమగు యువజనమా | Devuni Priyamagu Yuva Janama | Ranjith Ophir Songs
t_BB1ARcK34,channel,"ఓఫీర్ మినిస్ట్రీస్ లక్ష్యం, ధ్యేయం!! | Sunday Service | Second Message | Apo Dr Ophir | 19-Feb-2023"
GMrJDRrcu9Q,channel,19-Feb-2023 | Sunday Service | Second Message | Central Church | Apo Dr A S Ranjeet Ophir
iquojD6uNZI,channel,అనుదినము మా భారము | Anudinamu Maa Bhaaramu | Ranjith Ophir Songs
bIgp8Du8MxY,channel,దేవుని పరాక్రమ క్రియలు! | Spiritual Warfare Series | Day 598 | Apo Dr Ranjeet Ophir | 18-Feb-2023
dY_rD3nmiX0,channel,నిరుపేదలు అన్నింటినీ కొనుక్కోవచ్చు! | Spiritual Warfare Series | Day 597 | Apo Ophir | 17-Feb-2023
nyjInkOkOHQ,channel,దేవుని వారసులం | Devuni Vaarasulam | Ranjith Ophir Songs
eb8tqI7XrHs,channel,క్షీరసాగర మధనం - Episode 133 | అపొ డా ఓఫీర్ గారితో ప్రశ్నోత్తరి | 17-Feb-2023
806hG73Bqdg,channel,దేవుని శత్రువుల ఓటమి తథ్యం | Spiritual Warfare Series | Day 596 | Apo Ranjeet Ophir | 16-Feb-2023
yNOPdIiGp_8,channel,ప్రియ యేసు నిర్మించితివి  |  Priya Yesu Nirminchithivi | Ranjith Ophir Songs
yg3ZGkkmeks,channel,ఆరాధ్య దైవమా నా సర్వమా | Aaradhya Daivama Na Sarvama | Ranjith Ophir Songs
fmbHA2TNHL4,channel,ప్రార్థన యొక్క పరమార్ధం | Spiritual Warfare Series | Day 595 | Apo Ranjeet Ophir | 14-Feb-2023
HJejo1bHRJ8,channel,14-Feb-2023 | కృతజ్ఞత కూటం | సాయంత్రం సభ | విజయవాడ | Apo Dr A S Ranjeet Ophir
g5DaWIQhxvE,channel,ఓ ప్రభువా ఉజ్జీవము నిమ్ము  | O Prabhuva Ujeevamu Nimmu | Ranjith Ophir Songs
7xR_FOyeBD4,channel,ఎరుగని రీతిగా నన్ను దర్శించే నీ కృప  | Yerugani Reethiga Nannu Darshinche | Ranjith Ophir Songs
Az8liezi81c,channel,శరణని వేడెద కరుణామయుడా | Sharanani Vededa Karunamayuda | Ranjith Ophir songs
X7k0TE99Ynw,channel,భజేహం భజేహం | Bhajeham Bhajeham |  Ranjith Ophir Songs
7mhvZriOxwE,channel,"14-Feb-2023 | వాసా ప్రసాద్, శారా వారి గృహప్రవేశ మహోత్సవము | Apo Dr A S Ranjeet Ophir"
fjKQlDEyTdA,channel,అకాల మరణంపై భక్తుల యుద్ధం!! | Spiritual Warfare Series | Day 594 | Apo Ranjeet Ophir | 12-Feb-2023
F_uJWrlsVlw,channel,Bro.Bharath's & Bro Nagaraju's Ordination Ceremony | Ophir Ministries | 12-Feb-2023
61oYAExjwhQ,channel,12-Feb-2023 | Sunday Service | First Message | Central Church | Apo Dr A S Ranjeet Ophir
ovE07T5lqwY,channel,11-Feb-2023 |1st Anniversary Celebrations of House Dedication | Thanks Giving Prayer | Ranjeet Ophir
ehDw7qEzGN8,channel,క్షీరసాగర మధనం - Episode 132 | అపొ డా ఓఫీర్ గారితో ప్రశ్నోత్తరి | 10-Feb-2023
m0Ww0M5gG8o,channel,live
pw5NU88fuu4,channel,11-Feb-2023 | సంపూర్ణ రాత్రి ప్రార్థన | Spiritual Warfare Series | Day 593 | Apo Dr AS Ranjeet Ophir
rMFdGh1LFXE,channel,10-Feb-2023 | సంపూర్ణ రాత్రి ప్రార్థన | Spiritual Warfare Series | Day 592 | Apo Dr AS Ranjeet Ophir
W-FiENoZOxY,channel,09-Feb-2023 | బాలరాజు జ్ఞాపకార్ధ  కూడిక | బాలాపూర్ | Ranjeet Ophir
aPjMmfITD00,channel,క్షీరసాగర మధనం - Episode 129 | అపొ డా ఓఫీర్ గారితో ప్రశ్నోత్తరి | 20-Jan-2023
DU53VzXeZjA,channel,"07-Feb-2023 | కృతజ్ఞత కూడిక | Thanks Giving Prayer | Pr Yadala Abbulu, Sreedha Homes | Ranjeet Ophir"
H1QeGAflFs4,channel,07-Feb-2023 | సంపూర్ణ రాత్రి ప్రార్థన | Spiritual Warfare Series | Day 591 | Apo Dr AS Ranjeet Ophir
8pxOomMajWY,channel,06-Feb-2023 | Ophir Ministries Pastors & Evangelists Conference | Telangana | Dr A S Ranjeet Ophir
dfzwD_6IeHU,channel,06-Feb-2023 | సంపూర్ణ రాత్రి ప్రార్థన | Spiritual Warfare Series | Day 590 | Apo Dr AS Ranjeet Ophir
XSbf6gsvOnY,channel,క్షీరసాగర మధనం - Episode 131 | అపొ డా ఓఫీర్ గారితో ప్రశ్నోత్తరి | 03-Feb-2023
HtZQkn7d66Q,channel,05-Feb-2023 | Sunday Service | Second Message l Central Church | Apo Dr AS Ranjeet Ophir
XDa-T_DtVwA,channel,05-Feb-2023 | Sunday Service | First Message l Central Church | Apo Dr AS Ranjeet Ophir
-HcLRgnuU7I,channel,05-Feb-2023 | Sunday Service | First Message l AFGC Malkajgiri | Apo Dr AS Ranjeet Ophir
RBDsaSR2c5o,channel,05-Feb-2023 | సంపూర్ణ రాత్రి ప్రార్థన | Spiritual Warfare Series | Day 589 | Apo Dr AS Ranjeet Ophir
kXQBN4pPCaQ,channel,31-Jan-2023 | ఆశీర్వాదకరమైన ఒకరోజు | AFGC | సామర్లకోట సంఘం | Apo Dr AS Ranjeet Ophir
JeLQVIX7iS0,channel,03-Feb-2023 | సంపూర్ణ రాత్రి ప్రార్థన | Spiritual Warfare Series | Day 588 | Apo Dr AS Ranjeet Ophir
0qcbv7zCjCs,channel,క్షీరసాగర మధనం - Episode 130 | అపొ డా ఓఫీర్ గారితో ప్రశ్నోత్తరి | 27-Jan-2023
qjBnmhic32Q,channel,02-Feb-2023 | సంపూర్ణ రాత్రి ప్రార్థన | Spiritual Warfare Series | Day 587 | Apo Dr AS Ranjeet Ophir
k5xyzpQ0pPo,channel,1-Feb-2023 | సర్వ సత్య మహాసభ | AFGC | తాళ్ల రేవు | Apo Dr AS Ranjeet Ophir
V8NG3QM_vTE,channel,1-Feb-2023 | సర్వ సత్య మహాసభ | AFGC | తాళ్ల రేవు | Apo Dr AS Ranjeet Ophir
C9IGuThrtjs,channel,1-Feb-2023 | సర్వ సత్య మహాసభ | AFGC | తాళ్ల రేవు | Apo Dr AS Ranjeet Ophir
I1qFSx2M4CA,channel,1-Feb-2023 |నూతన మందిర ప్రతిష్ట మహోత్సవం | AFGC | తాళ్ల రేవు | Apo Dr AS Ranjeet Ophir
qODm6L8H7mI,channel,1-Feb-2023 |నూతన మందిర ప్రతిష్ట మహోత్సవం | AFGC | తాళ్ల రేవు | Apo Dr AS Ranjeet Ophir
3J8S8WfTGxE,channel,1-Feb-2023 |నూతన మందిర ప్రతిష్ట మహోత్సవం | AFGC | తాళ్ల రేవు | Apo Dr AS Ranjeet Ophir
fxtDWoqDTZs,channel,1-Feb-2023 |నూతన మందిర ప్రతిష్ట మహోత్సవం | AFGC | తాళ్ల రేవు | Apo Dr AS Ranjeet Ophir
zj49AqCvo1c,channel,1-Feb-2023 | సంపూర్ణ రాత్రి ప్రార్థన | Spiritual Warfare Series | Day 586 | Apo Dr AS Ranjeet Ophir
vXQIdffwfaQ,channel,31-Jan-2023 | ఆశీర్వాదకరమైన ఒకరోజు | |  AFGC | సామర్లకోట సంఘం | Apo Dr AS Ranjeet Ophir
Z7CzpbSO7Vg,channel,31-Jan-2023 | ఆశీర్వాదకరమైన ఒకరోజు | సందేశం|  AFGC | సామర్లకోట సంఘం | Apo Dr AS Ranjeet Ophir
UCLR69hDRwU,channel,31-Jan-2023 | ఆశీర్వాదకరమైన ఒకరోజు AFGC | సామర్లకోట సంఘం | Apo Dr AS Ranjeet Ophir
QQdxDpkGsm8,channel,31-Jan-2023 | సంపూర్ణ రాత్రి ప్రార్థన | Spiritual Warfare Series | Day 585 | Apo Dr AS Ranjeet Ophir
xclPrrlO51U,channel,30-Jan-2023 | సంపూర్ణ రాత్రి ప్రార్థన | Spiritual Warfare Series | Day 584 | Apo Dr AS Ranjeet Ophir
KRZ0u9pxXAs,channel,29-Jan-2023 | 11th Anniversary - Thanksgiving Meeting | AFGC Zaheerabad | Apo Dr AS Ranjeet Ophir
DIaehoKfy6w,channel,29-Jan-2023 | Sunday Service | Second Message | Central Church | Apo Dr A S Ranjeet Ophir
8Fi05ZUQ7G4,channel,28-Jan-2023 | సంపూర్ణ రాత్రి ప్రార్థన | Spiritual Warfare Series | Day 583 | Apo Dr AS Ranjeet Ophir
Jq5Ut0AgwdU,channel,23–Jan–2023 | ఆశీర్వాదకరమైన ఒక రోజు | Evening Session | Apo Dr Ranjeet Ophir
S5IT_JkSzN4,channel,23–Jan–2023 | ఆశీర్వాదకరమైన ఒక రోజు | Evening Session | Apo Dr Ranjeet Ophir
LnlyjRd1hms,channel,27-Jan-2023 | సంపూర్ణ రాత్రి ప్రార్థన | Spiritual Warfare Series | Day 582 | Apo Dr AS Ranjeet Ophir
ELfDQo5NEv4,channel,23–Jan–2023 | ఆశీర్వాదకరమైన ఒక రోజు | Morning Bible Study | Apo Dr Ranjeet Ophir
hsctZDhmbaw,channel,26-Jan-2023 | 74th Republic Day Celebrations | Desabhaktha Dr AS Ranjeet Ophir
6cEL0gNOXk4,channel,26-Jan-2023 | 74th Republic Day Celebrations | Desabhaktha Dr AS Ranjeet Ophir
MNCRmkF9Xcs,channel,26-Jan-2023 | సంపూర్ణ రాత్రి ప్రార్థన | Spiritual Warfare Series | Day 581 | Apo Dr AS Ranjeet Ophir
cp2GloL1Lb4,channel,25-Jan-2023 | సంపూర్ణ రాత్రి ప్రార్థన | Spiritual Warfare Series | Day 580 | Apo Dr AS Ranjeet Ophir
tBlNEZk0ua8,channel,స్థిరులై ఉండుడి!! | Sunday Service | Second Message | Apo Dr A S Ranjeet Ophir | 22-Jan-2023
qAo_xb6FRSg,channel,HMTV లో పాస్టర్ ఎడ్వర్డ్ కుంటం గారి మీద వచ్చిన కథనానికి రంజిత్ ఓఫీర్ గారి అద్భుత స్పందన.
41H18m5_bAQ,channel,పాపానికి పరిష్కారం!! | Sunday Service | First Message | AFGC Malkajgiri | Apo Dr Ophir | 22-Jan-2023
aqwt9fsTcpg,channel,ఈనాటి ఎపఫ్రాలు!! | Spiritual Warfare Series | Day 579 | Apo Dr AS Ranjeet Ophir | 22-Jan-2023
4it8KK-05ZU,channel,21-Jan-2023 | సంపూర్ణ రాత్రి ప్రార్థన | Spiritual Warfare Series | Day 578 | Apo Dr AS Ranjeet Ophir
Us1yeJhIHkY,channel,క్రీస్తును పైకి ఎత్తుదాం!! | Spiritual Warfare Series | Day 577 | Apo Dr Ranjeet Ophir | 20-Jan-2023
NH-7Dqyo7ow,channel,పరిశుద్ధ పక్షపాతం...!! | Spiritual Warfare Series | Day 576 | Apo Dr AS Ranjeet Ophir | 19-Jan-2023
lSd8LTFK1m8,channel,పగవారిపై సీయోను విజయం...!! | Spiritual Warfare Series | Day 575 | Apo Ranjeet Ophir | 18-Jan-2023
VL4685ATobg,channel,భక్తులందరూ బంధ విముక్తులు కావాలి!! | Spiritual Warfare Series | Day 574 | Dr Ophir | 17-Jan-2023
BimtzNgY9Nc,channel,15–01–2023 | OMI & RKP | Newly Appointed | Uttara Pradesh State Incharge | Pst Manoj Kumar
dT6QHfk7cpY,channel,నా జీవితంలో దేవుని మహిమ | Testimony of Sister Madhavi
MPXuMo81Z6Q,channel,16-Jan-2023 | Late Sri Addanki Swamidas's 49th Memorial Service | Hyderabad
k2u-l1rUMgo,channel,ధన్యులకూ ఆపదలు!! | Spiritual Warfare Series | Day 573 | Apo Dr AS Ranjeet Ophir | 15-Jan-2023
o99C4Wb70Ms,channel,క్రీస్తుమరణం అనే నాణేనికి అవతలి ప్రక్కన!! | Sunday Service | Second Message | Dr Ophir | 15-Jan-2023
bnakR8VUe50,channel,15-Jan-2023 | సంపూర్ణ రాత్రి ప్రార్థన | Spiritual Warfare Series | Day 572 | Apo Dr AS Ranjeet Ophir
O2G4VCkc8vw,channel,14-Jan-2023 | సంపూర్ణ రాత్రి ప్రార్థన | Spiritual Warfare Series | Day 571 | Apo Dr AS Ranjeet Ophir
qQvw_FKrU4w,channel,క్షీరసాగర మధనం - Episode 128 | అపొ డా ఓఫీర్ గారితో ప్రశ్నోత్తరి | 13-Jan-2023
Rb2QgohlQ_s,channel,క్షీరసాగర మధనం - Episode 128  | అపొ డా ఓఫీర్ గారితో ప్రశ్నోత్తరి | 13-Jan-2023
SVjw-42bLkA,channel,క్షీరసాగర మధనం - Episode 128 | అపొ డా ఓఫీర్ గారితో ప్రశ్నోత్తరి | 13-Jan-2023
tE8b-JRHN5M,channel,22–Dec–2022 | AFGC | ఫ్రీ క్రిస్మస్ మహోత్సవం  | మంగపేట | Apo Dr Ranjeet Ophir
8lrwkyItU9g,channel,12-Jan-2023 | AFGC | 20వ వార్షికోత్సవ కృతజ్ఞత వేడుక | అనకాపల్లి  | Apo Dr AS Ranjeet Ophir
9yFXbL0usH4,channel,20-Dec-2022 | Bro  ఎడ్వర్డ్ నూతన గృహ ప్రతిష్ట మహోత్సవం | కర్నూలు | Apo Dr AS Ranjeet Ophir
H4Y04iVAYdY,channel,12-Jan-2023 | AFGC | 20వ వార్షికోత్సవ కృతజ్ఞత వేడుక | అనకాపల్లి  | Apo Dr AS Ranjeet Ophir
VQYmaY-aFfc,channel,12-Jan-2023 | AFGC | 20వ వార్షికోత్సవ కృతజ్ఞత వేడుక | అనకాపల్లి  | Apo Dr AS Ranjeet Ophir
s6hnqZ4Gxfw,channel,22–Dec–2022 | AFGC నూతన మందిర ప్రతిష్ట | మంగపేట | Apo Dr Ranjeet Ophir
0HJ6Nl_jS1I,channel,20-Dec-2022 | AFGC | కర్నూలు బ్రాంచ్ క్రిస్మస్ మహోత్సవం | App Dr Ranjeet Ophir
jpKDsuTkSnU,channel,11-Jan-2023 | ఉత్తరాంధ్ర 6జిల్లాల అభిషిక్త సేవకుల సదస్సు  | Apo Dr AS Ranjeet Ophir
Aa8WN5UqUug,channel,11-Jan-2023 | సంపూర్ణ రాత్రి ప్రార్థన | Spiritual Warfare Series | Day 569 | Apo Dr AS Ranjeet Ophir
jBsUfwLl_xo,channel,10-Jan-2023 | సంపూర్ణ రాత్రి ప్రార్థన | Spiritual Warfare Series | Day 568 | Apo Dr AS Ranjeet Ophir
ZJCjSkXm5Eo,channel,క్షీరసాగర మధనం - Episode 127 | అపొ డా ఓఫీర్ గారితో ప్రశ్నోత్తరి | 06-Jan-2023
zRLzvGoA3_A,channel,09-Jan-2023 | తెలంగాణ రాష్ట్ర అభిషిక్త సేవకుల సదస్సు | సంగారెడ్డి| Apo Dr AS Ranjeet Ophir
VPIzgJBgxvI,channel,09-Jan-2023 | తెలంగాణ రాష్ట్ర అభిషిక్త సేవకుల సదస్సు | సంగారెడ్డి| Apo Dr AS Ranjeet Ophir
9ilhIHuMpZ8,channel,09-Jan-2023 | సంపూర్ణ రాత్రి ప్రార్థన | Spiritual Warfare Series | Day 565 | Apo Dr AS Ranjeet Ophir
JLzqVsT1A7U,channel,09-Jan-2023 | సంపూర్ణ రాత్రి ప్రార్థన | Spiritual Warfare Series | Day 567 | Apo Dr AS Ranjeet Ophir
Uf739BFzLfc,channel,08-Jan-2023 | Sunday Service | Second Message | Central Church | Bro Vijay Mohad
M6aAJXsnn3Q,channel,08-Jan-2023 | Sunday Service | First Message | Central Church | Apo Dr A S Ranjeet Ophir
EneH8AzvZAc,channel,08-Jan-2023 | సంపూర్ణ రాత్రి ప్రార్థన | Spiritual Warfare Series | Day 566 | Apo Dr AS Ranjeet Ophir
EEo_DU9zeho,channel,క్షీరసాగర మధనం - Episode 126 | అపొ డా ఓఫీర్ గారితో ప్రశ్నోత్తరి | 22-Dec-2022
Wrb_ISTQTrE,channel,07-Jan-2023 | సంపూర్ణ రాత్రి ప్రార్థన | Spiritual Warfare Series | Day 565 | Apo Dr AS Ranjeet Ophir
odIaPPMd3W8,channel,బలమైన కుట్రకంటే బలమైన దేవుడు!! | సంపూర్ణ రాత్రి ప్రార్థన | Spiritual Warfare Series | Day 564
6L2NCqRmrE4,channel,05-Jan-2023 | సంపూర్ణ రాత్రి ప్రార్థన | Spiritual Warfare Series | Day 563 | Apo Dr AS Ranjeet Ophir
BBDn5aZdg2w,channel,04-Jan-2023 | Late Ruth Rufus's First Death Anniversary | Apo Dr Ranjeet Ophir
gyOlZPq0M84,channel,"భూమి మీద దేవుని కార్యం! | సర్వ సత్య మహాసభ | Kukunoor, Medak | 03-Jan-2023 | Apo Dr AS Ranjeet Ophir"
kaMSb2BmzYs,channel,03-Jan-2023 | సంపూర్ణ రాత్రి ప్రార్థన | Spiritual Warfare Series | Day 562 | Apo Dr AS Ranjeet Ophir
4MHo8Hv9Y68,channel,02-Jan-2023 | సంపూర్ణ రాత్రి ప్రార్థన | Spiritual Warfare Series | Day 561 | Apo Dr AS Ranjeet Ophir
GalO5WRIU-0,channel,నూతనీకరణం అత్యవసరం!! | New Year Sunday Service 2023 | Second Message | 01-Jan-2023 | Apo Dr Ophir
JADmh4Ducak,channel,ఓఫీర్ మినిస్ట్రీస్ 2023 క్యాలెండర్ లాంచ్ | Central Church | 01-Jan-2023 | Apo Dr AS Ranjeet Ophir
Gi9cLzbztoc,channel,ఆరంభాన్ని మరిచిపోతే భక్తి వ్యర్థం!! | New Year Sunday Service 2023 | First Message | 01-Jan-2023
laJPKEc0s1U,channel,మీకా చెప్పిన శుభవార్త!! | First Message | Sunday Service | AFGC Malkajgiri | 01-Jan-2023 l Dr Ophir
MMKwNRnqumY,channel,2023 నూతన సంవత్సర వాగ్దానం | New Year Service 2023 | Early Morning Session | Apo Dr Ranjeet Ophir
ZLMbo_MHbVY,channel,పర్వతాల పునాదులు కంపిస్తున్నాయి!! | Watch Night Service 2022 | Central Church | Apo Dr Ranjeet Ophir
Ixt5DwO9_lc,channel,31-Dec-2022 | Prayer Meeting | Women's Fellowship | Central Church | Apo Dr AS Ranjeet Ophir
2dTSp9pNtb4,channel,31-Dec-2022 | సంపూర్ణ రాత్రి ప్రార్థన | Spiritual Warfare Series | Day 560 | Apo Dr AS Ranjeet Ophir
P7pzM_WwX_o,channel,30-Dec-2022 | సంపూర్ణ రాత్రి ప్రార్థన | Spiritual Warfare Series | Day 559 | Apo Dr AS Ranjeet Ophir
etENbvYRp4I,channel,29-Dec-2022 | సంపూర్ణ రాత్రి ప్రార్థన | Spiritual Warfare Series | Day 558 | Apo Dr AS Ranjeet Ophir
Gn181eNoNPQ,channel,28-Dec-2022 | సంపూర్ణ రాత్రి ప్రార్థన | Spiritual Warfare Series | Day 557 | Apo Dr AS Ranjeet Ophir
PiTcV2gx4FI,channel,27-Dec-2022 | Birthday celebration  | Apo Dr AS Ranjeet Ophir
jKAb-5Rzuq0,channel,27-Dec-2022 | సంపూర్ణ రాత్రి ప్రార్థన | Spiritual Warfare Series | Day 556 | Apo Dr AS Ranjeet Ophir
MRp-siN2UCQ,channel,25-Dec-2022 | Christmas Celebrations | AFGC Erraboda | Ophir Ministries
qDtPH0tvkag,channel,25-Dec-2022 | యూదుల రాజుగారి రాజ్యం ఏది? | Christmas Service 2022 | Second Message | Apo Dr Ophir
tSU0W2ChuqI,channel,25-Dec-2022 | యేసు ఎలా రక్షిస్తాడు?! | Christmas Service 2022 | First Message | Ophir Ministries
xMtwvm-tdBA,channel,25-Dec-2022 | సంపూర్ణ రాత్రి ప్రార్థన | Spiritual Warfare Series | Day 555 | Apo Dr AS Ranjeet Ophir
nCqtPBfa_Y4,channel,24-Dec-2022 | Thanksgiving Prayer Meet | Young Ophirists | Ophir Ministries
SJawUzfVF90,channel,24-Dec-2022 | సంపూర్ణ రాత్రి ప్రార్థన | Spiritual Warfare Series | Day 554 | Apo Dr AS Ranjeet Ophir
1vFeF_jRe9g,channel,"21-Dec-2022 | Mega Christmas Celebrations 2022 | Ramya Grounds, KPHB Colony | Ophir Ministries"
VUTo7dk5hPo,channel,19-Dec-2022 | సంపూర్ణ రాత్రి ప్రార్థన | Spiritual Warfare Series | Day 553 | Apo Dr AS Ranjeet Ophir
2J21h-_2n7k,channel,19-Dec-2022 | Pre Christmas Celebrations | AFGC Jagathgirigutta | Ophir Ministries
NGE224giygU,channel,19-Dec-2022 | Pre Christmas Celebrations | AFGC Jagathgirigutta | Ophir Ministries
50jdHBoQKls,channel,18-Dec-2022 | Sunday Service | Second Message | Central Church | Apo Dr A S Ranjeet Ophir
d2U2Q4ICDlw,channel,17-Dec-2022 | AFGC | Mettavalasa | క్రిస్మస్ వేడుక! | Apo Dr AS Ranjeet Ophir
eU11Ixoh6EE,channel,17-Dec-2022 |AFGC | Mettavalasa |  బట్టలు పంపిణీ కార్యక్రమం| Apo Dr AS Ranjeet Ophir
4OKg6s1jkyE,channel,17-Dec-2022 |AFGC | Mettavalasa | అభిషిక్త సేవకుల సదస్సు | Apo Dr AS Ranjeet Ophir
IYhowU0TEpw,channel,17-Dec-2022 | సంపూర్ణ రాత్రి ప్రార్థన | Spiritual Warfare Series | Day 552 | Apo Dr AS Ranjeet Ophir
imwLozEFIoE,channel,16-Dec-2022 | AFGC | Mega Youth  Christmas Celebrations | Burma camp | Vsp | Apo Dr AS Ranjeet Ophir
0bP4WuO62f8,channel,16-Dec-2022 | AFGC | Mega Youth  Christmas Celebrations | Burma camp | Vsp | Apo Dr AS Ranjeet Ophir
aTCLFKUP2SY,channel,15-Dec-2022 | Mega Christmas Celebrations |AFGC |Vambbay Colony Vijayawada | Apo Dr AS Ranjeet Ophir
fLYCrICJD1Q,channel,15-Dec-2022 | గుఱ్ఱం వారి ఉయ్యాల వేడుక! | పాల్వంచ | Apo Dr AS Ranjeet Ophir
IhWqz3JcXQg,channel,15-Dec-2022 | గుఱ్ఱం వారి ఉయ్యాల వేడుక! | పాల్వంచ | Apo Dr AS Ranjeet Ophir
hbfegT3ZXb8,channel,15-Dec-2022 | గుఱ్ఱం వారి ఉయ్యాల వేడుక! | పాల్వంచ | Apo Dr AS Ranjeet Ophir
DPZQRjqPY58,channel,15-Dec-2022 | సంపూర్ణ రాత్రి ప్రార్థన | Spiritual Warfare Series | Day 551 | Apo Dr AS Ranjeet Ophir
9CzxBHOJrp4,channel,14-Dec-2022 | నేటి క్రైస్తవులు ఎవరి జతపనివారు??? | Spiritual Warfare Series | Day 550 | Apo Dr Ophir
iB08vwzy8Oo,channel,13-Dec-2022 | సంపూర్ణ రాత్రి ప్రార్థన | Spiritual Warfare Series | Day 549 | Apo Dr AS Ranjeet Ophir
oihdapKnjC8,channel,11-Dec-2022 | Sunday Service | Second Message | Central Church | Apo Dr A S Ranjeet Ophir
SLB0xxisSxI,channel,10-Dec-2022 |Gospel Festivals | Kolkata | West Bengal | First Day Night | Apo Dr AS Ranjeet Ophir
E93l5HkLVR0,channel,10-Dec-2022 |Gospel Festivals | Kolkata | West Bengal | First Day Night | Apo Dr AS Ranjeet Ophir
SIIhxav1m3I,channel,10-Dec-2022 |Gospel Festivals | Kolkata | West Bengal | Apo Dr AS Ranjeet Ophir
ndCmm5cILGY,channel,09-Dec-2022 | Gospel Festivals |Tata Nagar | Jharkhand |3rd day Night | Apo Dr AS Ranjeet Ophir
ZcFYYV5mHGc,channel,09-Dec-2022 | Gospel Festivals |Tata Nagar | Jharkhand |3rd day Night | Apo Dr AS Ranjeet Ophir
Yi48Nvjsa1Q,channel,09-Dec-2022 | Gospel Festivals |Tata Nagar | Jharkhand |3rd day Morning | Apo Dr AS Ranjeet Ophir
fb_2t6LYMdk,channel,09-Dec-2022 | Gospel Festivals |Tata Nagar | Jharkhand |3rd day Morning | Apo Dr AS Ranjeet Ophir
yTkdFqk-mac,channel,09-Dec-2022 | సంపూర్ణ రాత్రి ప్రార్థన | Spiritual Warfare Series | Day 548 | Apo Dr AS Ranjeet Ophir
jQXb_mTXHMU,channel,08-Dec-2022 | Gospel Festivals |Tata Nagar | Jharkhand |2nd day Night | Apo Dr AS Ranjeet Ophir
W5HOsUop2vs,channel,08-Dec-2022 | Gospel Festivals |Tata Nagar | Jharkhand |1st day Night | Apo Dr AS Ranjeet Ophir
6oJJf3cgRl0,channel,08-Dec-2022 | Gospel Festivals |Tatanagar|Jharkhand | Apo Dr AS Ranjeet Ophir
8n8K8t9K4ak,channel,08-Dec-2022 | Gospel Festivals |Tatanagar|Jharkhand | Apo Dr AS Ranjeet Ophir
ARCVCyywX_o,channel,08-Dec-2022 | సంపూర్ణ రాత్రి ప్రార్థన | Spiritual Warfare Series | Day 547 | Apo Dr AS Ranjeet Ophir
s-934BcNb6U,channel,06-Dec-2022 | యేసు జన్మ ఫలితం!! | AFGC Tuni | 20th Anniversary Celebrations | Apo Dr Ranjeet Ophir
IDzqcpvGOho,channel,06-Dec-2022 | 20వ వార్షికోత్సవ మహాసభలు | 2nd Day  | OMI Tuni Branch | Apo Dr AS Ranjeet Ophir
vdyBP7Rd-uA,channel,06-Dec-2022 | హృదయాలు సంకుచితమైతే? | AFGC Tuni | 20th Anniversary Celebrations | Apo Ranjeet Ophir
VUYmPoL-4M8,channel,06-Dec-2022 | బైబిల్ పరిశోధన తరగతులు | OMI Tuni Branch | Apo Dr AS Ranjeet Ophir
cazOhtmdWV4,channel,06-Dec-2022 | సంపూర్ణ రాత్రి ప్రార్థన | Spiritual Warfare Series | Day 546 | Apo Dr AS Ranjeet Ophir
qrXX3nqbpaE,channel,05-Dec-2022 | 20వ వార్షికోత్సవ మహాసభలు  | OMI Tuni Branch |  Apo Dr AS Ranjeet Ophir
sayUaipwmUo,channel,05-Dec-2022 |  బైబిల్ పరిశోధన తరగతులు | OMI Tuni Branch |  Apo Dr AS Ranjeet Ophir
J0oxnmYQW6Y,channel,05-Dec-2022 |  బైబిల్ పరిశోధన తరగతులు | OMI Tuni Branch |  Apo Dr AS Ranjeet Ophir
_yveDI8mmL8,channel,05-Dec-2022 |  బైబిల్ పరిశోధన తరగతులు | OMI Tuni Branch |  Apo Dr AS Ranjeet Ophir
HNjd7eloDZA,channel,05-Dec-2022 | అలుపెరుగని ప్రార్థన!! | Spiritual Warfare Series | Day 545 | Apo Dr AS Ranjeet Ophir
kjDpI8tKAi4,channel,04-Dec-2022 | జీవాపేక్షకు పవిత్ర కారణం!! |Sunday service | Central Church | Apo Dr A S Ranjeet Ophir
hYzYdJd3paA,channel,04-Dec-2022 | అపొ డా ఓఫీర్ గారి జీవితకాల సాక్ష్యం | Confessional Songs of Apo Dr AS Ranjeet Ophir
DfjpMdLB06g,channel,29-Nov-2022 | Pastor's Conference | Nellore | Apo. Dr. A S Ranjeet Ophir
jwvPUQaDDcI,channel,04-Dec-2022 | సకల వివాదాలకు ఏకైక పరిష్కారం!! | Spiritual Warfare Series | Day 544 | Apo Dr Ophir
9AT62Lpbw1I,channel,23-Nov-2022 | సంపూర్ణ రాత్రి ప్రార్థన | Spiritual Warfare Series | Day 536 | Apo Dr AS Ranjeet Ophir
QldKpyo8NXY,channel,22-Nov-2022 | శ్రీమతి కొత్తపల్లి సంతోషం ఇశ్శాఖర్ గారి 79వ జన్మదినోత్సవ వేడుక | Dr AS Ranjeet Ophir
KLxoNajDoLI,channel,22-Nov-2022 | సంపూర్ణ రాత్రి ప్రార్థన | Spiritual Warfare Series | Day 535 | Apo Dr AS Ranjeet Ophir
OKcDnczNiIM,channel,21-Nov-2022 | సంపూర్ణ రాత్రి ప్రార్థన | Spiritual Warfare Series | Day 534 | Apo Dr AS Ranjeet Ophir
KsMGCb64g04,channel,02-Dec-2022 |భారత క్రైస్తవ సమ్మేళనం | అంబాల|  హర్యానా  | Apo Dr AS Ranjeet Ophir
G5NY2Vw1gT8,channel,02-Dec-2022 |భారత క్రైస్తవ సమ్మేళనం | అంబాల|  హర్యానా  | Apo Dr AS Ranjeet Ophir
gF7LQ1sE_WM,channel,01-Dec-2022 | సంపూర్ణ రాత్రి ప్రార్థన | Spiritual Warfare Series | Day 543 | Apo Dr AS Ranjeet Ophir
F9ePT4-Q_p0,channel,30-Nov-2022 | AFGC | మందడం | అమరావతి | క్రిస్మస్ ఆరాధన | Apo Dr AS Ranjeet Ophir
F9S6asLt1Cs,channel,30-Nov-2022 |సర్వసత్య మహాసభలు | బైబిల్ స్టడీ | మందడం  | Apo Dr AS Ranjeet Ophir
8LqWEDS5xMk,channel,24-Mar-2022 | సంపూర్ణ రాత్రి ప్రార్థన | Spiritual Warfare Series | Day 359 | Apo Dr AS Ranjeet Ophir
VDGbuVkc55Y,channel,31-Mar-2022 | సంపూర్ణ రాత్రి ప్రార్థన | Spiritual Warfare Series | Day 365 | Apo Dr AS Ranjeet Ophir
RIhHwbs3D5U,channel,29-Nov-2022 | OMI | Pastor's Conference | Nelloru | Apo Dr AS Ranjeet Ophir
nzQe8wA4Vxw,channel,29-Nov-2022 | మునుపు జరిగినదే....! | Spiritual Warfare Series | Day 542 | Apo Dr AS Ranjeet Ophir
4r7gHjNfQMU,channel,28-Nov-2022 | నిజమైన ఆస్తికత్వం!! | Spiritual Warfare Series | Day 541 | Apo Dr AS Ranjeet Ophir
_2n7EnPym0A,channel,27-Nov-2022 | శుద్ధ హృదయులు!! | Sunday service | Second Message | Apo Dr A S Ranjeet Ophir
wxMRtvF1ZyE,channel,21-May-2021 | Intercession Prayer Message | Apo Dr A S Ranjeet Ophir
asT3wV57Ktw,channel,26-Feb-2021 | పాపం చేస్తూ ప్రభువు బల్లలో పాల్గొనవచ్చా?? | QA_000339 | Apostle Dr A S Ranjeet Ophir
1TCHrRqfikw,channel,01-Dec-2021 | సంపూర్ణ రాత్రి ప్రార్థన | Spiritual Warfare Series | Day 289 | Apo Dr AS Ranjeet Ophir
UHhANEHDxcc,channel,29-Dec-2021 | సంపూర్ణ రాత్రి ప్రార్థన | Spiritual Warfare Series | Day 301 | Apo Dr AS Ranjeet Ophir
c2ZMu1e5t-4,channel,08-Dec-2021 | సంపూర్ణ రాత్రి ప్రార్థన | Spiritual Warfare Series | Day 294 | Apo Dr AS Ranjeet Ophir
oeER5S678RQ,channel,12-Nov-2021 | ఏనుగుల దండుపై దండెత్తిన చీమలు! | Spiritual Warfare Series | Day 275 | Dr Ranjeet Ophir
AG9L6v_wWaQ,channel,08-Nov-2021 | సంపూర్ణ రాత్రి ప్రార్థన | Spiritual Warfare Series | Day 271 | Apo Dr AS Ranjeet Ophir
CtSOVlHHMwE,channel,25-Oct-2021 | సంపూర్ణ రాత్రి ప్రార్థన | Spiritual Warfare Series | Day 260 | Apo Dr AS Ranjeet Ophir
fjBlCB9-y68,channel,27-Sep-2021 | సంపూర్ణ రాత్రి ప్రార్థన | Spiritual Warfare Series | Day 242 | Apo Dr AS Ranjeet Ophir
2wYVB23cAq4,channel,27-Nov-2022 | పాపాన్ని బైబిల్ ప్రోత్సహిస్తుందా? | Sunday service | First Message | Apo Ranjeet Ophir
nok6YQ6IkvM,channel,06-Aug-2021 | Word Of God | Evangelists Prayer Meeting | Apo Dr AS Ranjeet Ophir
b_kFHSdF-Lg,channel,14-Aug-2021 | Word Of God | Church Dedication | Shekinah Fellowship | Apo Dr AS Ranjeet Ophir
2baaPb5NG2U,channel,06-May-2021 | యుక్తిగల శత్రువుతో యుక్తిగల యుద్ధం!! | Spiritual Warfare Series | Dr A S Ranjeet Ophir
7uDfJtEBj-g,channel,21-Apr-2021 | సంపూర్ణ రాత్రి ప్రార్థన | Spiritual Warfare Series | Apostle Dr AS Ranjeet Ophir
SXBhr66pB6g,channel,14-Feb-2021 | సైంటిఫిక్ దైవభక్తి!! | Sunday Service | Second Message | Apostle Dr A S Ranjeet Ophir
EQY5ET67598,channel,16-Feb-2021 | స్తుతిఆరాధన | Apostle Dr AS Ranjeet Ophir
n53kMahmDpc,channel,04-Feb-2021 | పక్షిరాజులే పావురాలు....!! | Spiritual Warfare Series | Dr A S Ranjeet Ophir
91wOXW7hRag,channel,"19-Dec-2020 | Youth Christmas Celebrations | BHEL, Hyderabad | Ophir Ministries"
V5ilU_qOZp8,channel,05-Jul-2020 | Sunday Service | Central Church | Ophir Ministries
KUjLrYmcfvg,channel,27-Nov-2022 | సంపూర్ణ రాత్రి ప్రార్థన | Spiritual Warfare Series | Day 540 | Apo Dr AS Ranjeet Ophir
5jOgADOHOmk,channel,30-Nov-2022 | గొప్ప చీకటి | Goppa Cheekati | Ranjeet Ophir Audio Messages | Apo Dr AS Ranjeet Ophir
1RSRERp8lsw,channel,26-Nov-2022 | సంపూర్ణ రాత్రి ప్రార్థన | Spiritual Warfare Series | Day 539 | Apo Dr AS Ranjeet Ophir
02A2bPP9JT0,channel,25-Nov-2022 | క్షీరసాగర మధనం | Episode 123 | అపొ డా ఓఫీర్ గారితో ప్రశ్నోత్తరి | Ophir Ministries
Lex1dweYwSU,channel,25-Nov-2022 | సంపూర్ణ రాత్రి ప్రార్థన | Spiritual Warfare Series | Day 538 | Apo Dr AS Ranjeet Ophir
FGa01ecEplQ,channel,21-Nov-2022 | OMI | ఉత్తరాంధ్ర 26 వ వార్షికోత్సవం| విశాఖపట్నం | Apo Dr AS Ranjeet Ophir
G4OXxuOb4CA,channel,21-Nov-2022 | Paster Eswar Daniel 50 th birthday  Celebration | Apo Dr AS Ranjeet Ophir
JfdagNEc41Y,channel,23-Nov-2022 | 10th Anniversary Celebrations | AFGC  Beeramguda | Apo Dr AS Ranjeet Ophir
swGYadcSMZU,channel,24-Nov-2022 | సంపూర్ణ రాత్రి ప్రార్థన | Spiritual Warfare Series | Day 537 | Apo Dr AS Ranjeet Ophir
KExPJHNZ5lE,channel,09-Jun-2022 | బైబిల్  స్టడీ  |వాంబే కాలనీ  |విజయవాడ | Ophir Ministries | Apo Dr AS Ranjeet Ophir
dMHhUCO9Vh4,channel,| Short Answer | Apo Dr A S Ranjeet Ophir
v95li--rLfk,channel,20-Nov-2022 | Sunday Service | Second Message | Central Church | Apo Dr AS Ranjeet Ophir
2croO1yJyx4,channel,20-Nov-2022 | భక్తిసాధనలో మైలురాళ్ళు!! | Sunday Service | First Message | Apo Dr AS Ranjeet Ophir
hm_x_h7fA0Y,channel,20-Nov-2022 | పునరుత్థాన క్రైస్తవం!! | Spiritual Warfare Series | Day 533 | Apo Dr AS Ranjeet Ophir
e9DFrzq6heE,channel,19-Nov-2022 | హృదయాలను కాపాడుకుందాం!! | Spiritual Warfare Series | Day 532 | Apo Dr AS Ranjeet Ophir
R6P0aRGk_rQ,channel,"15-Nov-2022 | ఆశీర్వాదకరమైన ఒక రోజు | Evening Session | Kondapur, Siddipet | Apo Dr AS Ranjeet Ophir"
FCx5scVbZv4,channel,"17-Nov-2022 | Memorial Service of Sri Narra Kistaiah | Dommata, Siddipet | Apo Dr AS Ranjeet Ophir"
jnWY3i80VC8,channel,మారుమనస్సు లేకుండా బాప్తిస్మము పొందిన వారు ప్రభు బల్లలో పాల్గొనవచ్చా? | Short Answer | Ranjeet Ophir
IppKNhn4ISs,channel,ఒకరిలో నిత్య చీకటి పని చేస్తున్నదని ఎలా తెలుస్తుంది? | Short Answer | Apo Dr A S Ranjeet Ophir
yK6b3R2PLcg,channel,యాకోబు దేవుడు ఎవరికి సహాయుడగునో l Yaakobu Devudu Evariki Sahaayudaguno l Ranjith Ophir Songs l YPD
1yYFFrF2o-Y,channel,17-Nov-2022 | కరుణామయుని క్రోధం దిగివస్తోంది!! | Spiritual Warfare Series | Day 531 | Apo Dr Ophir
QtOzLNPDBCo,channel,15-Nov-2022 | సంపూర్ణశుద్ధి మన గమ్యం!! | ఆశీర్వాదకరమైన ఒక రోజు | Siddipet | Apo Dr A S Ranjeet Ophir
9hInF_nmSXw,channel,"16-Nov-2022 | దైవానందం, భక్తానందం!! | Spiritual Warfare Series | Day 530 | Apo Dr AS Ranjeet Ophir"
IOJcGGmkzZU,channel,03-Aug-2013 | Satyameva Jayathe | V6 Channel Messages | Apostle Dr A S Ranjeet Ophir
GGwhzenfeN4,channel,15-Nov-2022 | భయ పరిహారం!! | Spiritual Warfare Series | Day 529 | Apo Dr AS Ranjeet Ophir
1GuvEHtsewA,channel,13-Nov-2022 | బదరీ వృక్షం క్రింద జీవాపేక్ష!! | Sunday Service | Second Message | Apo Ranjeet Ophir
LSpTvCVczAQ,channel,14-Nov-2022 | సంపూర్ణ రాత్రి ప్రార్థన | Spiritual Warfare Series | Day 528 | Apo Dr AS Ranjeet Ophir
pXhZ7J1MWjY,channel,13-Nov-2022 | దైవసేవకు రెండు ముఖాలు!! | ఉదయకాల దైవధ్యానాలు | యేసుక్రీస్తు కృపానిధి మినిస్ట్రీస్
Ok-X8p3kbao,channel,12-Nov-2022 | Smt. Methari Kamalamma's Memorial Service | Apo Dr AS Ranjeet Ophir
ocErYO_dDsI,channel,12-Nov-2022 | Smt. Methari Kamalamma's Memorial Service | Apo Dr AS Ranjeet Ophir
NywOvRy5lKg,channel,12-Nov-2022 | Smt. Methari Kamalamma's Memorial Service | Apo Dr AS Ranjeet Ophir
MSltNCG9W2Y,channel,12-Nov-2022 | సంపూర్ణ రాత్రి ప్రార్థన | Spiritual Warfare Series | Day 527 | Apo Dr AS Ranjeet Ophir
NoeMI8q4vHg,channel,11-Nov-2022 | ఓఫిర్ మినిస్ట్రీస్ ఉత్తరాంధ్ర 6 జిల్లాల సేవకుల సదస్సు | Apo Dr AS Ranjeet Ophir
DfiURdKNWTU,channel,11-Nov-2022 | సంపూర్ణ రాత్రి ప్రార్థన | Spiritual Warfare Series | Day 526 | Apo Dr AS Ranjeet Ophir
ss5fPQMtqug,channel,10-Nov-2022 | OMI ఉమ్మడి గోదావరి 5 జిల్లాల సేవకుల సదస్సు ! | Apo Dr AS Ranjeet Ophir
u4MEDu37VjQ,channel,10-Nov-2022 | సంపూర్ణ రాత్రి ప్రార్థన | Spiritual Warfare Series | Day 525 | Apo Dr AS Ranjeet Ophir
0VSxGe8IAf8,channel,దేవుడు కొందరిని భ్రష్ట మనసుకు అప్పగించడం అంటే ఏమిటి?? | Short Answer | Apo Dr A S Ranjeet Ophir
zKFkv6ZDbdE,channel,ఓఫీర్ గారు  ఆర్థిక విధానాలలో సరైన నిర్ణయాలు తీసుకోవడం లేదా? | Short Answer |Apo Dr A S Ranjeet Ophir
Xh1NRAHMKKY,channel,ఓఫీర్ గారు తన సంఘస్తులను అప్పుల పాలు చేస్తున్నారా?? | Short Answer | Apo Dr A S Ranjeet Ophir
8vRV0lwNSKE,channel,ఓఫీర్  మినిస్ట్రీస్ లోని మెయిన్ వికెట్ ను  పడగొట్టారా?? | Short Answer | Apo Dr A S Ranjeet Ophir
OjAvZp6cG2c,channel,ఊరియా నీతిమంతుడైనప్పటికీ  తనకు ఎందుకు అన్యాయం జరిగింది? | Short Answer | Apo Dr A S Ranjeet Ophir
NKB81GRsebY,channel,రెండవ రాకడ తరువాత కూడా తరములుంటాయా ?? | Short Answer | Apo Dr A S Ranjeet Ophir
JzXj4UzZM6I,channel,చేయవే యుద్ధము క్రీస్తు నామ సంఘమా ! l Cheyave Yuddamu kristhu naama sanghama l Ranjith Ophir Songs
vQ24ojHOUtI,channel,ఈనాడు అందరూ ఎలియాలైతే  వారు ఓఫీర్ గారికి లోబడటం దేనికి? | Short Answer | Apo Dr A S Ranjeet Ophir
kQBTbK-TbSA,channel,09-Nov-2022 | సంపూర్ణ రాత్రి ప్రార్థన | Spiritual Warfare Series | Day 524 | Apo Dr AS Ranjeet Ophir
yP3yqz_M96g,channel,"08-Nov-2022 | యెహోవా జ్ఞాపక కర్తల సహవాసం | OMI Nizamabad, Telangana"
9eOe7oIntbE,channel,08-Nov-2022 | సంపూర్ణ రాత్రి ప్రార్థన | Spiritual Warfare Series | Day 523 | Apo Dr AS Ranjeet Ophir
kRN9wxdl254,channel,07-Nov-2022 | Pastor Dayasagar's Response To Bro Purushottam | Ophir Ministries
96mVBpOdttQ,channel,పాస్టర్ జోనాతన్ నాయక్ ఓఫీర్ మినిస్ట్రీస్ నుండి నిష్క్రమణ పై రంజిత్ ఓఫీర్ గారి స్పందన!!
hbC3V7snskg,channel,ఆదాము మాట్లాడిన మొట్ట మొదటి భాష ఏది?  | Short Answer | Apo Dr A S Ranjeet Ophir
uARjpDmWecI,channel,ఈ రోజుల్లో కూడ దేవుడు దర్శనాల ద్వారా సేవకులతో మాట్లాడతాడా? | Short Answer | Apo Dr A S Ranjeet Ophir
yA3f4mMXIbo,channel,అంతరిక్షంలో బ్లాక్ హోల్స్ అనేవి కల్పితమా? వాస్తవమా? | Short Answer | Apo Dr A S Ranjeet Ophir
hmrHGRgPdRM,channel,07-Nov-2022 | సంపూర్ణ రాత్రి ప్రార్థన | Spiritual Warfare Series | Day 522 | Apo Dr AS Ranjeet Ophir
shEAejQq45U,channel,"06-Nov-2022 | సత్య సువార్త ఉజ్జీవ మహా సభలు | Faith Baptist Church, Ameenpur | Ophir Ministries"
2GzvGToExEk,channel,06-Nov-2022 | విఫలవాక్య సేవ!! | Sunday Service | Second Message | Central Church | Apo Ranjeet Ophir
isVw8jXFWAA,channel,06-Nov-2022 | World Sunday School Day | Central Church | Ophir Ministries
bqr1jBLZpGI,channel,06-Nov-2022 | సజీవయాగ పరిమళం!! | Sunday Service | First Message | AFGC Malkajgiri | Apo Dr AS  Ophir
htGTWHYsH5s,channel,06-Nov-2022 | సంపూర్ణ రాత్రి ప్రార్థన | Spiritual Warfare Series | Day 521 | Apo Dr AS Ranjeet Ophir
Hk6X7zHYagw,channel,"05-Nov-2022 | సత్య సువార్త ఉజ్జీవ  మహా సభలు  | Faith Baptist Church, Ameenpur | Ophir Ministries"
KarOUexUnWs,channel,05-Nov-2022 | Bible study Ameenpur | Apo Dr AS Ranjeet Ophir
2J2IQrP98UI,channel,05-Nov-2022 | సంపూర్ణ రాత్రి ప్రార్థన | Spiritual Warfare Series | Day 520 | Apo Dr AS Ranjeet Ophir
yH_iIZEmtlY,channel,04-Nov-2022 | సంపూర్ణ రాత్రి ప్రార్థన | Spiritual Warfare Series | Day 519 | Apo Dr AS Ranjeet Ophir
tVHxEZOjr20,channel,జోనాతన్ నాయక్ నిష్క్రమణానికి అపొ డా రంజిత్ ఓఫీర్ గారి స్పందన!!
uvyba329jyg,channel,03-Nov-2022 | సంపూర్ణ రాత్రి ప్రార్థన | Spiritual Warfare Series | Day 518 | Apo Dr AS Ranjeet Ophir
MZCTr0YeEBE,channel,02-Nov-2022 | సత్యసంబంధులపై ఘటసర్పం దాడి | Spiritual Warfare Series | Day 517 | Apo Dr Ranjeet Ophir
JNwFW0VEr0k,channel,02-Nov-2022 | సంపూర్ణ రాత్రి ప్రార్థన | Spiritual Warfare Series | Day 517 | Apo Dr AS Ranjeet Ophir
B_t3kILq20A,channel,01-Nov-2022 | ప్రార్థన వీరుల పవిత్ర కాఠిన్యం! | Spiritual Warfare Series | Day 516 | Apo Dr Ophir
_6zdBwSMpnY,channel,పొర్లి పొర్లి పారుతుంది l Porli Porli Paaruthundi l Telugu Christian Song | Apo Dr A S Ranjeet Ophir
U4nYFsTWd88,channel,వేరే సంస్థ అయిన విజన్ ఇండియా వారికి ఎందుకు ఆర్ధిక సహాయం చేయాల్సి వచ్చింది? |Apo Dr A S Ranjeet Ophir
G1HDwanAv-g,channel,డబ్బులు లేని పరిస్థితుల్లో ఢిల్లీ మీటింగ్ కోరకు అర కోటి కమిట్ మెంట్ ఎలా ఇవ్వగలిగారు? | Ranjeet Ophir
SDwndZHlyTY,channel,ఓఫీర్ గారు ఎన్నాళుగా మీకు విజన్ ఇండియా వారితో పరిచయం ఉంది? | Short Answer | Apo Dr A S Ranjeet Ophir
QW1VfJEtUc0,channel,డిల్లీలో Vision India యూత్ మీటింగ్ విజయవంతంపై అపొ డా A S రంజిత్ ఓఫీర్ గారి స్పందన!!
srPpKxqyTQg,channel,31-Oct-2022 | సంపూర్ణ రాత్రి ప్రార్థన | Spiritual Warfare Series | Day 515 | Apo Dr AS Ranjeet Ophir
OsyJZpOTLik,channel,30-Oct-2022 | ధైర్యవంతులారా జాగ్రత్త!! | Sunday Service | Second Message | Apo Dr AS Ranjeet Ophir
i_cHyardbTQ,channel,30-Oct-2022 | పరిశుద్ధీకరణ....! | Sunday Service | First  Message | Apo Dr AS Ranjeet Ophir
siDT9otGFLY,channel,30-Oct-2022 | మనస్సు మేలుకోవాలి...!! | Spiritual Warfare Series | Day 514 | Apo Dr AS Ranjeet Ophir
o2OxQBH-Hv0,channel,29-Oct-2022 | Nation Youth Festival - 2022 Closing Ceremony | Vision India | New Delhi | OMI
jwqmz_X15B8,channel,29-Oct-2022 | Nation Youth Festival - 2022 Closing Ceremony | Vision India | New Delhi | OMI
n5SsOr7Rh4I,channel,29-Oct-2022 | సంపూర్ణ రాత్రి ప్రార్థన | Spiritual Warfare Series | Day 513 | Apo Dr AS Ranjeet Ophir
6Pljajy6dbA,channel,28-Oct-2022 | Pastor's Conference | NYF - 2022 | Vision India | Apo Dr AS Ranjeet Ophir
R3MNsOEK_Oo,channel,28-Oct-2022 | సంపూర్ణ రాత్రి ప్రార్థన | Spiritual Warfare Series | Day 512 | Apo Dr AS Ranjeet Ophir
Xuo7wIwmYZY,channel,28-Oct-2022 | సంపూర్ణ రాత్రి ప్రార్థన | Spiritual Warfare Series | Day 512 | Apo Dr AS Ranjeet Ophir
Tz_SUoECfBc,channel,27-Oct-2022 | సంపూర్ణ రాత్రి ప్రార్థన | Spiritual Warfare Series | Day 511 | Apo Dr AS Ranjeet Ophir
8pSaHrXOPU8,channel,26-Oct-2022 | National Youth Festival 2022 | Evening Session | New Delhi | Apo Dr A S Ranjeet Ophir
extiyCBDkyg,channel,"26-Oct-2022 | National Youth Festival - 2022 | Vision India | Tyagaraj Stadium, New Delhi"
SnTdc7HFeko,channel,"26-Oct-2022 | National Youth Festival - 2022 | Vision India | Tyagaraj Stadium, New Delhi"
3ppSZOShu4Q,channel,చిన్న పిల్లలపై అత్యాచారాలు చేసే వారికి ఇదే సరైన శిక్ష! | Short Answer | Apo Dr A S Ranjeet Ophir
J7uyU-boq3U,channel,24-Oct-2022 | సంపూర్ణ రాత్రి ప్రార్థన | Spiritual Warfare Series | Day 510 | Apo Dr AS Ranjeet Ophir
q2F-4J3Kqxs,channel,23-Oct-2022 | Sunday Service | Second Message | Central Church | Apo Dr A S Ranjeet Ophir |
vBhQcjNU0Eo,channel,23-Oct-2022 | Sunday Service | Second Message | Central Church | Apo Dr A S Ranjeet Ophir
uEiZYgA_96o,channel,23-Oct-2022 | సంపూర్ణ రాత్రి ప్రార్థన | Spiritual Warfare Series | Day 509 | Apo Dr AS Ranjeet Ophir
BOIW8NbsXpg,channel,22-Oct-2022 | ఆధ్యాత్మిక క్యాన్సర్ ని అరికడదాం!! | Spiritual Warfare Series | Day 508 | Apo Dr Ophir
oZExs5N8o5w,channel,21-Oct-2022 | యుక్తముగా ప్రార్థించడం అంటే? | Spiritual Warfare Series | Day 507 | Apo Ranjeet Ophir
hoXdhIZ9xic,channel,20-Oct-2022 | మన ప్రాకారమైయున్న దేవుడు!! | Spiritual Warfare Series | Day 506 | Apo Dr Ranjeet Ophir
tYFPwZ1jBj4,channel,దైవారాధికులు అబద్ధాని నమ్ముతూ నిజాన్ని వదిలేస్తారా? | Answer To Babu Gogineni | Dr A S Ranjeet Ophir
5yyWPi9ixRc,channel,ఒక వ్యక్తి ద్వేషించుటకు కారణం అతడిలో నిత్య చీకటి ప్రవేశించడమా? | Short Answer | Dr A S Ranjeet Ophir
S0311wgiJHw,channel,మద్యమును యెహోవాకు పానార్పణముగా పోయడం అంటే అర్ధం ఏమిటి?? | Short Answer | Apo Dr A S Ranjeet Ophir
xBI_CesC6D8,channel,దశమ భాగాలు సంఘ కాపరికి ఇవ్వకుండా పేదలకు సహాయం చేయవచ్చా? | Short Answer | Apo Dr A S Ranjeet Ophir
CDvzQiKriiI,channel,భూమి మీద భక్తులు రాసిన పాటలు పరలోకంలో కూడా పాడుకుంటామా? | Short Answer | Apo Dr A S Ranjeet Ophir
sqJdqQOXqRk,channel,19-Oct-2022 | అందరికి మార్గదర్శకుడు!! | Spiritual Warfare Series | Day 505 | Apo Dr AS Ranjeet Ophir
y1pY7Jlreqs,channel,18-Oct-2022 | Word of God | Apo Dr AS Ranjeet Ophir
LJ9UqQ1tPjU,channel,18-Oct-2022 | యేసు వెలుగులో భక్తుని ధైర్యం! | Spiritual Warfare Series | Day 504 | Apo Ranjeet Ophir
fVdlb948CQ4,channel,అరణ్య యాత్రలో శిక్షింపబడిన ఇశ్రాయేలీయులు పరలోకం వస్తారా? | Short Answer | Apo Dr A S Ranjeet Ophir
3zGhi9ci_0M,channel,ప్రాణాత్మలను గూర్చి సంపూర్ణ వివరణ! | Ultmate Answer | Apo Dr A S Ranjeet Ophir
uHS-40NG4lE,channel,కమల్ హాసన్ ను ప్రశ్నించిన వారు చిన జీయర్ స్వామి గారిని ఎందుకు ప్రశ్నించడం లేదని ఓఫీర్ గారి ప్రశ్న??
gN6mwq_8BSo,channel,యెహోవా దేవుడు ఎవరిని పూజించాడు? | Answer To Bokkla Doctor | Apo Dr A S Ranjeet Ophir
nx60Bq2SZDc,channel,16-Oct-2022 | Sunday Service | Second Message | Central Church | Apo Dr AS Ranjeet Ophir
x7AHLrJl10o,channel,17-Oct-2022 | సంపూర్ణ రాత్రి ప్రార్థన | Spiritual Warfare Series | Day 503 | Apo Dr AS Ranjeet Ophir
sjS_6xaJqpA,channel,16-Oct-2022 | Sunday Service | Second Message | Central Church | Part 2 | Apo Dr AS Ranjeet Ophir
hUKohNjL8JQ,channel,16-Oct-2022 | Sunday Service | Second Message | Central Church | Apo Dr AS Ranjeet Ophir
x8VYDGdl4Zo,channel,16-Oct-2022 | AFGC Malkajgiri | Second Message | Apo Dr AS Ranjeet Ophir
1IR-7_0PZP8,channel,16-Oct-2022 | భయాలను చంపేద్దాం!! | Spiritual Warfare Series | Day 502 | Apo Dr AS Ranjeet Ophir
A_yd35qVT1c,channel,15-Oct-2022 | Word of God |Thanks Giving Meeting | Suraram | Apo Dr AS Ranjeet Ophir
Hl3vVCN_TaU,channel,15-Oct-2022 | రక్షణను కొనసాగించుకోండి..! | Thanks Giving Meeting | Suraram | Apo Dr AS Ranjeet Ophir
KHHJgKWv_R4,channel,యేసు క్రీస్తు ఎందుకు సిలువను తప్పించుకోలేకపోయాడు? | Short Answer | Apo Dr A S Ranjeet Ophir
jCklVj8hKME,channel,కలలకు భావం చెప్పడం దేవుడు మాకప్పగించిన పరిచర్య కాదంటున్న రంజిత్ ఓఫీర్ గారు!
itzGJc9oRnk,channel,మంచి మనస్సాక్షి గల క్రైస్తవులు ఉన్నారా?  | Short Answer | Apo Dr A S Ranjeet Ophir
SX8KawUcKu0,channel,చిన జీయర్ స్వామి గారికి పీఠాధిపతి లక్షణాలు ఉన్నాయా? | Short Answer | Apo Dr A S Ranjeet Ophir
C01LNCi7W0Q,channel,15-Oct-2022 | అపొస్తలుని హృదయ భారం!! | Spiritual Warfare Series | Day 501 | Apo Dr AS Ranjeet Ophir
wD7HAaXFxJE,channel,దైవజనులను విశ్వాసులు ప్రశ్నించకూడదా? | Short Answer | Apo Dr A S Ranjeet Ophir
Jb0GoDH6km4,channel,భారత దేశంలో Anti Conversion బిల్లు రావడంలో సాతాను కుట్ర ఏమైనా ఉన్నదా? | Short Answer | Ranjeet Ophir
Fe_ZX9lssDI,channel,క్రైస్తవ మిషనరీలు బలవంతంగా మతమార్పిడి చేస్తున్న మాఫియాలా? | Short Message | Apo Dr A S Ranjeet Ophir
MgnAwxFeEnQ,channel,Anti Conversion బిల్లును క్రైస్తవులు ఎలా ఎదుర్కోవాలి? | Short Answer | Apo Dr A S Ranjeet Ophir
Dwdqdl1-aRo,channel,14-Oct-2022 | మొండి దయ్యాలనూ తరిమికొడదాం!! | Spiritual Warfare Series | Day 500 | Apo Ranjeet Ophir
U3WSQhQIYac,channel,మత స్వేచ్ఛను కాపాడే బిల్లా?! స్వేచ్ఛను హరించే బిల్లా ?!! | Big Discussion | Dr Ophir & Ch Sudheer
G196yVXmAzc,channel,యేసు క్రీస్తు చాతకానీ వాడై సిలువపై చనిపోయాడా? | Answer To China Jiyar Swamy |Apo Dr AS Ranjeet Ophir
ShYRAv_0erM,channel,క్రైస్తవులు సిలువను ఎందుకు మాటి మాటికి చూపిస్తున్నారు? | Answer To China Jiyar Swamy | Ranjeet Ophir
1mFEkC53Xng,channel,చిన్న జీయర్ స్వామి వ్యాఖ్యల వలన క్రైస్తవుల హృదయాలు గాయాపడుతున్నాయా? |  | Answer To China Jiyar Swamy
JFnjUGG47QM,channel,యేసు క్రీస్తు తనని సిలువ వేసిన వారిని వెంటనే ఎందుకు శిక్ష విధించలేదు? | Answer To China Jiyar Swamy
4Q4kVnD5eH4,channel,12-Oct-2022 |Word of God | AFGC Thanks Giving  Meeting | Vijayawada | Apo Dr AS Ranjeet Ophir
FAsmmAnRZUE,channel,12-Oct-2022 | AFGC Thanks Giving  Meeting | Vijayawada | Vinchipeta | Apo Dr AS Ranjeet Ophir
k7g2EGgOGJ4,channel,11-Oct-2022 | హృదయాలను వెలిగించే నీతిసూర్యుడు!! | Spiritual Warfare Series | Day 498 | Apo Dr  Ophir
xFzqrottoAE,channel,07-Oct-2022 | AFGC 14 th Anniversary | Samrlakota Branch | Evening session | Apo Dr Ranjeet Ophir
mAWW8X8en-M,channel,09-Oct-2022 | Sunday Service | First Message | Central Church | Apo Dr AS Ranjeet Ophir
6XQ7nuOQn-M,channel,10-Oct-2022 | ప్రేరేపణాంధకార సామ్రాజ్యం!! | Spiritual Warfare Series | Day 497 | Apo Ranjeet Ophir
0MlRFc6ZgD0,channel,09-Oct-2022 | ఇప్పుడు ఓఫీర్ మినిస్ట్రీస్ ఎందుకు?? | Sunday Service | AFGC Nagole | Apo Ranjeet Ophir
NRU1uSpKeaI,channel,09-Oct-2022 | పాస్టర్  గాలి గంగ రాజు గారి  సాక్ష్యం | Central Church | Ophir Ministries
0wTmrTtDbSE,channel,09-Oct-2022 | అదృష్టం ప్రార్థనాపరుల వైపు!! | Spiritual Warfare Series | Day 496 | Apo Ranjeet Ophir
ZdUwaMUfBis,channel,08-Oct-2022 | అభిషిక్తుడు కట్టిన కట్లు!! | Spiritual Warfare Series | Day 495 | Apo Dr Ranjeet Ophir
bXw7KZHiQyU,channel,07-Oct-2022 | AFGC 14 th Anniversary | Samrlakota Branch | Evening session | Apo Dr Ranjeet Ophir
O2u-0hspVKw,channel,07-Oct-2022 | AFGC 14 th Anniversary | Samrlakota Branch | Evening session | Apo Dr Ranjeet Ophir
dwF6MG1wHyA,channel,07-Oct-2022 | AFGC 14 Anniversary Samrlakota Branch  | Apo Dr Ranjeet Ophir
PWOM_akRRQ0,channel,07-Oct-2022 | ఏదీ షూలమ్మితి? ఎక్కడుంది? | Spiritual Warfare Series | Day 494 | Apo Dr Ranjeet Ophir
hrTQ55RM5nw,channel,వేదాలలో జంతు బలులు ఉన్నాయా?? | Answer To China Jiyar Swamy | Apo Dr A S Ranjeet Ophir
6FcNa3Q5fwI,channel,రక్తం చిందించిన వాడు మనల్ని ఎలాగూ రక్షించగలడు? | Answer To China Jiyar Swamy | Dr AS Ranjeet Ophir
1V3Nh044tGM,channel,దేవుడి గురించి మాట్లాడే స్థాయి చిన జీయర్ స్వామి గారికి వున్నదా? | Short Answer | Dr AS Ranjeet Ophir
JOWAe6cGs_M,channel,మానవులు జన్మపాపులని ఇతర మత గ్రంథాలలో కూడా వున్నదా? | Answer To China Jiyar Swamy | Dr Ranjeet Ophir
6VqdhGznjlk,channel,పాపులను దేవుడు నరకములో వేస్తాడని బైబిల్ లోనే ఉన్నదా? | Answer To China Jiyar Swamy | Ranjeet Ophir
_QXRZtnKDHY,channel,తనని నమ్మని వారిని నరకంలో వేసేవాడు దేవుడు ఎలా అవుతాడు? | Answer To China Jiyar Swamy | Ranjeet Ophir
y_xEQ9yUTX0,channel,యేసు క్రీస్తు వ్యక్తులను సంహారం  చేయమని చెప్పాడా? | Answer To China Jiyar Swamy |Dr AS Ranjeet Ophir
QGV_a6fBp7o,channel,క్రీస్తు మార్గములో నడవని వారిని నాశనం చేయమని చెప్పాడా? | Answer To China Jiyar Swamy | Ranjeet Ophir
1JCb4FQdZeA,channel,06-Oct-2022 | సంపూర్ణ రాత్రి ప్రార్థన | Spiritual Warfare Series | Day 493 | Apo Dr AS Ranjeet Ophir
3LjkcGgv6d4,channel,05-Oct-2022 | ప్రార్థనలో విజయానికి మార్గం!! | Fasting Prayer | Evening Session | Apo Ranjeet Ophir
zXIi5_jVrGs,channel,05-Oct-2022 | మన విజయ రహస్యం!! | Fasting Prayer | Morning Session | Apo Dr A S Ranjeet Ophir
R7GP37DyV70,channel,04-Oct-2022 | సంపూర్ణ రాత్రి ప్రార్థన | Spiritual Warfare Series | Day 491 | Apo Dr AS Ranjeet Ophir
C7lUrYjvZEc,channel,03-Oct-2022 | భయంతో పరుగెత్తుతున్న రాజులు!! | Spiritual Warfare Series | Day 490 | Apo Dr AS Ophir
fmDYJXaWSxY,channel,రంజిత్ ఓఫీర్ గారి పాటలు యూట్యూబ్ ఛానల్ ఆవిష్కరణ | Ranjith Ophir Songs YouTube Channel Announcement
RhCt689V27g,channel,02-Oct-2022 | క్రైస్తవులారా మేల్కొనండి! | Sunday Service | Second Message | Apo Dr AS Ranjeet Ophir
ks5CrC8rEWE,channel,అన్ని శక్తుల కన్న బలమైన నామము | Anni Shakthula Kanna Balamaina Namamu | Ranjith Ophir Songs
enHAiqkXQFQ,channel,02-Oct-2022 | దేవదర్శన ఫలితం!! | Sunday Service | First Message | Apo Dr A S Ranjeet Ophir
qJA7ipNzhbI,channel,02-Oct-2022 | సంపూర్ణ రాత్రి ప్రార్థన | Spiritual Warfare Series | Day 489 | Apo Dr AS Ranjeet Ophir
OMzIl04jx44,channel,01-Oct-2022 | The True Meaning of 666 | QnA With Apostle Dr A S Ranjeet Ophir | Ophir Ministries
EiEYZa3u7hw,channel,01-Oct-2022 | సంపూర్ణ రాత్రి ప్రార్థన | Spiritual Warfare Series | Day 488 | Apo Dr AS Ranjeet Ophir
CTW649ST83A,channel,30-Sep-2022 | సంపూర్ణ రాత్రి ప్రార్థన | Spiritual Warfare Series | Day 487 | Apo Dr AS Ranjeet Ophir
j4AFsp9LXIc,channel,27-Sep-2022 |  సేవకులు సత్య గ్రహించి అపో! రంజిత్ ఓఫిర్ గారి ద్వారా హస్త నిక్షేపన పొందారు!
l2PlbbPZdmU,channel,"27-Sep-2022 |సర్వ సత్య మహాసభ, పిడుగురాళ్ల | Apo Dr AS Ranjeet Ophir"
Stnx6Udy9To,channel,"28-Sep-2022 |సర్వ సత్య మహాసభ, పిడుగురాళ్ల    | Apo Dr AS Ranjeet Ophir"
pm8n7XVFzvQ,channel,"28-Sep-2022 |సర్వ సత్య మహాసభ, పిడుగురాళ్ల    | Apo Dr AS Ranjeet Ophir"
iQJICAmsv-A,channel,28-Sep-2022 | మహాకవి గుర్రం జాషువా గారి జయంతి    | Apo Dr AS Ranjeet Ophir
N91s18P7QnY,channel,27-Sep-2022 | సంపూర్ణ రాత్రి ప్రార్థన | Spiritual Warfare Series | Day 486 | Apo Dr AS Ranjeet Ophir
ZDW7ld9UGV0,channel,26-Sep-2022 | సంపూర్ణ రాత్రి ప్రార్థన | Spiritual Warfare Series | Day 485 | Apo Dr AS Ranjeet Ophir
fSuuc8nMWwg,channel,25-Sep-2022 | Sunday Service | Second Message | Central Church | Apo Dr A S Ranjeet Ophir
-Rc4lT9t1TA,channel,25-Sep-2022 | Sunday Service | First Message | AFGC Malkajgiri | Apo Dr A S Ranjeet Ophir
OnUZvnnkReU,channel,25-Sep-2022 | సంపూర్ణ రాత్రి ప్రార్థన | Spiritual Warfare Series | Day 484 | Apo Dr AS Ranjeet Ophir
ePOaGiVCwRk,channel,24-Sep-2022 | సంపూర్ణ రాత్రి ప్రార్థన | Spiritual Warfare Series | Day 483 | Apo Dr AS Ranjeet Ophir
7S4quLhtmZk,channel,23-Sep-2022 | సంపూర్ణ రాత్రి ప్రార్థన | Spiritual Warfare Series | Day 482 | Apo Dr AS Ranjeet Ophir
O6l7TY-4UQo,channel,22-Sep-2022 | దేవుడు పుట్టించిన శత్రుత్వం!! | Spiritual Warfare Series | Day 481 | Apo Ranjeet Ophir
ZS8GY-14skM,channel,21-Sep-2022 | సంపూర్ణ రాత్రి ప్రార్థన | Spiritual Warfare Series | Day 480 | Apo Dr AS Ranjeet Ophir
4vzFvU6Tc-M,channel,22-Jun-2022 | 20 వ వార్షికోత్సవ వేడుక | KO అగ్రహారం తుని | Apo Dr AS Ranjeet Ophir
y1oCF3e6kFo,channel,20-Sep-2022 | ఏదెను పాఠాలు!!  | Apostle Dr A S Ranjeet Ophir | Audio Messages
drrSAL1cbBw,channel,20-Sep-2022 | అలసిపోకండి!! | Spiritual Warfare Series | Day 479 | Apo Dr AS Ranjeet Ophir
UzFNrrnldHo,channel,19-Sep-2022 | ఒక దివ్యమైన సంగతి!!  | Apostle Dr A S Ranjeet Ophir | Audio Messages
vWZNkq_BnOE,channel,19 Sep-2022 | ప్రార్థన ఆవశ్యకత! | Spiritual Warfare Series | Day 478 | Apo Dr AS Ranjeet Ophir
QXEteMu3F4g,channel,18-Sep-2022 | పడిపోవడం అంటే? | Sunday Service | Second Message | Apo Dr AS Ranjeet Ophir
GEwqiGTAKBE,channel,18-Sep-2022 | ప్రజాస్వామ్యం vs దైవస్వామ్యం | Spiritual Warfare Series | Day 477 | Apo Ranjeet Ophir
i_x0ssI0uSw,channel,17-Sep-2022 | జాతీయ సమైక్య దినోత్సవం| Apo Dr AS Ranjeet Ophir
B9KCryU3HZQ,channel,17-Sep-2022 | సంపూర్ణ రాత్రి ప్రార్థన | Spiritual Warfare Series | Day 476 | Apo Dr AS Ranjeet Ophir
llLK5ACQzOQ,channel,31-Aug- 2022 | 27th Youth Retreat | CBM Church | Guduru |  Evening Session | Apo Dr Ranjeeth Ophir
gmggChZ_Ms0,channel,31-Aug- 2022 | 27th One Day  Youth Retreat | CBM Church | Guduru | Apo Dr Ranjeeth Ophir
tHwkEsvCMjs,channel,12-Sep-2022 | AFGC | Gollapalli |  కృతఙ్ఞత మహోత్సవం | Apo Dr AS Ranjeet Ophir
8cM_JySlwyA,channel,16-Sep-2022 | సంపూర్ణ రాత్రి ప్రార్థన | Spiritual Warfare Series | Day 475 | Apo Dr AS Ranjeet Ophir
fpy_1_FnEFI,channel,"చికాగో సంగీత విభావరి | Chicago Musical Concert | October 1996, USA | Apo Dr A S Ranjeet Ophir"
lpTpPto3EtA,channel,14-Sep-2022 | పరిశుద్ధ రాజకీయం!! | Spiritual Warfare Series | Day 474 | Apo Dr AS Ranjeet Ophir
Ty1Js6O-C6M,channel,13-Sep-2022 | దయగల దండన!!  | Apostle Dr A S Ranjeet Ophir | Audio Messages
efGQf6QWn7o,channel,13-Sep-2022 | సంపూర్ణ రాత్రి ప్రార్థన | Spiritual Warfare Series | Day 473 | Apo Dr AS Ranjeet Ophir
nGL8uph8KzY,channel,12-Sep-2022 | పరీక్షలొస్తున్నాయి జాగ్రత్త!!  | Apostle Dr A S Ranjeet Ophir | Audio Messages
RqXaBd1nQxI,channel,12-Sep-2022 | తెలివిలేని సైనికులు | Spiritual Warfare Series | Day 472 | Apo Dr AS Ranjeet Ophir
sffbGrL9HcU,channel,11-Sep-2022 | Late Sri Noble Runjala's 2nd Death Anniversary | Central Church | Ophir Ministries
Fke5aVPJJ8s,channel,11-Sep-2022 | కార్యసాధకుల ముఖ్య లక్షణం!! | Sunday Service | Second Message | Apo Dr Ranjeet Ophir
oQ4jjIeQV_0,channel,11-Sep-2022 | ప్రభురాత్రి భోజన విధానం! | Sunday Service | First Message | Apo Dr A S Ranjeet Ophir
mmsu4ISkhQc,channel,11-Sep-2022 | చచ్చిపోతున్న ఆధ్యాత్మిక శిశువులు | Spiritual Warfare Series | Day 471 | Apo Dr Ophir
WbJpRNCsN04,channel,10-Sep-2022 | నిజమైన కుమారుడు!!  | Apostle Dr A S Ranjeet Ophir | Audio Messages
FJQY0ba9gM4,channel,10-Sep-2022 | సంపూర్ణ రాత్రి ప్రార్థన | Spiritual Warfare Series | Day 470 | Apo Dr AS Ranjeet Ophir
P640qxiFe9s,channel,10-Sep-2022 | యేసు తత్త్వం యొక్క భూలోక ప్రతిరూపం! | Spiritual Warfare Series | Day 470 | Apo Ophir
87QEAQRuisk,channel,09-Sep-2022 | క్రీస్తు సంపూర్ణ దైవత్వం!!  | Apostle Dr A S Ranjeet Ophir | Audio Messages
5HmfEbT4FDQ,channel,09-Sep-2022 | సంపూర్ణ రాత్రి ప్రార్థన | Spiritual Warfare Series | Day 469 | Apo Dr AS Ranjeet Ophir
pLzNehIE-SQ,channel,08-Sep-2022 | Ophirist Meeting | Narshipatnam | Apo Dr AS Ranjeet Ophir
C9Ci1PPVOdw,channel,08-Sep-2022 | మందిర  నామకరణం | కృతజ్ఞత మహోత్సవం | నర్శిపట్నం | Apo Dr AS Ranjeet Ophir
2YDiXASUa98,channel,08-Sep-2022 | మరి గొప్ప సేవ!!  | Apostle Dr A S Ranjeet Ophir | Audio Messages
q4dIAtrPHWk,channel,08-Sep-2022 | సంపూర్ణ రాత్రి ప్రార్థన | Spiritual Warfare Series | Day 468 | Apo Dr AS Ranjeet Ophir
09IeITh48CA,channel,07-Sep-2022 | Young Ophirists Avagahana Sadassu | Burmacamp | Vishakapatnam | Apo Dr Ranjeeth Ophir
ssyfbR2KXgQ,channel,07-Sep-2022 | AFGC | 17th Anniversary | Burmacamp | Visakhapatnam | Apo Dr Ranjeet Ophir
Jg8t405EHN4,channel,07-Sep-2022 |AFGC | 17 వ వార్షికోత్సవం | బర్మా క్యాంపు | విశాఖపట్నం  | Apo Dr Ranjeet Ophir
PmZYzkqhl8k,channel,07-Sep-2022 | కర్మెలు ఉద్యమ వివరాలు!!  | Apostle Dr A S Ranjeet Ophir | Audio Messages
TRtUfFoMs8I,channel,07-Sep-2022 | మన ప్రార్థనకు కారణభూతుడు!! | Spiritual Warfare Series | Day 467 | Apo Dr Ranjeet Ophir
24wZC5zmsPc,channel,వినరండి సువిశేషము!! | Vinarandi Suvisheshamu | Lyrics by Rev K V Jacob garu | Dr Ranjeet Ophir Songs
m_SmZGzujc0,channel,04-Sep-2022 | Sunday Service | Second Message | Central Church | Apo Dr AS Ranjeet Ophir
DhyGvRcfEWE,channel,06-Sep-2022 | ఆశీర్వాద సంపూర్ణత!!  | Apostle Dr A S Ranjeet Ophir | Audio Messages
H3BQgMC8qgg,channel,"06-Sep-2022 | ""కలవరపడకండి""!! | Spiritual Warfare Series | Day 466 | Apo Dr AS Ranjeet Ophir"
_6qT_cCuhcU,channel,05-Sep-2022 | జల్లెడలో మోక్షగాములు!!  | Apostle Dr A S Ranjeet Ophir | Audio Messages
Iin1SUPCmR0,channel,05-Sep-2022 | సంపూర్ణ రాత్రి ప్రార్థన | Spiritual Warfare Series | Day 465 | Apo Dr AS Ranjeet Ophir
9N0NAe3zZ1g,channel,04-Sep-2022 | ఎడబాయని క్రీస్తు కృప! | Sunday Service | First Message | AFGC Malkajgiri | Apo Ophir
ZOg-x3gaO_0,channel,03-Sep-2022 | అపొస్తలుల బోధ!!  | Apostle Dr A S Ranjeet Ophir | Audio Messages
nqUqyjyTTfE,channel,03-Sep-2022 | దావీదు vs మహాజలరాశులు!! | Spiritual Warfare Series | Day 464 | Apo Dr AS Ranjeet Ophir
uUhJkhssiXE,channel,02-Sep-2022 | రెండవ యోహాను మూడవ ఏలియా!!  | Apostle Dr A S Ranjeet Ophir | Audio Messages
cMFZIWyQWSs,channel,01-Sep-2022 | భక్తుల ప్రార్థనలో కృపావిజయం! | Youth Fasting Prayer | Evening Session | Apo Dr Ophir
i--fdxpRJB0,channel,01-Sep-2022 | ప్రార్థనలో పట్టుదల ఎలా వస్తుంది? | Youth Fasting Prayer | Apo Dr AS Ranjeet Ophir
_mJlWXATYpY,channel,01-Sep-2022 | పులిసిన పిండి పారవేద్దాం!!   | Apostle Dr A S Ranjeet Ophir | Audio Messages
rqfyEWswAcg,channel,01-Sep-2022 | విశ్వాసి భ్రష్టత్వానికి ఆరంభం! | Spiritual Warfare Series |Day 462 | Apo Ranjeet Ophir
gskHtoXeWQ4,channel,31-Aug-2022 | సంఘకన్యక మహిమ!!  | Apostle Dr A S Ranjeet Ophir | Audio Messages
4_DrDDDaO78,channel,30-Aug-2022 | పవిత్రపరచే నిరీక్షణ!!  | Apostle Dr A S Ranjeet Ophir | Audio Messages
JYDJ-IwUnoU,channel,30-Aug-2022 | హృదయాలను త్రిప్పే దేవుడు!! | Spiritual Warfare Series | Day 460 | Apo Dr Ranjeet Ophir
Z98_3uiolfw,channel,రంజిత్ ఓఫీర్ గారు ఏ కార్యక్రమును తలపెట్టిన కొందరు వ్యతిరేకించుటకు కారణం ఏమిటి? | Short Answers
6fYueVbUE7Y,channel,రంజిత్ ఓఫీర్ గారు శపించుమని ప్రార్ధన చేసింది హిందువులా కొరకా? లేకా మతోన్మాదుల కొరకా? | Short Answer
hDmjA6MIjx8,channel,సర్వ మత సమ్మేళనమును విమర్శిచిన VKR అనే వాడు ఓక మూర్కుడు? | Short Answers | Apo Dr A S Ranjeet Ophir
w5HuJHzE6O8,channel,ఉలమా బోర్డ్ సర్వ మత సమ్మేళనం వెనుక రాజకీయ కుట్ర ఏమైనా ఉన్నదా? | Short Answer | Dr A S Ranjeet Ophir
g4yT-b75vp8,channel,యేసు క్రీస్తు ప్రభువు హిందువని K A పాల్ గారు చెప్పారా?? | Short Answers | Apo Dr A S Ranjeet Ophir
NI4WK9AnbYI,channel,దావీదుకు దేవుడు అనుగ్రహించిన పవిత్ర వరములు ఏమిటి? | Short Answers | Apo Dr A S Ranjeet Ophir
tMVDgLkrhOI,channel,యేసు క్రీస్తు దావీదు తాళపు చెవి కలిగి యుండటం అంటే అర్దం ఏమిటి? | Short Answer | Dr A S Ranjeet Ophir
xn-FJq5ZRgk,channel,క్రైస్తవులు లాటరీ టికెట్ కొనుకోవచ్చా? | Short Answers | Apo Dr A S Ranjeet Ophir
aH4v2BBraTA,channel,గర్భిణి స్త్రీలు రెండవ రాకడలో ఎత్తబడితే వారి గర్భములో ఉన్న శిశువు పరిస్థితి ఏమిటి? | Ranjeet Ophir
9mkLg2aPPNk,channel,రెండవ అర్థ వారంలో ప్రపంచాన్ని పరిపాలించేది ఎవరు? అబద్ధ క్రీస్తా? దశ రాజ్య కూటమా? |A S Ranjeet Ophir
N3A4DP3mS3g,channel,"దైవజనులు బైబిల్ మీద కళ్లద్దాలు, మొబైల్ లాంటివి పెట్టి వాక్యం చెప్పవచ్చా? | Apo Dr A S Ranjeet Ophir"
ijTSwL4yPkU,channel,ప్రభువు బల్ల కొరకు ప్రతిష్టించిన పాత్రలే వాడాలా? సాధారణ పాత్రలు కూడా వాడవచ్చా? |Dr A S Ranjeet Ophir
-DJDqq8Ep84,channel,ప్రభు బల్లలోనిది క్రైస్తవులు ఒకే పాత్రతో తాగాలా? లేకా ఒకే పాత్రలోనిది తాగాలా? | Dr A S Ranjeet Ophir
JRuAejuV5G4,channel,క్రైస్తవులు సినిమా రివ్యూలు చేయవచ్చా?? | Short Answers | Apo Dr A S Ranjeet Ophir
r2MmQdzfJxA,channel,సత్య సంబంధిగా ఉండాలనుకొనే వారికి ఉండాల్సిన లక్షణాలు ఏమిటి? | Short Answer | Apo Dr A S Ranjeet Ophir
-wuxVl7X8x0,channel,ఏక సిద్ధాంతము లోకి రాని క్రైస్తవుల పరిస్థితి ఏమిటి? | Short Answers | Apo Dr A S Ranjeet Ophir
hmFKaas2L3g,channel,క్రైస్తవులందరు ఏక సిద్ధాంతము లోకి రావడం సాధ్యమేనా?? | Short Answers | Apo Dr A S Ranjeet Ophir
smIGr6aKJbc,channel,రంజిత్ ఓఫీర్ గారు ఎప్పటికప్పుడు విన్నూతమైన కార్యక్రమాలు చేయడానికి గల కారణం ఏమిటి?? | Short Answers |
Hf2UCyMEctY,channel,Delhi Youth Festival - Registrations
CaWVlqYCdS8,channel,29-Aug-2022 | ఇద్దరు ప్రపంచ రాజులు!!  | Apostle Dr A S Ranjeet Ophir | Audio Messages
ZKByzTpWssU,channel,29-Aug-2022 | సంపూర్ణ రాత్రి ప్రార్థన | Spiritual Warfare Series | Day 459 | Apo Dr AS Ranjeet Ophir
MMcUSNrkcM8,channel,సాతాను పుట్టుపూర్వోత్తరాలను గూర్చి బైబిల్ చెప్తుందా?? | Big Debate | Live @RKPIndiaForJustice
XlwFtiE4Z-4,channel,28-Aug-2022 | భ్రష్టాత్మను గుర్తుపడదాం!! | Sunday Service | Second Message | Apo Dr AS Ranjeet Ophir
9RSW3PKp094,channel,28-Aug-2022 | కృప ద్వారా ఉత్తీర్ణులు!! | Sunday Service | First Message | Apo Dr A S Ranjeet Ophir
A9PyX0epcIw,channel,"24-Aug-2022 | దేవుని పనిలో జతపనివారు! | AFGC Tuni, 14th Anniversary | Apo Dr AS Ranjeet Ophir"
nEfafYLsQyU,channel,27-Aug-2022 | సముద్ర తరంగాలపై భక్తుడి యుద్ధం! | Spiritual Warfare Series | Day 458 | Apo Dr Ophir
j3T0aj2WT4U,channel,మత మార్పిడి అనేది అబద్దం!! బలవంతపు మత మార్పిడి అనేది మరి అబద్ధం!! | Apo Dr A S Ranjeet Ophir
X44SYjLyCmU,channel,రక్షణ అనగా బైబిల్ భాషలో అసలైన అర్థం!!  | Short Message | Apo Dr A S Ranjeet Ophir
7ddMPaW6a8Y,channel,26-Aug-2022 | ఓటమి సాధ్యంకాని పోరాటం!! | Spiritual Warfare Series | Day 457 | Apo Dr Ranjeet Ophir
4tfiTs79Yag,channel,"25-Aug-2022 | సమస్తమూ మేలుకొరకే!! | Gospel Meeting, Vizag | Apo Dr AS Ranjeet Ophir"
iG4FyuWCWjY,channel,"25-Aug-2022 | దేవుని చిత్తాన్ని గూర్చిన మర్మం!! | RKP Awareness Meeting, Vizag | Apo Ranjeet Ophir"
GiQfcYLkjHU,channel,24-Aug-2022 | Word Of God | Pr  Amruth's Birthday Celebrations | Apo Dr A S Ranjeet Ophir
7DlTakCHZNs,channel,24-Aug-2022 | ఓఫీర్  యువసేన  యవ్వనస్థుల  సదస్సు |తుని | Ophir Ministries
ISkxf2YOEUY,channel,24-Aug-2022 | ఓఫీర్  యువసేన  యవ్వనస్థుల  సదస్సు |తుని | Ophir Ministries
A-WAEWs6BGg,channel,24-Aug-2022 | సంపూర్ణ రాత్రి ప్రార్థన | Spiritual Warfare Series | Day 456 | Apo Dr AS Ranjeet Ophir
8M1LLpLTpXQ,channel,స్వామి వివేకానంద గారు చికాగో సర్వ మత సమ్మేళనంలో చెప్పిన సందేశమును కూడా లల్లిత్ విమర్శించగలడా??
bkwUb-kiAG4,channel,ఉలామా బోర్డ్ జాతీయత  సందేశమును వ్యతిరేకిస్తే దూల తిరేది స్కలిత్ గాడికే!! | Apo Dr A S Ranjeet Ophir
py5MH6W46Ns,channel,శ్రీ శ్రీ ప్రణవానందభారతి స్వామి గారు హిందువులకు చెప్పిన క్షమాపణ పై స్పందించిన రంజిత్ ఓఫీర్ గారు!!
P14NjuTLlJ8,channel,Vision India వారి అధ్వర్యంలో చెన్నై నుండి ఢిల్లీ వరకు జరుగుతున్న Run for Jesus పై ఓఫీర్ గారి స్పందన!
somFp6pVPDc,channel,నకిలీ క్రైస్తవ బోధకులను ఏలాగూ  గుర్తించాలి?? | Short Answer | Apo Dr A S Ranjeet Ophir
I0L5gBe6az4,channel,"PD సుందర్ రావు, అయన శిష్యులు కలసి నకిలీ క్రైస్తవ్యాన్ని వ్యాప్తి చేస్తున్నారు!! | A S Ranjeet Ophir"
_R12XjFLvRg,channel,"ఓఫీరిస్ట్ లు నిజమైన దేశ భక్తి, నిజమైన దైవ భక్తి కలిగిన వారు!! | Short Answer | Dr A S Ranjeet Ophir"
Mk5AQI4cmt4,channel,22-Aug-2022 | పరుగు వీరులపై వ్యర్థమైన బరువులు!! | Spiritual Warfare Series | Day 454 | Apo Dr Ophir
NC3nV_KM9RE,channel,21-Aug-2022 | భక్తులలో బహుళత్వం!! | Sunday Service | Second Message | Apo Dr A S Ranjeet Ophir
Dh35beWnmTk,channel,21-Aug-2022 | అన్యాయస్థుల నిత్యనాశనం!! | Sunday Service | First Message | Malkajgiri | Apo Dr Ophir
JKFMVc8VxXU,channel,Special Announcement by Apostle Dr A S Ranjeet Ophir!!
AJg-pq0w3Jk,channel,20-Aug-2022 | సంపూర్ణ రాత్రి ప్రార్థన | Spiritual Warfare Series | Day 453 | Apo Dr AS Ranjeet Ophir
5WbPxKhRJoE,channel,ఆశీర్వాదకరమైన మరణం పొందుదాం!! | మరణం గురించిన సర్వ సత్యం!! | Apo Dr A S Ranjeet Ophir
__y60dkx0js,channel,19-Aug-2022 | సువార్తను తెలుసుకుందాం రండి!! | Spiritual Warfare Series | Day 452 | Apo Ranjeet Ophir
B4gzSbxqXPs,channel,18-Aug-2022 | Part-2 | వ్యర్థమైపోతున్న జీవితాలు!! | Spiritual Warfare Series | Day 451 | Apo Ophir
c_ws5kj1ka0,channel,18-Aug-2022 | Part-1 | వ్యర్థమైపోతున్న జీవితాలు!! | Spiritual Warfare Series | Day 451 | Apo Ophir
sLhgf0P8knk,channel,యేసు క్రీస్తు నందు విశ్వాసముంచు వాడు అయన కంటే గొప్ప కార్యములు చేయడం అంటే ఏమిటి? |Dr AS Ranjeet Ophir
kdg3mO0OvXE,channel,"17-Aug-2022 | Run for Jesus | Vision India | Ophir Ministries | Wesley Church, Secundrabad"
Y1MVOdiRPRU,channel,బీజేపీ ప్రభుత్వ సంస్థలను ప్రైవేట్ వ్యక్తులకు అమ్మేయడం క్షమించరాని నేరం!! | IPBP నాయకులు రంజిత్ గారు
KLs2JvW_h0Y,channel,"RSS జాతికి క్షమాపణ చెప్పిన తరవాతనే మహత్మకు నివాళులు అర్పించి, జాతీయ జెండాకు వందనం చెయాలి!!"
Y052HmI8ySA,channel,బీజేపీ సచ్చే దిన్ పొయి అచ్చే దిన్ రావాలంటే IPBP అధికారంలోకి రావాలి! | జాతీయ నాయకులు రంజిత్ గారు
O7JSXH-JeNA,channel,అన్ని మతాల అక్రమ కట్టడ దేవాలయాలను కూలగొట్టే చట్టం చేయాలని డిమాండ్  చేసిన IPBP నాయకులు రంజిత్ గారు
s-PnvRkz6b4,channel,కుల నిర్మూలన జరిగి జాతి ఏకం అవ్వాలంటే శాస్త్రీయ విద్య విధానం రావాలి!! | IPBP నాయకులు రంజిత్ గారు
7kF6VWbEkA4,channel,దళితులను ప్రశ్నించకుండా చేస్తున్న మనువాద మత్తు మందు!! | IPBP నాయకులు రంజిత్ గారు
prhroME7II4,channel,అంబేద్కర్ గారి ఆలోచన ప్రకారం నడిచే పార్లమెంట్ వ్యవస్థను సృష్టిస్తాము!! | IPBP నాయకులు రంజిత్ గారు
0fVxNd8o-WM,channel,దేశంలో ఎప్పటికైనా మార్పురావాలంటే అది ఇండియా ప్రజా బంధు పార్టీతోనే సాధ్యం! | IPBP నాయకులు రంజిత్ గారు
S21RxXdLXh0,channel,"దళితుల,గిరిజనుల,బహుజనుల అణచివేత,అమ్మాయిలపై అత్యాచారాలు ఆగాలంటే పరిష్కారం! | IPBP నాయకులు రంజిత్ గారు"
Y2WaHkBdyv8,channel,15-Aug-2022 | Bethesda Deliverance Meeting | Tarnaka | Ophir Ministries
P3cyZM9xSLU,channel,16-Aug-2022 | ప్రార్థనా పోరాటం ఎందుకు...? | Spiritual Warfare Series | Day 449 | Apo Ranjeet Ophir
Wvua7fE14C8,channel,"15-Aug-2022 | 75th Independence Day Celebrations, Part-1 | Agape Church Grounds | Hyderabad"
1iZwhYqBxFw,channel,15-Aug-2022 | సంపూర్ణ రాత్రి ప్రార్థన | Spiritual Warfare Series | Day 448 | Apo Dr AS Ranjeet Ophir
nprkMsOcFGM,channel,15-Aug-2022 | 75th Independence Day Celebrations | Nizampet Grounds
VPsTbmkdlxU,channel,12-Aug-2022 | సంపూర్ణ రాత్రి ప్రార్థన | Spiritual Warfare Series | Day 447 | Apo Dr AS Ranjeet Ophir
1TaH0Cmdrso,channel,12-Aug-2022 | సత్య సువార్త సభ | Mangalagiri
T_W2_aNcdF8,channel,12-Aug-2022 | Agape Family Retreat | Mangalagiri | Part 2
Wu6PCg5Ex28,channel,12-Aug-2022 | Young Ophirists Awareness Meet | Mangalagiri
DnxuYoPh4XI,channel,12-Aug-2022 | Young Ophirists Awareness Meet | Mangalagiri
OnuhV_jPy-I,channel,12-Aug-2022 | Agape Family Retreat | Mangalagiri | Part 1
AMGIdQJ1bHo,channel,11-Aug-2022 | సంపూర్ణ రాత్రి ప్రార్థన | Spiritual Warfare Series | Day 446 | Apo Dr AS Ranjeet Ophir
QVj8Beu_ZhI,channel,10-Aug-2022 | Pas.Sundar Paul's Birthday Celebrations | Aaradhana Mandir Kurnool
Zc_B4tGMC0U,channel,10-Aug-2022 | Pas. Ravi Kumar Birthday Celebrations | AFGC Adhoni
RpdBNKpzjrc,channel,10-Aug-2022 | సంపూర్ణ రాత్రి ప్రార్థన | Spiritual Warfare Series | Day 445 | Apo Dr AS Ranjeet Ophir
K39JuA5JgYk,channel,09-Aug-2022 | వివేకముగల క్రీస్తు సైనికులు!! | Spiritual Warfare Series | Day 444 | Apo Ranjeet Ophir
z6f_kJCdl64,channel,08-Aug-2022 | సంపూర్ణ రాత్రి ప్రార్థన | Spiritual Warfare Series | Day 443 | Apo Dr AS Ranjeet Ophir
wDKcijlmAl8,channel,శ్రీ శ్రీ ప్రణవానందభారతి స్వామి గారిని విమర్శిస్తున్న మతోన్మాదులకు రంజిత్ ఓఫీర్ గారి సమాధానం!!
QZ9uR0sicuY,channel,సుధీర్ఘ ప్రసంగాలపై అపొ డా A S రంజిత్ ఓఫీర్ గారి విశ్లేషణ! | Short Answers | Apo Dr A S Ranjeet Ophir
fHWGxgxSvB0,channel,07-Aug-2022 | Sunday Service | Second Message | Central Church | Apo Dr A S Ranjeet Ophir
0L330B0gUzg,channel,07-Aug-2022 | కృపలో ఆనందమయ జీవితం...!! | Sunday Service | First Message | Apo Dr AS Ranjeet Ophir
zCbrr5Y9BLo,channel,07-Aug-2022 | రక్షణానందానికి మార్గం.... !! | First Message | AFGC Malkajgiri | Apo Dr Ranjeet Ophir
wHr6cb6jWCw,channel,06-Aug-2022 | Australian Prayer Group | Asanparthy  | Ophir ministries | part 2
GK7qUFgTi80,channel,06-Aug-2022 | Australian Prayer Group | Asanparthy  | Ophir ministries
_v2BwMJjiCU,channel,05-Aug-2022 | Ajaiy Palukcure weds Smarty Sulaxna | Hyderabad | Ophir ministries
VYuhachJVmo,channel,05-Aug-2022 | సంపూర్ణ రాత్రి ప్రార్థన | Spiritual Warfare Series | Day 442 | Apo Dr AS Ranjeet Ophir
XiRAYhFQ-T8,channel,04-Aug-2022 | అత్యాసక్తితో ప్రార్థించడం అంటే?? | Spiritual Warfare Series | Day 441 | Apo Dr Ophir
-eUf4AgQ90E,channel,02-Aug-2022 | సంపూర్ణ రాత్రి ప్రార్థన | Spiritual Warfare Series | Day 440 | Apo Dr AS Ranjeet Ophir
NWRTaggdcSc,channel,02-Aug-2022 | ద్వీపాలపై దీవెనల వర్షం!! | Spiritual Warfare Series | Day 440 | Apo Dr Ranjeet Ophir
QoU_LVlara0,channel,ఉలమా బోర్డ్ అధ్వర్యంలో దేశమంతటా సర్వ మత సమ్మేళనం నిర్వహిస్తాము! |National Secretary Dr Ranjeet Ophir
Ri5rSVOZSV4,channel,ఉలమా బోర్డ్ సందేశము  - మంచి మనుషులమౌదాం! | Ulama Board Press Meet | Hyderabad | Dr A S Ranjeet Ophir
ECnZ8fxbQTY,channel,Ulama Board Main Objective | ఉలమా బోర్డ్ యొక్క ముఖ్యోద్దేశం | Dr A S Ranjeet Ophir
g_gVwDRx9A0,channel,01-Aug-2022 | బలమైన ప్రార్థనకు పునాది ! | Spiritual Warfare Series | Day 439 | Apo Dr Ranjeet Ophir
lFVk_fUk_HI,channel,31-Jul-2022 | అబద్ధికుడైన నరహంతకుడు!! | Sunday Service | Second Message | Apo Dr A S Ranjeet Ophir
DJPtXRg_dq0,channel,31-Jul-2022 | Sunday Service | Second Message | Central Church | Apo Dr A S Ranjeet Ophir
bcCUYVqePIw,channel,30-Jul-2022 | Inter Religious Summit | All India Ulama Board | Hyderabad
6e9srTVeN9E,channel,30-Jul-2022 | హృదయాలను కుమ్మరిద్దాం!! | Spiritual Warfare Series | Day 438 | Apo Dr AS Ranjeet Ophir
DqkTaQIe9c8,channel,29-Jul-2022 | ప్రతి భారాన్నీ వదిలేద్దాం!! | Spiritual Warfare Series | Day 437 | Apo Ranjeet Ophir
O1AjxJx6TbE,channel,28-Jul-2022 | Maha News Interview With Dr AS Ranjeet Ophir
hYGLfacavB0,channel,28-Jul-2022 | అసలైన జ్ఞానులు!! | Spiritual Warfare Series | Day 436 | Apo Dr AS Ranjeet Ophir
EU4PFbcnEDA,channel,27-Jul-2022 | చిన్న దేవుళ్ళు!! | Spiritual Warfare Series | Day 435 | Apo Dr AS Ranjeet Ophir
DhIx4OXhrk8,channel,26-Jul-2022 | అలసట ఎరుగని ఇద్దరు వ్యక్తులు!! | Spiritual Warfare Series | Day 434 | Dr Ranjeet Ophir
j_uha99NeDY,channel,25-Jul-2022 | అగాపే ప్రేయర్ టవర్ | కాళింగ గూడెం | Ophir Ministries Part 2
M2admd0mkPU,channel,25-Jul-2022 | అగాపే ప్రేయర్ టవర్ | కాళింగ గూడెం | Ophir Ministries
3HxPpB-xyjM,channel,30-07-2020 శనివారం నాడు  KPHBలో జరిగే ULAMA బోర్డ్ మీటింగ్ గురించి  ప్రకటన!! | Dr A S Ranjeet Ophir
Wct7kuxe-5I,channel,మహాసేన రాజేష్ సరిపెళ్ల  అరెస్ట్ ను ఖండించిన IPBP నాయకులు రంజిత్ గారు!! | అండగా ఉంటామని హామీ!
8Ly0M6qN1Zg,channel,25-Jul-2022 | అగాపే ప్రేయర్ టవర్ | కాళింగ గూడెం | Ophir Ministries
c3OOUL8zar8,channel,పురాణాలలో చెప్పబడినవి కూడా అద్భుతాలేనా?? | Answer To Hindu Janashakthi | Apo Dr A S Ranjeet Ophir
bWqPd8H4dgU,channel,"""ఇవన్నియు జరుగు వరకు ఈ తరము గతింప"" దన్న యేసు మాటలలోని గూఢార్థం!! | Short Answers | Apo Ranjeet Ophir"
GAhFTT8JkRo,channel,వెయ్యేండ్ల పాలనలో కూడా కొందరు రక్షింపబడతారా?? | Short Answers | Apo Dr A S Ranjeet Ophir
dGdRgi7N3NA,channel,రెండు రోజుల తరువాత కుళ్ళిపోయే రొట్టె ప్రభు శరీరం ఎలా అవుతుంది? | Apo Dr Ophir's Answer To Hithabodha
An2IfIusUBg,channel,ప్రభు బల్లలో విరిచే రొట్టె క్రీస్తు శరీరమునకు సాదృశ్యమా? | Short Answers | Apo Dr A S Ranjeet Ophir
guF1-z-WLYQ,channel,నిత్య జీవమనేది క్రీస్తును నమ్మినందుకు వస్తుందా?? లేక అయన శరీరరక్తాలలో పాలుపొందినందుకు వస్తుందా??
S21k_l0QNiI,channel,అన్ని సంఘాలలో రొట్టె విరుస్తున్నప్పుడు చాలా శరీరాలు యేసయ్యకు ఉన్నట్టు అర్థమా? | Dr A S Ranjeet Ophir
mLlKsGTzq20,channel,గురువు శత్రువులను శిష్యుడు కూడా శత్రువులుగానే చూడాలా?? | Short Answers | Apo Dr A S Ranjeet Ophir
wbavf-KGHek,channel,రంజిత్ ఓఫీర్ గారంటే ఇష్టపడని వారితో అయన శిష్యులు ఎలా వ్యహరించాలి?? | Short Answers |  Apo Dr Ophir
BQFKcaNgmqw,channel,బంగారు ఆభరణములు ధరించడం పాపమా?? | Short Answers | Apo Dr A S Ranjeet Ophir
TrYWq9HfUn0,channel,25-Jul-2022 | భక్తుల వాక్కు ప్రభావం!! | Spiritual Warfare Series | Day 433 | Apo Dr AS Ranjeet Ophir
9hfhVLDLHQ8,channel,24-Jul-2022 | క్రైస్తవులమని గర్విద్దాం...!! | Sunday Service | Second Message | Apo Dr Ranjeet Ophir
Q63BY8CMBnQ,channel,24-Jul-2022 | రెండు రకాల జ్ఞానం!! | Sunday Service | First Message | Apo Dr A S Ranjeet Ophir
hBX4E5nGvC0,channel,23-Jul-2022 | మహిమగల మతిమరుపు...!! | Spiritual Warfare Series | Day 432 | Apo Dr AS Ranjeet Ophir
ShXpH-2S9Pk,channel,21-Jul-2022 | న్యాయమైన అతిశయం!! | ఆశీర్వాదకరమైన సాయంత్ర కూడిక | Manchirevula | Ophir Ministries
jmz3n3HOVIM,channel,22-Jul-2022 | కడవరి వర్షధ్వని...!! | Spiritual Warfare Series | Day 431 | Apo Dr AS Ranjeet Ophir
pKcVNVSsT4E,channel,21-Jul-2022 | ప్రతిష్ఠిత వస్త్రాలు ధరించుకుందాం! | Spiritual Warfare Series | Day 430 | Apo Dr Ophir
0hOvZ4WNnmg,channel,20-Jul-2022 | దేవుని మహిమను చూద్దాం...!! | Spiritual Warfare Series | Day 429 | Apo Dr Ranjeet Ophir
WOvJGRTPv7M,channel,19-Jul-2022 | సంపూర్ణ రాత్రి ప్రార్థన | Spiritual Warfare Series | Day 428 | Apo Dr AS Ranjeet Ophir
nJBZl8frzC4,channel,ఓఫీర్ గారు రచించిన పరిశుద్ద దేవుని గూర్చిన జ్ఞానము గూర్చి అద్భుత సాక్ష్యమిచ్చిన పాస్టర్ ఇశ్రాయేలు!!
-w4nmNmU8co,channel,కృపామయుడా | Krupamayuda | Telugu Christian Song | Apo Dr A S Ranjeet Ophir
BNJUC7sahlw,channel,ఆరాధించెద నిను మది | Aradhincheda Ninu Madi | Telugu Christian Song | Apo Dr A S Ranjeet Ophir
1OzykrO6u50,channel,ఎరిగియుంటివే యెహోవా | Erigiyuntive Yehova | Telugu Christian Song | Apo Dr A S Ranjeet Ophir
1TLcwAO6Vhk,channel,ఆరాధింతును ఆనందితును | Aradinthunu Anandinthunu | Telugu Christian Song | Apo Dr A S Ranjeet Ophir
grazk2go9IE,channel,దేవుడే నా కాశ్రయంబు | Devude naa Kasrayambu | Telugu Christian Song | Apo Dr A S Ranjeet Ophir
sB_g-8EqXOk,channel,నా జీవిత యాత్రలో  | Naa Jeevitha Yaathralo | Telugu Christian Song | Apo Dr A S Ranjeet Ophir
pph995B33wA,channel,18-Jul-2022 |  దేవుణ్ణి మేల్కొల్పడమా ??!? | Spiritual Warfare Series | Day 427 | Apo Ranjeet Ophir
bq3t9cdK-Cs,channel,17-Jul-2022 | సాతాను చేతిలో భక్తుల సుగుణాలు!! | Sunday Service | Second Message | Ophir Ministries
KTIzYLwW9L8,channel,సిలువ బొట్టు ఉద్యమాన్ని విమర్శించిన జెరూసలేం మత్తయ్య గురించి రంజిత్ ఓఫీర్ గారి అభిప్రాయం!!
cORyhaBq4Y0,channel,బైబిల్ నుండీ కాపీ చేసి యేసు క్రీస్తు గురించి వేదాలాలో రాసారంటున్న వారికి రంజిత్ ఓఫీర్ గారి సమాధానం!!
Dqn4iUXk5lU,channel,ఉపవాస ప్రార్దన అనేది ఏకాంతంగా చేయాలా?? లేకా సంఘముగా కూడి చేయాలా?? | Short Answer | A S Ranjeet Ophir
pkyE0W4mFOg,channel,మీ పాపములు ఒకరితో ఒకరు ఒప్పుకొనుడి అంటే మన పాపాలు సేవకుడి దగ్గర ఒప్పుకోవాలని అర్దమా? |Ranjeet Ophir
3xWCEBH57bk,channel,ప్రభు బల్లలో ఎవరైనా పాలు పొందవచ్చా?? |  బల్లలో పాలు పొందాడానికి కావాల్సిన యోగ్యత అంటే ఏమిటి??
9YAhzzdo7Ns,channel,డాలరుతో రూపాయి విలువ 80 రూపాయలకు పడిపోవడం పై స్పందించిన IPBP జాతీయ నాయకులు రంజిత్ ఓఫీర్ గారు!!
bQn_WtJc1TU,channel,All India Ulama Board జాతీయ కార్యదర్శిగా నియమించబడిన RKP నాయకులు డా A S రంజిత్ ఓఫీర్ గారు!
hstPlHC9yYU,channel,16-Jul-2022 | రోదన విద్య!! | Spiritual Warfare Series | Day 426 | Apo Dr AS Ranjeet Ophir
UUbsF5DvRz0,channel,15-Jul-2022 | దేవుడు త్రోసివేయలేని ప్రార్థన!! | Spiritual Warfare Series | Day 425 | Apo Dr Ophir
wpJDEtBoXSA,channel,14-Jul-2022 | సర్వజ్ఞుడికి ప్రీతికరమైన ప్రార్థన! | Spiritual Warfare Series | Day 424 | Apo Dr Ophir
KHRrA96nYNw,channel,13-Jul-2022 | సిలువ మోస్తున్న విజ్ఞాపనకర్తలు!! | Spiritual Warfare Series | Day 423 | Apo Dr Ophir
y6l--huV8tQ,channel,12-Jul-2022 | ప్రార్థించడమే విశ్వసించడం!! | Spiritual Warfare Series | Day 422 | Apo Ranjeet Ophir
jbxRXLbZxQ0,channel,11-Jul-2022 | విజ్ఞాపన ప్రార్థన - కృతజ్ఞతా మహోత్సవం | Agape Prayer Warriors | Ophir Ministries
NnN5uyoyaX0,channel,మహిళలకు సువార్త ప్రకటించే విషయంలో  అమూల్యమైన సూచనలు! | Short Answer | Apo Dr A S Ranjeet Ophir
GNIOJQ8xvkA,channel,క్షీరసాగర మధనం కార్యక్రమము గురించి ఒక సోదరుడి స్పందన!! | Short Answers | Apo Dr A S Ranjeet Ophir
KsCPGVcvdD4,channel,అన్య భాష మాట్లాడేవారు మాట్లాడుతున్నది పరిశుద్ధాత్మ భాషనా?? | Short Answers | Apo Dr AS Ranjeet Ophir
iDTlmbURQrA,channel,పరి పూర్ణత సాధించిన భక్తుడిలో దురాశ పుట్టే అవకాశం ఉన్నదా?? | Short Answer | Apo Dr A S Ranjeet Ophir
oQ7dN6UQE4c,channel,48వ కీర్తన 5వ వచనము యొక్క అర్ధము!! | Short Answer | Apo Dr A S Ranjeet Ophir
YG4WAf0W5mA,channel,సేవకునికి ఇచ్చిన కానుకలు సేవకు వాడకపోతే ఆ కానుకలు దేవునికి మొరపెడతయా? | Short Answer | Ranjeet Ophir
fL01ID0DSco,channel,సామెతలు 9వ అధ్యాయము 12వ వచనము యొక్క అర్ధము!! | Short Answer | Apo Dr A S Ranjeet Ophir
SnJ2KLaGCus,channel,మనుషులలో కొందరు  చనిపోయాక దయ్యాలౌతారా? | Short Answer | Apo Dr A S Ranjeet Ophir
PJjs3-U9mZg,channel,బ్రాహ్మణ భావజాలం సమాజానికి మేలు చేసిందా?? | బంగారయ్య శర్మ | Short Answer | Apo Dr A S Ranjeet Ophir
Fcjs3G_7MDc,channel,నిష్కపటమైన విశ్వాసమనగా నేమి?? | Short Answers | Apo Dr AS Ranjeet Ophir
su0CSZBxP9U,channel,"గ్రహాంతరవాసులకు కూడ మరణం, పునరుత్థానం ఉంటుందా?? | Short Answer | Apo Dr A S Ranjeet Ophir"
mIJh3udKz-Q,channel,ప్రేమ అన్నిటిని నమ్మును అంటే అబద్దమును కూడా నమ్ముతుందా??  | Short Answer | Apo Dr A S Ranjeet Ophir
_dADYDDxe_M,channel,బ్రదర్ అని పిలువబడుతున్న వారి సేవే ఎక్కువగా ఫలించిందా?? | Short Answers | Apo Dr A S Ranjeet Ophir
F5MtxvfmHwg,channel,దేవ దూతలు మనుషుల చేత ఆతిథ్యం పొందినట్టు బైబిల్ ఎక్కడ ఉంది? | Short Answer | Apo Dr A S Ranjeet Ophir
-N0Gcazsxhw,channel,ఓఫీర్ గారు సార్వత్రిక సంఘ సంస్కర్త అని దేవుడు క్రైస్తవులందరికీ బయలు పరచడం లేదేందుకు? | Ranjeet Ophir
QoEGoD3HIpQ,channel,విశ్వాసులు దశమ భాగాలను స్థానిక కాపరులకు ఇవ్వాలా? లేకా సంస్థ నాయకునికి ఇవ్వాలా? | Dr AS Ranjeet Ophir
oPFTeGx-Yto,channel,"సేవకులను తండ్రి, గురువు, బోధకుడు అని పిలువవచ్చా?? | Short Answer | Apo Dr A S Ranjeet Ophir"
QnclgcyM7r4,channel,బాప్తీస్మం అనేది స్థానిక సంఘకాపరి ద్వారా కాకుండా పెద్ద పాస్టర్ గారి తీసుకోవడం ఆశీర్వాదమా?? |
_SjZGB7H13M,channel,దేవుడు పరలోకంలో భక్తులకు ఇచ్చే కిరీటాలు ఏన్ని? | Short Answers | Apo Dr A S Ranjeet Ophir
-8yWjn3Nbhk,channel,ఒక సోదరుడికి పొలములో పనలు కోయుచున్నట్టు వచ్చిన కలకు భావము! | Short Answer | Apo Dr A S Ranjeet Ophir
dbRo_hj34sM,channel,సంఘములో ఆత్మీయ తల్లి పాత్ర ఏమిటి?? | Short Answers | Apo Dr A S Ranjeet Ophir
SfPDD0X958w,channel,11-Jul-2022 | సంపూర్ణ రాత్రి ప్రార్థన | Spiritual Warfare Series | Day 421 | Apo Dr AS Ranjeet Ophir
ZGxvt-yPQTY,channel,ప్రకాశం జిల్లాలో దారుణ హత్యకు గురైన పాస్టర్ వెంకటరమణయ్య హత్యపై స్పందించిన  RKP నాయకులు  ఓఫీర్ గారు
QrRhqk7_xNA,channel,10-Jul-2022 | సైతాను వలలో విశ్వాసులు!! | Sunday Service | Second Message | Apo Dr AS Ranjeet Ophir
hPy-SzDx64s,channel,10-Jul-2022 | క్రైస్తవులు పాపాలు చేస్తారా??! | Sunday Service | First Message | Apo Dr Ranjeet Ophir
64JKM0NsNOs,channel,రాజా నీ సన్నిధిలో | Telugu Christian Song | Brother Anil Christopher
dB8Keat6mWY,channel,మనసున చెలరేగే అలలు | RRK Moorthy | Telugu Christian Song | Pastor Bhanu Prakash
T7qAw4U2rXs,channel,మానవులందరి ఆత్మలు దేవునికి దగ్గరికి వెళ్లిపోతాయి అని అంటే ఎవరు నరకం వెళ్లరని అర్థమా?? | Short answer
uuhunyIeivg,channel,మానవులందరి ఆత్మలు దేవునికి దగ్గరికి వెళ్లిపోతాయి అని అంటే ఎవరు నరకం వెళ్లరని అర్థమా? | Ranjeet Ophir
v648Y5NDxng,channel,వాస్తు శాస్త్రం అనేది శాస్త్రీయమా? ఇతర దేశాలలో పనిచేస్తుందా?? | Short Answer | Apo Dr Ranjeet Ophir
PChJMEFD_b4,channel,యెహోషువ కాలంలో ఒక రోజు ఆగిపోవడాన్ని శాస్తజ్ఞ్రులు కూడ ఒప్పుకొంటున్నరా?? | Apo Dr A S Ranjeet Ophir
LtgOk7rsOkQ,channel,టైమ్ ట్రావెలింగ్ అనేది సాధ్యమేనా?? | ప్రశ్నోత్తరి | Apo Dr A S Ranjeet Ophir
6hR-yUhTRzQ,channel,భూమి మీద నక్షత్రాలు పడిన భూమి నిలిచి ఉంటుంది అని బైబిల్ చెప్పిందా??  | ప్రశ్నోత్తరి | Ranjeet Ophir
tHuE0Z3ty9Y,channel,ఆదాము వలె పాపం చేయని గ్రహాంతరవాసులకు కూడ  మరణం ఉన్నదా?? | ప్రశ్నోత్తరి | Apo Dr A S Ranjeet Ophir
oSELSfKe3Mw,channel,దేవుడు నియమించిన భౌతిక నియమాలను సాతాను కూడ ఉల్లంఘించి అద్భుత కార్యాలు చేయగలడా?? | A S Ranjeet Ophir
nsiZ17iZWBQ,channel,దేవుడు ఎర్ర సముద్రమును రెండు పాయలుగా చేశాడనడానికి ఏదైనా సైంటిఫిక్ ఆధారం ఉన్నదా? | A S Ranjeet Ophir
mrcWXWtl1qc,channel,సృష్టికి పూర్వం పంచ భూతాలు లేకుండా దేవుని నోట్లో నుండి శబ్దం ఎలా వచ్చింది?? | Dr A S Ranjeet Ophir
ZpatobTsyLQ,channel,బిగ్ బ్యాంగ్ థియరీనీ బైబిల్ సమర్ధిస్తుందా?? యాంటీ క్లాక్ వైజ్ ప్రపంచాలు ఉన్నాయా? | A S Ranjeet Ophir
rdgu1jndcH8,channel,శాస్త్ర వేత్తలకు సైన్స్ పద్ధతిలో సువార్త ప్రకటిస్తూ ఏదైనా పుస్తకమును రాస్తారా? | Dr AS Ranjeet Ophir
P7tRpcfSZjA,channel,బైబిల్ ప్రకారం భూమి బల్ల పరుపుగా ఉన్నదా?? ప్రశ్నోత్తరి | Apo Dr A S Ranjeet Ophir
vxigSqtjiUM,channel,ప్రపంచమంతా బైబిల్ చెప్పిందే సత్యమని అంగీకరించే రోజు వస్తుందా?? | Short Answers | Dr AS Ranjeet Ophir
Qv_x3F1lp8g,channel,దేవుడు 6వ రోజున చేసిన సృష్టి క్రమములో వ్యత్యాసము ఎందుకు ఉన్నది?? | ప్రశ్నోత్తరి | A S Ranjeet Ophir
78z2_2JFoZM,channel,దేవుడు సృష్టికి ముందే కాలప్రయాణంలో ఏమి చూసాడు?? | ప్రశ్నోత్తరి | Apo Dr A S Ranjeet Ophir
EXdxqIrnSvI,channel,దేవుడు ఆదాముకు విష వృక్షాల ఫలాలు కూడ తినమని చెప్పాడా?? | ప్రశ్నోత్తరి | Apo Dr A S Ranjeet Ophir
EaAsj41YH2c,channel,తల్లి తండ్రులు లేకుండా యేసు క్రీస్తు జన్మించడం సృష్టికి విరుద్ధం కాదా?? | Apo Dr A S Ranjeet Ophir
dx-UoG5usYw,channel,భూమి తరువాత సూర్యుడు సృష్టింపబడ్డడాని బైబిల్ చెప్పడం సైన్స్ కి విరుద్ధం కాదా? | Dr A S Ranjeet Ophir
pgUb70NBg4o,channel,భారత రాజ్యాంగం - క్రైస్తవుల హక్కుల అవగాహన | ఆంధ్రప్రదేశ్ రాష్ట్ర హై కోర్టు అడ్వకెట్ అబెద్నగో గారు
0NFE2emLSXU,channel,09-Jul-2022 | విజ్ఞాపన విశిష్టత!! | Spiritual Warfare Series | Day 420 | Apo Dr AS Ranjeet Ophir
Hre7HhuBhrY,channel,09-Jul-2022 | విజ్ఞాపన విశిష్టత!! | Spiritual Warfare Series | Day 420 | Apo Dr AS Ranjeet Ophir
prCUFTjLrp4,channel,08-Jul-2022 | Safety Measures and Precautionary Attitudes to Evangelize | Apo Dr AS Ranjeet Ophir
LX9IyYWvTo0,channel,08-Jul-2022 | ప్రార్థనలో కాలప్రయాణం!! | Spiritual Warfare Series | Day 419 | Apo Dr AS Ranjeet Ophir
DAqqJDLrUsg,channel,07-Jul-2022 | దేవ విరోధులున్నారు జాగ్రత్త!! | Spiritual Warfare Series | Day 418 | Apo Ranjeet Ophir
OOWng7RQ-jI,channel,స్తుతి నీకు తగియున్నది | Sthuthi Niku Tagiyunnadi | Telugu Christian Song | Apo Dr A S Ranjeet Ophir
zbdRG-_Sdrk,channel,ఆదిమ అపొస్తలుల సువార్త విధానము!! | Short Message  | Apo Dr A S Ranjeet Ophir
f4WUz40TQ8U,channel,ఆరెస్సెస్ కు ఆర్కేపి ప్రేమపూర్వక విన్నపము! | RKP's Heartfelt Request To RSS | Dr A S Ranjeet Ophir
0GQ4avWqlbQ,channel,యంగ్ ఓఫీరిస్ట్స్ గురించి పరిచయ వాక్కులు | Words of Introduction About Young Ophirists | Apo Dr Ophir
c1AZ482cN1E,channel,యేసు నాథ కథా సుథ | Yesu Naadha Kadhaa Sudhaa | Telugu Christian Song | Apo Dr A S Ranjeet Ophir
SILmXkdFqks,channel,మాటలాడుచున్న ప్రభువా | Maataladuchunna Prabuva | Telugu Christian Song | Apo Dr A S Ranjeet Ophir
0e8suRG4Xzo,channel,మారు మనసు నొందుమా | Maaru Manasu Nonduma | Telugu Christian Song | Pastor Alfred Arun Kumar
OyKqeeK-Sr4,channel,06-Jul-2022 | కొండలను పెకలించే విశ్వాసం!! | Spiritual Warfare Series | Day 417 | Apo Ranjeet Ophir
480gPDTNzic,channel,05-Jul-2022 | The Bible & Science | Youth Retreat | Apo Dr A S Ranjeet Ophir
5P2MWhgs2ZU,channel,05-Jul-2022 | The Bible & Science | Q & A Session | Youth Retreat | Apo Dr A S Ranjeet Ophir
se2B2TFvzx0,channel,05-Jul-2022 | The Bible & Science | Youth Retreat | Apo Dr A S Ranjeet Ophir
SNhWwWdXsTc,channel,05-Jul-2022 | మానవ లోకంలో దేవుని జోక్యం !! | Spiritual Warfare Series | Day 416 | Apo Ranjeet Ophir
gwMVDJbXl_A,channel,03-Jun-2022 | సర్వ సత్య మహా సభలు | కనగాల | 1st Day Night | Apo Dr AS Ranjeet Ophir
Ng9U05iBolg,channel,04-Jul-2022 | విశ్వాసి అదుపులో యుద్ధరంగం!! | Spiritual Warfare Series | Day 415 | Apo Ranjeet Ophir
oUeqFH4W3E0,channel,03-Jul-2022 | 11th Anniversary Celebrations | AFGC Kakinada | Apo Dr A S Ranjeet Ophir
sGdQjvZLBgw,channel,03-Jul-2022 | సైతాను కార్యాలను నాశనం చేద్దాం!! | Sunday Service | Second Message | Apo Ranjeet Ophir
wYW01VQ6tbk,channel,భక్తుడి ప్రార్థన తిరిగి ఎదలోనికి రావడం అంటే ఏమిటి?? | Short Answer | Apo Dr A S Ranjeet Ophir
LpMU2bMVWKY,channel,దేవుడు ఆదామును అచ్చు తన స్వరూపములోనే చేశాడా?? | Short Answer | Apo Dr A S Ranjeet Ophir
IWAP60odmd8,channel,దేవుని పట్ల మనము ఎలాంటి భయము కలిగి యుండాలి?? | Short Answer | Apo Dr A S Ranjeet Ophir
milnvMMECG0,channel,భక్తిలో ఎదిగిన తర్వాత పాపం చేయడానికి ధైర్యం వస్తుందా?? | Short Answer | Apo Dr A S Ranjeet Ophir
0fNMc5QtVEM,channel,సువార్తను వ్యతిరేకించే వారిది మహోన్నతమైన సంస్కృతేనా?? | Short Answer | Apo Dr A S Ranjeet Ophir
12mPm5pABs8,channel,"RSS, బీజేపీ నాయకుల వైఖరి రెండు నాల్కల ధోరణి!! | Short Answer | Apo Dr A S Ranjeet Ophir"
Mx5Awk_7NmE,channel,02-Jul-2022 | క్షీరసాగర మధనం | Re-telecast | Episode 106 | అపొ డా ఓఫీర్ గారితో ప్రశ్నోత్తరి
jnZUU1IBlLc,channel,ఓఫీర్ మినిస్ట్రీస్ వారు Online లో సంపూర్ణ రాత్రి ప్రార్థనలు బహిరగంగా చేయడం ఎందుకు?? | Ranjeet Ophir
BJcK3CvdzvI,channel,బీజేపీ నాయకురాలు నుపుర్ శర్మ వ్యాఖ్యలు దారితీసిన పరిస్థితులపై స్పందించిన IPBP నాయకులు రంజిత్ గారు!!
dseiR27DHnc,channel,02-Jul-2022 | విశ్వాస సహితమైన ప్రార్థన!! | Spiritual Warfare Series | Day 414 | Apo Dr Ranjeet Ophir
1419MQmLYuI,channel,01-Jul-2022 | Chanakya's 1st Birthday Celebrations | Central Church | Apo Dr AS Ranjeet Ophir
7q5oqshvz-o,channel,30-Jun-2022 | పెండ్లి కుమారుడు ఎవరు ?? | సర్వసత్య సువార్త సభ | జొన్నాడ  | Apo Dr AS Ranjeet Ophir
94xrgjnpQe0,channel,30-Jun-2022 | బ్రాహ్మణత్త్వాన్ని సాధిద్దాం!! | రక్షణ మహోత్సవం | అంగర | Apo Dr AS Ranjeet Ophir
TMGJYO1HxSc,channel,30-Jun-2022 | ప్రార్థనలో రెండు కోణాలు | Spiritual Warfare Series | Day 413 | Apo Dr AS Ranjeet Ophir
5rpB_yE61Lc,channel,"29-Jun-2022 | ఏడవ దూత సందేశం | Carmel Gospel Ministries, 19th Anniversary | Apo Dr A S Ranjeet Ophir"
qKWvbRvOinE,channel,29-Jun-2022 | 19 వ వార్షికోత్సవ ఆరాధన | గుంటూరు | Apo Ranjeet Ophir
2zbXNSJkmlA,channel,29-Jun-2022 | కలిసి ఉంటే మన గెలుపు ఖాయం!! | Spiritual Warfare Series | Day 412 | Apo Ranjeet Ophir
9NlMIWdtSgk,channel,27-Jun-2022 | మనోభావాలు గాయపడటం ఏమిటి?? | Part-2 | Praise & Thanksgiving Prayer | Apo Dr Ophir
eH9GsZnnh1o,channel,27-Jun-2022 | మనోభావాలు గాయపడటం ఏమిటి?? | Part-1 | Praise & Thanksgiving Prayer | Apo Dr Ophir
sEjIFh51Q-w,channel,27-Jun-2022 | Singing Session | Praise & Thanksgiving Prayer | Chilakaluripet | Ophir Ministries
0GTmH_cZP2Y,channel,27-Jun-2022 | మన అవసరాలు!! | Praise & Thanksgiving Prayer | Chilakaluripet | Apo Dr AS Ranjeet Ophir
jwB_gtJeq20,channel,27-Jun-2022 | కృతఙ్ఞత స్తుతి కూటం! చిలక లూరి పేట  | Apo Dr AS Ranjeet Ophir
RljibGcITLE,channel,27-Jun-2022 | మన ధైర్యానికి పునాది | Spiritual Warfare Series | Day 411 | Apo Dr AS Ranjeet Ophir
IUesQVsLwFo,channel,26-Jun-2022 | నిశ్చయతతో ప్రార్థించండి!! | Sunday Service | Second Message | Apo Dr A S Ranjeet Ophir
IbNh_NKMAe8,channel,25-Jun-2022 | అతినీతిమంతుల ప్రార్థనా వైఫల్యం!! | Spiritual Warfare Series | Day 410 | Apo Dr Ophir
zOuwM3hN744,channel,క్రైస్తవులు క్షమించాల్సింది ఎవరిని?? | Short Answer | Apo Dr A S Ranjeet Ophir
jLhVaV_MMF8,channel,"పునరుత్థాన శరీరాలకు రక్తం ఉండనప్పుడు మాంసం, ఎముకలు ఎలా వుంటాయి?? | Short Answer | A S Ranjeet Ophir"
Sc3P24_fivA,channel,దేవదూతల ఆహారము మానవ శరీరంలో ఎలాగూ జీర్ణం అవుతుంది?? | Short Answer | Apo Dr A S Ranjeet Ophir
HFzlicc0dZM,channel,పునరుత్థాన శరీరాలకు రక్తం ఉండనప్పుడు ప్రాణం ఎక్కడ వుంటుంది? | Short Answer | Dr A S Ranjeet Ophir
1ktAem_FNCg,channel,"ఇజ్రాయెల్, భారత్ దేశాల మధ్య ఉన్న సంబంధం ఏమిటి?? | Short Answer | Apo Dr A S Ranjeet Ophir"
7YxnFvj--_w,channel,పరలోకంలో మానవునికి రక్తం ఉండనప్పుడు గుండెకు పని ఉంటుందా?? | Short Answer | Apo Dr A S Ranjeet Ophir
glY7vkwZ_fA,channel,మానవులతో పాటు జంతువులు కూడా పరలోకం వస్తాయా?? | Short Answer | Apo Dr A S Ranjeet Ophir
JAD-zZ174RM,channel,మానవుడు ఎలా ఉండాలని దేవుడు వారికి స్వేచ్చను ఇచ్చాడు?? | Short Answer | Apo Dr A S Ranjeet Ophir
UtNQvvGMplw,channel,పాప తలంపులు రావడం తప్పు కాదా??  | Short Answer | Apo Dr A S Ranjeet Ophir
EUDEpngkSIE,channel,ఆదాము దేవుడు పిలిచినప్పుడు దాగుకొన్నాడా? లేకా అంతకు ముందే దాగుకొన్నాడా? | Q&A | Dr A S Ranjeet Ophir
WjC0TQoMM1g,channel,24-Jun-2022 | ఓడినట్టు కనబడి గెలవడమే క్రైస్తవం!! | Spiritual Warfare Series | Day 409 | Apo Dr Ophir
OvnEBiZoAdc,channel,అబద్ధ క్రీస్తు వచ్చినప్పుడు వాడిని ఎలా ఎదుర్కోవాలి?? | Short Answer | Apo Dr A S Ranjeet Ophir
v5xl-Ng73FA,channel,ప్రభుత్వ సంస్థలను ప్రభుత్వమే నిర్వహించాలి గానీ ప్రైవేట్ వ్యక్తులకు అప్పగించరాదన్న IPBP రంజిత్ గారు
itkw6zEk0ig,channel,మనం రాజులమైతే మన రాజ్యమేది ?! | Short Answer | Apo Dr A S Ranjeet Ophir
2z4T3Nz4T7c,channel,23-Jun-2022 | సంతులిత భక్తి సాధన! | Apo Dr A S Ranjeet Ophir
P04MTlQmQ5Y,channel,22-Jun-2022 | అయోగ్యుల కోసం అద్భుతాలు!! | Spiritual Warfare Series | Day 408 | Apo Dr Ranjeet Ophir
5XwiuT0FFDU,channel,"20-Jun-2022 | ""అటువలె మీరును అడుగుడి"" !! | Spiritual Warfare Series | Day 407 | Apo Dr Ranjeet Ophir"
Ewd7HBbQfDg,channel,19-Jun-2022 | జీవితాన్ని ప్రేమిద్దాం!! | Sunday Service | Second Message | Apo Dr A S Ranjeet Ophir
BSSQHVyfy-0,channel,సాతాను గురించి బైబిల్ లో కొన్ని చోట్ల మాత్రమే ఎందుకు రాయబడింది?? | Short Answer | A S Ranjeet Ophir
SuRzLTh_p64,channel,ఇశ్రాయేలీయుల పాపమును దేవుడు ప్రవక్తల ద్వారా హెచ్చరిస్తూనే ఉన్నాడా?? | Short Answer | Ranjeet Ophir
KRgXpVexRsU,channel,దిశ బూటకపు ఎన్కౌంటర్ మీద స్పందించిన IPBP నాయకులు రంజిత్ ఓఫీర్ గారు!!
GnBCMILL6jg,channel,రంజిత్ ఓఫీర్ గారు దైవదూషకుడని విమర్శించిన వదరుబోతు VKR కి సమాధానం! | Short Answer | Ranjeet Ophir
M2Zeb5Y1g84,channel,రంజిత్ ఒఫీర్ గారిని దేవుడు నిజంగానే సేవకు పిలిచాడా?? | Short Answer | Apo Dr A S Ranjeet Ophir
tcvqq90Zv9M,channel,దేవుని సేవకు ప్రత్యేకమైన పిలుపు అవసరము లేదంటున్న నకిలీ క్రైస్తవుడు VKR కి ఓఫీర్ గారి సమాధానం!!
qtM_dBX4wcs,channel,ఓఫీర్ గారి బోధను విమర్శించి  ఏమి సాధించారు?? | | Short Answer | Apo Dr A S Ranjeet Ophir
95plqlJ59XI,channel,"17-Jun-2022 | Memorial Service of Rev Dr DS Satyaranjan, Ex Registrar of Senate of Serampore"
XuCwGzbF_h4,channel,"16-Jun-2022 | అడుగుడి, వెదకుడి, తట్టుడి....!! | Spiritual Warfare Series | Day 405 | Apo Dr Ophir"
0vPUnF_sZwM,channel,ప్రార్ధన చేయడం అంటే ఏమిటి?? | Short Message | Apo Dr A S Ranjeet Ophir
Nc84S46oWao,channel,మనమేందుకు బ్రతికుండాలి?? | Short Message | Apo Dr A S Ranjeet Ophir
WuL8mg0VVvM,channel,ధన్యుడెవడీ జగమునందున!!  | Telugu Christian Song | Apo Dr A S Ranjeet Ophir
CL5JG-9MvPo,channel,ప్రత్యామ్నాయం చెప్పలేని వాడు విమర్శించడానికి అనర్హుడు!! | Short Message | Apo Dr A S Ranjeet Ophir
JWDsK_n638M,channel,"15- June-2022 | Funeral Service of Rev D Samuel Satyaranjan, Retd Registrar, Senate of Serampore"
XO512Rv-E9A,channel,మహిమాన్వితుడౌ ప్రభుని | Telugu Christian Classical Song | Apo Dr A S Ranjeet Ophir
_ikuAVFKyEs,channel,ఇశ్రాయేలీయుల దేవుండే | Telugu Christian Classical Song | Apo Dr A S Ranjeet Ophir
dtmXTZfIGuU,channel,అపొ డా A S రంజిత్ ఓఫీర్ గారి సేవా పిలుపు పూర్తి సాక్ష్యము !!
7HoH4wGLqJk,channel,దైవ భక్తి సాధన నేర్చుకుందాం!! | Short Message | Apo Dr A S Ranjeet Ophir
G9JFFekbyUw,channel,యేసు క్రీస్తు ఈ భూమి మీదకు ఎందుకు వచ్చాడు?? | Short Message | Apo Dr A S Ranjeet Ophir
q7SfIblngsw,channel,దేవుని ప్రేరేపణను ఎలా గుర్తు పట్టాలి?? | Short Message | Apo Dr A S Ranjeet Ophir
W7bi_TQRqFw,channel,13-Jun-2022 | దేవుని యుద్ధవ్యూహం!! | Spiritual Warfare Series | Day 404 | Apo Dr AS Ranjeet Ophir
20sqTrKusYM,channel,12-Jun-2022 | దేవుని అంగీకార సంవత్సరం!! | Sunday Service | Second Message | Apo Dr AS Ranjeet Ophir
rfifmTa0OEk,channel,12-Jun-2022 | అదృశ్యుని దర్శనం!! | Apo Dr A S Ranjeet Ophir | Ophir Ministries
Yf3qwUcAbrk,channel,దేవునికి స్తోత్రము గానము | సంగీత ధూపార్చన-1 | Sangeetha Dhooparchana-1 | Apo Dr A S Ranjeet Ophir
EPCghXqO0c4,channel,ఆరాధనమ్  ఆరాధనమ్ | సంగీత ధూపార్చన-1 | Sangeetha Dhooparchana-1 | Pr Dr M Alfred Arun Kumar
FsSdreogbDw,channel,ప్రేమికులు నేర్పిస్తున్న పాఠం | Short Message | Apo Dr A S Ranjeet Ophir
Z9YF6InJoME,channel,"""సంగీతము"" గూర్చిన క్లుప్త వివరణ | సంగీత ధూపార్చన-1 | Sangeetha Dhooparchana-1 | Apo Dr Ranjeet Ophir"
Kil3BIilsuY,channel,వందిత శుభగుణశాలి | సంగీత ధూపార్చన-1 | Sangeetha Dhooparchana-1 | Sister Suhitha
fwD3dgjNbAY,channel,10-Jun-2022 | Vacation Bible School | Agape Child Evangelism | Ophir Ministries
QETG4QHO03g,channel,10-Jun-2022 | Vacation Bible School | Agape Child Evangelism | Ophir Ministries
5nE107akVMY,channel,10-Jun-2022 | సంపూర్ణ రాత్రి ప్రార్థన | Spiritual Warfare Series | Day 403 | Apo Dr AS Ranjeet Ophir
Z2yC-x0i9iE,channel,09-Jun-2022 | సర్వ సత్య మహా సభ   |వాంబే కాలనీ  |విజయవాడ | Ophir Ministries | Apo Dr AS Ranjeet Ophir
Hn5UBsDgRlw,channel,09-Jun-2022 | సర్వ సత్య మహా సభ   |వాంబే కాలనీ  |విజయవాడ | Ophir Ministries | Apo Dr AS Ranjeet Ophir
c2zN5S8R7tc,channel,09-Jun-2022 | బైబిల్  స్టడీ  |వాంబే కాలనీ  |విజయవాడ | Ophir Ministries | Apo Dr AS Ranjeet Ophir
c6G1uMV7rIU,channel,09-Jun-2022 | బైబిల్  స్టడీ  |వాంబే కాలనీ  |విజయవాడ | Ophir Ministries | Apo Dr AS Ranjeet Ophir
9L5ZnBg3Hgw,channel,09-Jun-2022 | బైబిల్  స్టడీ  |వాంబే కాలనీ  |విజయవాడ | Ophir Ministries | Apo Dr AS Ranjeet Ophir
NkMnFJN7aM0,channel,09-Jun-2022 | సంపూర్ణ రాత్రి ప్రార్థన | Spiritual Warfare Series | Day 402 | Apo Dr AS Ranjeet Ophir
hCMLmpZmg-w,channel,08-Jun-2022 | ప్రార్థన మానడం ఎందుకు పాపం?? | Spiritual Warfare Series | Day 401 | Apo Ranjeet Ophir
YBiEeeJkH4Y,channel,06-Jun-2022 | సాయంత్రం సభ  మంచిర్యాల | Ophir Ministries | Apo Dr AS Ranjeet Ophir
he4l6vwQaHc,channel,06-Jun-2022 | సాయంత్రం సభ  మంచిర్యాల | Ophir Ministries | Apo Dr AS Ranjeet Ophir
hYB0XqnlRW0,channel,06-Jun-2022 | సాయంత్రం సభ  మంచిర్యాల |Ophir Ministries | Apo Dr AS Ranjeet Ophir
Kqmhtj7en2c,channel,"06-Jun-2022 | ""నూతన మందిర ప్రతిష్ట మంచిర్యాల |Ophir Ministries | Apo Dr AS Ranjeet Ophir"
nub88GaSULI,channel,"06-Jun-2022 | ""నూతన మందిర ప్రతిష్ట మంచిర్యాల |Ophir Ministries | Apo Dr AS Ranjeet Ophir"
g0qWeHM-6-M,channel,"06-Jun-2022 | ""అనుదిన ఆహారం""....!! | Spiritual Warfare Series | Day 400 | Apo Dr AS Ranjeet Ophir"
CQn2lEuqWAU,channel,05-June-2022 | Sunday Service | Second Message | Central Church | Apo Dr A S Ranjeet Ophir
aKysRY9Z4oY,channel,03 -Jun-2022 |సర్వ  సత్య  మహా సభలు | కనగాల   | Apo Dr AS Ranjeet Ophir
7ZGjw8hrB8s,channel,03 -Jun-2022 |సర్వ  సత్య  మహా సభలు | కనగాల   | Apo Dr AS Ranjeet Ophir
NsLWv-c5678,channel,03 -Jun-2022 | RKP  అవగాహన సదస్సు  | Apo Dr AS Ranjeet Ophir
TdWUitWQ2IU,channel,03 -Jun-2022 | RKP  అవగాహన సదస్సు  | Apo Dr AS Ranjeet Ophir
px6wCHYQ9wA,channel,03 -Jun-2022 | RKP  అవగాహన సదస్సు  | Apo Dr AS Ranjeet Ophir
L-i7RUcC1GE,channel,వయస్సు రావాలి!! | Sangareddy | Agape Full Gospel Church | 9th Anniversary | Apo Dr A S Ranjeet Ophir
BV97it2ZsfI,channel,Swarg Se Undel Prabhu | Hindi Christian Song | Apo Dr A S Ranjeet Ophir
826ot4szmjM,channel,కల్యాణి రాగ ఆలాపన | సంగీత ధూపార్చన-1 | Sangeetha Dhooparchana-1 | Ophir Ministries
wPyvZNcR18g,channel,నీవే ప్రభుడవు | సంగీత ధూపార్చన-1 | Sangeetha Dhooparchana-1 | Sister Shilpa Vaani
MhW6Fdnf7r0,channel,శ్రీ యెహోవా భజన | సంగీత ధూపార్చన-1 | Sangeetha Dhooparchana-1 | Pastor Dr Alfred Arun Kumar
zc7PuROhF2g,channel,శరణని వేడెద కరుణామయ | సంగీత ధూపార్చన-1 | Sangeetha Dhooparchana-1 | Apo Dr A S Ranjeet Ophir
cucSld6_brU,channel,రాజాధిరాజా స్తోత్రము | సంగీత ధూపార్చన-1 | Sangeetha Dhooparchana-1 | Apo Dr A S Ranjeet Ophir
1vOxKDO_lgI,channel,సమానులెవరు ప్రభో | సంగీత ధూపార్చన-1 | Sangeetha Dhooparchana-1 | Apo Dr A S Ranjeet Ophir
Q8ZxLnrYYSA,channel,భజియింతుము నిను జగదీశా | సంగీత ధూపార్చన-1 | Sangeetha Dhooparchana-1 | Apo Dr A S Ranjeet Ophir
qrrNhTHPIak,channel,భజేహం భజేహం భజే యేసు దేవం | సంగీత ధూపార్చన-1 | Sangeetha Dhooparchana-1 | Apo Dr A S Ranjeet Ophir
qmEwTRue5C0,channel,కేవల పావన ఈవిగానే | సంగీత ధూపార్చన-1 | Sangeetha Dhooparchana-1 | Apo Dr A S Ranjeet Ophir
X5GHDoog1Jo,channel,నా బలమైయున్న దేవా | సంగీత ధూపార్చన-1 | Sangeetha Dhooparchana-1 | Apo Dr A S Ranjeet Ophir
lQiCTWUF8KQ,channel,RSS భగవత్ గీతను నమ్ముతున్నదా? అని రంజిత్ ఓఫీర్ గారి  ప్రశ్న! | Short Answer | Dr A S Ranjeet Ophir
8rYJ5A01VUg,channel,02-Jun-2022 | అనుదినం - నూతన బలం !! | Spiritual Warfare Series | Day 399 | Apo Dr AS Ranjeet Ophir
ZaDfzuxbPMk,channel,31-May-2022 | సంగీత ధూపార్చన | Musical Night | Ophir Ministries
3lXjCk6XKls,channel,31-May-2022 | సకల సమస్యల పరిష్కారం - స్తుతి! | Spiritual Warfare Series | Day 398 | Apo Dr Ophir
EBaNTefwW0Q,channel,30-May-2022 | నీవేల కృంగియున్నావు? | Spiritual Warfare Series | Day 397 | Apo Dr AS Ranjeet Ophir
RikQLSU6c0M,channel,29-May-2022 | ప్రేమగల భయంకరుడు...!! | Sunday Service | Second Message | Apo Dr A S Ranjeet Ophir
ysK36x5PIDw,channel,వారణాసిలో  జ్ఞానవాపి మస్జిద్ వివాదమును లేవనెత్తిన బీజేపీ పైన స్పందించిన IPBP నాయకులు రంజిత్ గారు!
zBcMPykKlTc,channel,దేశంలోని అంబేద్కరిస్ట్ లందరిని ఒకే వేదికపైకి తీసుకొస్తమంటున్న IPBP నాయకులు అద్దంకి రంజిత్ గారు!
dFhu9Bv9p-M,channel,డా.బీ.అర్.అంబేద్కర్ కోనసీమ జిల్లా నామకరణంపై  ఇండియా ప్రజా బంధు పార్టీ స్పందన! | Dr A S Ranjeet Ophir
iQMLYpim3C8,channel,28-May-2022 | పద్మముల కోసం నీతి సూర్యుని అన్వేషణ | Smt Padma Yadala's Memorial Service | Apo Ophir
6XjawXsQWHM,channel,27-May-2022 | సర్వ సత్య సువార్త మహాసభలు | Day 3 | 10th Anniversary - Manuguru | Ophir Ministries
4UyaAwPjlgI,channel,27-May-2022 | క్షీరసాగర మధనం | Episode 105 | అపొ డా ఓఫీర్ గారితో ప్రశ్నోత్తరి | Ophir Ministries
wVLM9AZsoLs,channel,27-May-2022 | యుద్ధసన్నద్ధులే యోగ్యులు!! - 2 | సర్వసత్య సువార్త మహాసభలు | Manuguru | Apo Dr Ophir
lQBwfXHdARA,channel,27-May-2022 | యుద్ధసన్నద్ధులే యోగ్యులు!! - 1 | సర్వసత్య సువార్త మహాసభలు | Manuguru | Apo Dr Ophir
6PV6UD_2jIY,channel,26-May-2022 | దైవభక్తి ప్రమాదకరమా?? | సర్వసత్య సువార్త మహాసభలు | Manuguru | Apo Dr AS Ranjeet Ophir
IC5NgleT1_8,channel,25-May-2022 | Praise & Worship | సర్వ సత్య సువార్త మహాసభలు | AFGC Manuguru | Apo Dr AS Ranjeet Ophir
5H_26JLVcZc,channel,26-May-2022 | మాయమైన ఆటంకాలు...!! | Spiritual Warfare Series | Day 396 | Apo Dr AS Ranjeet Ophir
dVULlXzmNC8,channel,25-May-2022 | సువార్త విరోధుల అసత్య ప్రచారాలు!! | సర్వసత్య సువార్త మహాసభలు | Manuguru | Apo Dr Ophir
U1gOsgJqfHg,channel,25-May-2022 | Praise & Worship | సర్వ సత్య సువార్త మహాసభలు | Day 1 | Manuguru | Ophir Ministries
9AOGcdePkD4,channel,25-May-2022 | సంఘం అంటే? | నూతన మందిర ప్రారంభోత్సవం | AFGC Mondikunta | Apo Dr A S Ranjeet Ophir
ZuPN45vZB9w,channel,25-May-2022 | నూతన మందిర ప్రారంభోత్సవం | AFGC Mondikunta | Ophir Ministries
5cRB2pkKSRQ,channel,కార్మికుల మేడేకు డా బీ అర్ అంబేద్కర్ గారికి సంబంధం ఏమిటో వివరించిన IPBP నాయకులు అద్దంకి రంజిత్ గారు!
AiFYfl-cB6Y,channel,అంబేద్కర్ కోనసీమ జిల్లాకు వ్యతిరేకంగా చేస్తున్న నిరసనలపై స్పందించిన IPBP నాయకులు అద్ధంకి రంజిత్ గారు
Uj0WoIqns3E,channel,24-May-2022 | విసుగును ఓడించేద్దాం...!! | Spiritual Warfare Series | Day 395 | Apo Dr  Ranjeet Ophir
oMO1rtrTi3A,channel,యేసు క్రీస్తు కానా పెళ్ళిలో మత్తు కలిగించే ద్రాక్షారసమును చేశారా? | Short Answer | A S Ranjeet Ophir
VVCwwXA1SIc,channel,యేసు క్రీస్తు దేవునితో సమానుడా? దేవుని కంటే తక్కువ వాడా? | Short Message | Apo Dr A S Ranjeet Ophir
xy7GbR_zugs,channel,23-May-2022 | మన గమ్యం...మన ఆశ్రయం!! | Spiritual Warfare Series | Day 394 | Apo Dr AS Ranjeet Ophir
fPH50r2-ixs,channel,22-May-2022 | ప్రార్థనలో భిన్నకోణాలు!! | Sunday Service | Second Message | Apo Dr A S Ranjeet Ophir
ft8aygHoAFI,channel,యేసు దేవుడా ?! దేవునికంటే తక్కువ వాడా ?! | చర్చావేదిక | Ophir Ministries
evJ6d6vIwG0,channel,20-May-2022 | బలహీన కోపం....!!  | Spiritual Warfare Series | Day 393 | Apo Dr AS Ranjeet Ophir
IQQTZA_mUDg,channel,18-May-2022 | Veeshva Teja & Sharron Rossi Wedding Ceremony | Ophir Ministries
AQJhhbdjPT0,channel,క్రైస్తవ యువతి యువకులకు అత్యవసర సందేశము! | Short Messages | Apo Dr A S Ranjeet Ophir
MMiVGGjnMGk,channel,18-May-2022 | ప్రార్థనకు అనుకూల సమయం!! | Spiritual Warfare Series | Day 392 | Apo Dr Ranjeet Ophir
jQAcAonBqdA,channel,17-May-2022 | పరిశుద్ధ యువతను తయారుచేద్దాం!! | VBS Teachers' Training Camp | Apo Dr AS Ranjeet Ophir
TNaESC3Mt7M,channel,17-May-2022 | ఉన్నవాడు - దిగివచ్చినవాడు!! | Spiritual Warfare Series | Day 391 | Apo Ranjeet Ophir
aCZR1_HqIxI,channel,16-May-2022 | 25th Wedding Anniversary Celebrations of Pr Narsimlu - Suvarna | Ophir Ministries
xQRsR5ZWWFs,channel,ఇశ్రాయేలీయుల తిరుగుబాటుకు కారణం అదాము ద్వారా వచ్చిన పాప స్వభావమా? | Short Answer | A S Ranjeet Ophir
mzK_aqd9tKc,channel,"దేవుడు యూదుల కాలములని, అన్యజనుల కాలములని ఎందుకు నియమించాడు? | Short Answer |Apo Dr A S Ranjeet Ophir"
q_ZETb3hn74,channel,16-May-2022 | మంత్రగాళ్ళ ఆట కట్టు ...!! | Spiritual Warfare Series | Day 390 | Apo Dr Ranjeet Ophir
boNp56JFpig,channel,15-May-2022 | భక్తిసాధనలో మనస్సు పాత్ర!! | Sunday Service | Second Message | Apo Dr Ranjeet Ophir
vc6bSBzf820,channel,15-May-2022 | ఏది పాపం? ఎందుకు అది పాపం?? | Sunday Service | First Message | Apo Dr Ranjeet Ophir
TNSFRXbG6MY,channel,14-May-2022 | ACE Sunday School | Ophir Ministries
X8maF2e_2Ts,channel,14-May-2022 | భయాన్ని చంపేద్దాం!! | Spiritual Warfare Series | Day 389 | Apo Dr AS Ranjeet Ophir
xjqVUh8wuGE,channel,13-May-2022 | క్షీరసాగర మధనం | Episode 104 | అపొ డా ఓఫీర్ గారితో ప్రశ్నోత్తరి | Ophir Ministries
pg1Zs4uJniU,channel,12-May-2022 | Satya Suvartha Mahotsvamulu | Day 3 | AFGC Vissakoderu | Apo Dr A S Ranjeet Ophir
Bbhk5LeJ5oQ,channel,12-May-2022 | Bible Study | Day 3 | AFGC Vissakoderu | Apo Dr Ranjeet Ophir
aT8lgO-QLYU,channel,12-May-2022 | Bible Study | Day 3 | AFGC Vissakoderu | Apo Dr Ranjeet Ophir
02KoQHFbaW4,channel,12-May-2022 | Bible Study | Day 3 | AFGC Vissakoderu | Apo Dr Ranjeet Ophir
omeBXXc2BrE,channel,12-May-2022 | సంపూర్ణ రాత్రి ప్రార్థన | Spiritual Warfare Series | Day 388 | Apo Dr AS Ranjeet Ophir
L1cOLAaraGM,channel,11-May-2022 | Satya Suvartha Mahotsvamulu | Day 2 | AFGC Vissakoderu | Apo Dr A S Ranjeet Ophir
G5hS4VAvFiE,channel,11-May-2022 | స్థిరులై యుండుడి...!! | Bible Study | Day 2 | AFGC Vissakoderu | Apo Dr Ranjeet Ophir
-ZS-mqYE_gY,channel,10-May-2022 | Satya Suvartha Mahotsvamulu | Day 1 | AFGC Vissakoderu | Apo Dr A S Ranjeet Ophir
PPdd1Q8rGTA,channel,10-May-2022 | Satya Suvartha Mahasabhalu | Day 1 | AFGC Vissakoderu | Apo Dr A S Ranjeet Ophir
NAON7RSwZRo,channel,10-May-2022 | Satya Suvartha Mahasabhalu | Day 1 | AFGC Vissakoderu | Apo Dr A S Ranjeet Ophir
qrrfyCRv69s,channel,10-May-2022 | Satya Suvartha Mahasabhalu | Day 1 | AFGC Vissakoderu | Apo Dr A S Ranjeet Ophir
eZhfJ_Fr5Wg,channel,10-May-2022 | Satya Suvartha Mahasabhalu | Day 1 | AFGC Vissakoderu | Apo Dr A S Ranjeet Ophir
EPxX4_FDrBQ,channel,09-May-2022 | సంపూర్ణ రాత్రి ప్రార్థన | Spiritual Warfare Series | Day 387 | Apo Dr AS Ranjeet Ophir
HZNdJiu5dRI,channel,08-May-2022 | Sunday Service | Second Message | Central Church | Apo Dr A S Ranjeet Ophir
ysHnRNQWEqA,channel,07-May-2022 | Word Of God | Pr Partha Saradhi's 25th Wedding Anniversary | Apo Dr A S Ranjeet Ophir
sfC5qCH4p6Y,channel,07-May-2022 | ACE Sunday School | Ophir Ministries
o0a-cSxVPXU,channel,యేసుప్రభువు గ్రీసు దేశస్థురాలిని కుక్క పిల్లలతో ఎందుకు పోల్చారు? | Short Answers | Apo Dr Ophir
GAjyzJZtCGI,channel,అన్య దేవతల పేరులు క్రైస్తవులకు ఉండవచ్చా??| ప్రశ్నోత్తరి | క్షీసాగరమధనం |  Apo Dr A S Ranjeet Ophir
3CXkVxDjRnQ,channel,"KA పాల్ గారు, రంజిత్ ఓఫీర్ గారు పార్టీలు స్థాపించి ఏమి సాధించారు అన్న క్రైస్తవుల వైఖరిపై సమాధానం!!"
wjrOpDkh6js,channel,K A పాల్ గారి మీద జరిగిన దాడిని తీవ్రంగా ఖండించిన IPBP పార్టీ నాయకులు రంజిత్  ఓఫీర్ గారు
LBcIAKz456k,channel,సిలువ బొట్టు ఉద్యమము ఆగిపోయిందా?? | ప్రశ్నోత్తరి | క్షీసాగరమధనం |  Apo Dr A S Ranjeet Ophir
5OY9fDzoqdU,channel,రాష్ట్రీయ క్రైస్తవ పరిషత్ ప్రేమ వివాహాలను ప్రోత్సహిస్తదా! | క్షీసాగరమధనం | Apo Dr A S Ranjeet Ophir
cgJ-cPiOLGg,channel,మతాంతర వివాహం చేసుకున్న నాగరాజు మతోన్మాద హత్యపై రంజిత్ ఓఫీర్ గారి స్పందన! | ప్రశ్నోత్తరి |
jIYA4DbVb4Q,channel,ఇఫ్తార్ విందు సందర్భంగా రంజిత్ ఓఫీర్ గారు అల్లాకు ప్రార్థన చేశారా??  | ప్రశ్నోత్తరి |  క్షీసాగరమధనం
k32GKh4VfmQ,channel,07-May-2022 | సిలువ శక్తి ప్రదర్శన సభ | AFGC Nizamabad | Ophir Ministries
eJ6eAMkhE0A,channel,07-May-2022 | సిలువ శక్తి ప్రదర్శన సభ | AFGC Nizamabad | Ophir Ministries
mbUKB0A_pBk,channel,07-May-2022 | సిలువ శక్తి ప్రదర్శన సభ | AFGC Nizamabad | Ophir Ministries
ebQUFcYhrAc,channel,07-May-2022 | ప్రార్థించేవారే క్రైస్తవులు!! | Spiritual Warfare Series | Day 386 | Apo Ranjeet Ophir
YAqbsnNmLy0,channel,06-May-2022 | క్షీరసాగర మధనం | Episode 103 | అపో ఓఫీర్ గారితో ప్రశ్నోత్తరి | Ophir Ministries
C9mjIK_zHxE,channel,ఆరాధికులలో ఉండవలసిన నాలుగు లక్షణాలు! | Short Message | Apo Dr A S Ranjeet Ophir
NT1ejeCB-mM,channel,148వ కీర్తనలో చెప్పబడిన ఆకాశవాసులు గురించిన వివరణ!  |  Short Message | Apo Dr A S Ranjeet Ophir
z5AUJpkRsHE,channel,నక్షత్ర రాశుల గురించి క్లుప్త వివరణ వివరణ! |  Short Message | Apo Dr A S Ranjeet Ophir
vzmp7O23iao,channel,దేవుని స్తుతించడానికి కారణాల పట్టిక 147వ కీర్తన |  Short Message | Apo Dr A S Ranjeet Ophir
qZQ5N3kVUHY,channel,06-May-2022 | అపవాది ప్రేరేపణలే అపవాది కార్యాలు | Spiritual Warfare Series | Day 385 | Apo Dr Ophir
amc5X_CvJv4,channel,02-May-2022 | ఓఫీర్ దండు ప్రత్యేక సమావేశం | Central Church | Ophir Ministries
WiGOHapMk-o,channel,02-May-2022 | లౌకికాత్మను వెళ్ళగొడదాం!! | Spiritual Warfare Series | Day 384 | Apo Dr Ranjeet Ophir
MTo3n1oevAU,channel,01-May-2022 | Sunday Service | Second Message | Central Church | Apo Dr A S Ranjeet Ophir
M9BVDTUCyn0,channel,యుగాంతం గ్రంథంలో అభూత కల్పనలా?! | Big Discussion | Ophir Ministries
SXY2mjiRqQs,channel,30-Apr-2022 | ACE Sunday School | Ophir Ministries
cFK91QpQ0Zc,channel,29-Apr-2022 | Sarv Satya Jagruti Mahotsav | Day 4 | Jabalpur | Mp | Ophir Ministries
PiPZguCvlBw,channel,29-Apr-2022 | Sarv Satya Jagruti Mahotsav | Day 4 | Jabalpur | Mp | Ophir Ministries
xHoNnTgQKI4,channel,"28-Apr-2022 | Kroos Tilak Dhaaran Sabha | Day 3 | Jabalpur, MP | Ophir Ministries"
1FOayTMlOd0,channel,"28-Apr-2022 | Kroos Tilak Dhaaran Sabha | Day 3 | Jabalpur, MP | Ophir Ministries"
l3r1LFAPn_4,channel,"28-Apr-2022 | Bibel Study | Day 3 | Jabalpur, MP | Ophir Ministries"
9sCLdSV7x3k,channel,28-Apr-2022 | సర్వశక్తుని జతపనివారు!! | Spiritual Warfare Series | Day 383 | Apo Dr AS Ranjeet Ophir
N7MlFgKHxy8,channel,"27-Apr-2022 | Sarv Satya Jagruti Mahotsav | Day 2 | Jabalpur, MP | Ophir Ministries"
4o_UdtlSilA,channel,"27-Apr-2022 | Sarv Satya Jagruti Mahotsav | Day 2 | Jabalpur, MP | Ophir Ministries"
TDU3xbvEOEM,channel,"27-Apr-2022 | Pastors Conference | Day 2 | Jabalpur, MP | Ophir Ministries"
qnlRtpWyGts,channel,"27-Apr-2022 | Pastors Conference | Day 2 | Jabalpur, MP | Ophir Ministries"
n3o1c3jbFno,channel,"26-Apr-2022 | Sarv Satya Jagruti Mahotsav | Day 1 | Jabalpur, MP | Ophir Ministries"
qMYEBYb6C_k,channel,26-Apr-2022 | Sarv Satya Jagruti Mahotsav | Jabalpur | Madyapradessh
lDOJ5jI4OUE,channel,ఓఫీర్ గారితో దేవుడు మాట్లాడాడని ఓఫీరిస్ట్ లు ఎలా నమ్మగలుగుతున్నారు?? | ప్రశ్నోత్తరి |  Ranjeet Ophir
d6Afrz-UU1c,channel,ఓఫీర్ మినిస్ట్రీస్ సేవకులు ఓఫీర్ గారికి దశమభాగాలు ఇచ్చినా అప్పులు ఎందుకు ఉన్నాయి? | Ranjeet Ophir
MRTstvHrSx0,channel,రక్షణ పొందిన ప్రతి ఒక్కరికి మర్మాలు ఎందుకు అర్థం కావు? | ప్రశ్నోత్తరి |  Apo Dr A S Ranjeet Ophir
QI-3C1qW9dM,channel,సిలువ మీది దొంగ పరదైసులో యేసుని గూర్చి సాక్ష్యం ఇచ్చాడనటానికి లేఖనాధారం ఉందా? | Dr A S Ranjeet Ophir
elxxDxU-JXY,channel,దేవునికి సాతాను మధ్య జరిగిన మరియు జరగబోయే యుద్ధాలు ఎన్ని? | ప్రశ్నోత్తరి | Apo Dr A S Ranjeet Ophir
Wj6GDxJpstQ,channel,ఓఫీర్ గారి దర్శనానికి కనెక్ట్ కావడానికి ఏం చేయాలి? | ప్రశ్నోత్తరి |  Apo Dr A S Ranjeet Ophir
K1mC6vdOQ0I,channel,దేవుని దర్శనం విషయంలో ఓఫీర్ గారికి స్పష్టత ఎప్పుడు వచ్చింది? | ప్రశ్నోత్తరి | Dr A S Ranjeet Ophir
4m4HCSMdqQM,channel,తన 42 సంవత్సరాల సేవ విషయమై ఓఫీర్ గారి స్పందన!! | ప్రశ్నోత్తరి |  Apo Dr A S Ranjeet Ophir
nOopWSpBII0,channel,యోహాను చెప్పింది పరిశుద్ధాత్మ బాప్తీస్మం గురించా?? అభిషేకం గురించా??  | ప్రశ్నోత్తరి | Ranjeet Ophir
W8RIv7v6oVs,channel,"దశమ భాగం, చందా, ప్రధమ ఫలము లాంటి కానుకల వ్యత్యాసము  ఏమిటీ?? | ప్రశ్నోత్తరి |  Dr A S Ranjeet Ophir"
oMii6rtX0lM,channel,అపరాధ పాపపరిహారార్థ బలును క్రొత్త నిబంధనలో ఎలా నెరవేరుస్తాము? | ప్రశ్నోత్తరి |  Dr A S Ranjeet Ophir
PrtfBvVRuas,channel,"మాల,మాదిగ సామాజిక వర్గాలను ఏకం చేస్తామంటున్న  IPBP జాతీయ నాయకులు రంజిత్ గారు!!"
RuAC-J7fWY0,channel,చింతించకుడి - ప్రార్థించుడి!! | Short Message | Apo Dr AS Ranjeet Ophir
rlkRLDNUyjQ,channel,రక్షణలేని వాళ్లు బోధ చేస్తున్నారు - ఇది నేటి క్రైస్తవ సమాజం పరిస్థితి | Short Message |Ranjeet Ophir
kPuR2Y7Sihg,channel,మనల్ని చూసి వారి దేవుడు గొప్ప వాడని లోకం చెప్పుకోవాలి!! | Short Message | Apo Dr AS Ranjeet Ophir
9TcWyowDjMQ,channel,ప్రార్థన పరులకు అవసరమైనది!!  | Short Message | Apo Dr AS Ranjeet Ophir
jC8KrEAyw2k,channel,మనం సమాధానం పోగొట్టుకోకుండా ఉండాలి!!  | Short Message | Apo Dr AS Ranjeet Ophir
nJvHrhwSYfI,channel,అసలు సమస్య మన హృదయాలకు దేవుని సమాధానం లేకపోవడమే!!
WWQpF3-sZf8,channel,దేవుని నిత్య నిర్ణయాలను ఇప్పటి మన ప్రార్థనలు మార్చలేవు!! | Short Message | Apo Dr AS Ranjeet Ophir
N3GBH2m-u5U,channel,దేవుడు నీకు ఏమి ఇవ్వాలో ముందే నిర్ణయించాడు!! | Short Message | Apo Dr AS Ranjeet Ophir
ltZDcmW-T-g,channel,చింతించుట ఎందుకు?? నమ్మకం లేదా?? I Short Message | Apo Dr AS Ranjeet Ophir
CT4A_sYqzd0,channel,దేవునితో మన విన్నపములు తెలియజేసే విధానం!! | Short Message | Apo Dr AS Ranjeet Ophir
qrKIHZtfNgo,channel,25-Apr-2022 | సంపూర్ణ రాత్రి ప్రార్థన | Spiritual Warfare Series | Day 382 | Apo Dr AS Ranjeet Ophir
GArq_P8Put4,channel,24-Apr-2022 | సీయోను వాసులు | Sunday Service | Second Message | Apo Dr A S Ranjeet Ophir
EsjIT2ih9-k,channel,24-Apr-2022 | పరిశుద్ధత ఎలా సాధ్యం? |   Sunday Service | First Message | Apo Dr A S Ranjeet Ophir
4TrTs131fiM,channel,23-Apr-2022 | Discussion for Doctrinal Clarity | Day 3 | Apo Dr Ranjeet Ophir & RTF Team | OM & RTF
FAoz4qlhk1c,channel,23-Apr-2022 | బట్టబయలవుతున్న యెజెబెలు ఆత్మ!! | Spiritual Warfare Series | Day 381 | Apo Dr Ophir
hgp-OJPh0ak,channel,22-Apr-2022 | Discussion for Doctrinal Clarity | Day 2 | Apo Dr Ranjeet Ophir & RTF Team | OM & RTF
RvNvSKFY9RE,channel,Test Stream
8bWmWOrJja4,channel,21-Apr-2022 | Discussion for Doctrinal Clarity | Day 1 | Apo Dr Ophir & RTF Team | OM & RTF
9ifttmMpFrg,channel,21-Apr-2022 | సర్వశక్తుని యుద్ధరంగ ప్రవేశం!! | Spiritual Warfare Series | Day 380 | Apo Dr Ophir
g0m1j-la264,channel,20-Apr-2022 | ప్రార్థించుడి...చింతించకుడి! | Spiritual Warfare Series | Day 379 | Apo Dr Ophir
WZoRjTDVEkc,channel,"""సోషల్ మీడియాలో సాతాను నెట్వర్క్"" - చర్చావేదిక | Ophir Ministries"
IkY_DrNpvTY,channel,19-Apr-2022 | బల్లెములు నరికేద్దాం!! | Spiritual Warfare Series | Day 378 | Apo Dr AS Ranjeet Ophir
wtsTwwhTioI,channel,దేవుని గురించి తెలుసుకొన్న తరువాత కూడా కొందరిలో నిర్లక్ష్య వైఖరికి  కారణం | Apo Dr A S Ranjeet Ophir
MoNzbUIB-O8,channel,"పాపము, దోషము, అపరాధము,అతిక్రమము అనే వాటి వ్యత్యాసము ఏమిటీ? | ప్రశ్నోత్తరి | Apo Dr A S Ranjeet Ophir"
9MfllNff5-8,channel,18-Apr-2022 | Ramadan Kareem Daawat - E - Iftar Party & Dinner | IPBP
mLOEU5mLOHA,channel,రాజకీయంగా దళితులు ఏకం అవ్వాలంటే పరిష్కారం?? | ప్రశ్నోత్తరి | Apo Dr A S Ranjeet Ophir
aPQniAInAXM,channel,"సమరయుల చరిత్ర, యూదులు వారిని ద్వేషించుటకు కారణం?? | ప్రశ్నోత్తరి | Apo Dr A S Ranjeet Ophir"
Itj8QbbBX-8,channel,సిక్కుల పాగా ధరిస్తే క్రైస్తవులు మోసపోతారా? | VKR కి తలకాయ సరిగా లేదంటున్న రంజిత్ ఓఫీర్ గారు |
btzhOrFVSik,channel,సిలువ బొట్టు ఉద్యమాన్ని వ్యతిరేకించేవారు ఓఫీర్ మినిస్ట్రీస్ నుండీ వెళ్ళిపోయారా?? | VKR కి సమాధానం! |
Ccq8ua6I14c,channel,సొలొమోను కట్టిన దేవాలయాన్ని శత్రువులు కూల్చుతుంటే దేవుడు ఎందుకు ఆపలేదు? | ప్రశ్నోత్తరి |రంజిత్ ఓఫిర్
WwlNHefk3rQ,channel,శుభ శుక్రవారం అనేది బైబిల్ లో లేనప్పుడు ఎందుకు పిలుస్తున్నారు? | ప్రశ్నోత్తరి | Dr A S Ranjeet Ophir
RCDLJlgjAGE,channel,శుభ శుక్రవారం వలన కలిగిన ఆశీర్వాదాలు ఏమిటీ?  | ప్రశ్నోత్తరి |  Dr A S Ranjeet Ophir
bIEJoYY-CaA,channel,18-Apr-2022 | క్రైస్తవ సమాజపు బాధ్యత!! | Spiritual Warfare Series | Day 377 | Apo Dr Ranjeet Ophir
q56dX26ztW4,channel,17-Apr-2022 | క్రీస్తు పునరుత్థానం ఎందుకు అభ్యంతరకరం? | Easter Worship Service 2022 | Apo Dr Ophir
Wax1F6fiMpM,channel,16-Apr-2022 | ACE Sunday School | Ophir Ministries
oGepZtWhuMk,channel,16-Apr-2022 | Word Of God | Sis Iwanjalhi's Birthday | Praise & Worship | Apo Dr Ranjeet Ophir
8xFxD8Ei6Bc,channel,16-Apr-2022 | ప్రార్థనలో పట్టభద్రులు!! | Spiritual Warfare Series | Day 376 | Apo Dr Ranjeet Ophir
sn1uRkYG6rw,channel,15-Apr-2022 | Good Friday Service 2022 | Second Message | Central Church | Apo Dr A S Ranjeet Ophir
R2jDL6stqb8,channel,15-Apr-2022 | Good Friday Service 2022 | Central Church | Apostle Dr A S Ranjeet Ophir | Part 2
RJaxZS9oMj4,channel,15-Apr-2022 | Good Friday Service 2022 | Central Church | Apostle Dr A S Ranjeet Ophir| Part 1
Zk-7YTqFCa0,channel,15-Apr-2022 | శిక్షలో ఆలస్యమెందుకు?? | Spiritual Warfare Series | Day 375 | Apo Dr AS Ranjeet Ophir
-quZ0C0ZpSk,channel,14-Apr-2022 | మనం పోగొట్టుకున్న వెండి నాణెం!! | Spiritual Warfare Series | Day 374 | Apo Dr Ophir
r2opRIkY_ZA,channel,13-Apr-2022 | ప్రార్థనలో అసలైన విజయం !! | Spiritual Warfare Series | Day 373 | Apo Ranjeet Ophir
gtcdVImxDIU,channel,12-Apr-2022 | మంత్రశక్తులు నిజమా? అబద్ధమా? | Spiritual Warfare Series | Day 372 | Dr Ranjeet Ophir
uLR3y7hEQtU,channel,11-Apr-2022 | తొట్రిల్లని ప్రార్థనాపరులు!! | Spiritual Warfare Series | Day 371 | Apo Ranjeet Ophir
ZLmGPREXpeE,channel,10-Apr-2022 | Palm Sunday Service | Second Message | Central Church | Apo Dr A S Ranjeet Ophir
FP2Dz09BJgY,channel,09-Apr-2022 | St Mark's Gospel Meetings | Day 3 | AFGC Zaheerabad | Ophir Ministries
pZsL1NvZkQo,channel,09-Apr-2022 | ACE Sunday School | Ophir Ministries
WgTJC0lrqwk,channel,09-Apr-2022 | దేశభక్తి ప్రేరక మహాసభ  | Day 3 | AFGC Zaheerabad | RKP
7zPGhI7lUZg,channel,08-Apr-2022 | St Mark's Gospel Meetings | Day 2 | AFGC Zaheerabad | Ophir Ministries
HaDy1jgNq-M,channel,08-Apr-2022 | RKP Awareness Convention | AFGC Zaheerabad | Ophir Ministries
SO2CRbI64EE,channel,07-Apr-2022 | St Mark's Gospel Meetings | Day 1 | AFGC Zaheerabad | Ophir Ministries
jWx3oB-z--4,channel,07-Apr-2022 | Pr Mark Babu's House Warming Ceremony | Zaheerabad
lfWr3ThsH00,channel,07-Apr-2022 | Pr Mark Babu's House Warming Ceremony | Zaheerabad
heuJPVYoJjc,channel,07-Apr-2022 | ప్రజల మేలుకోసం దేవుని కోపం!! | Spiritual Warfare Series | Day 370 | Apo Ranjeet Ophir
VJUvrYRNAlc,channel,Happy Birthday Grandpa... | Dance by ACE club Students | Ranjeet Ophir's 63rd Birthday Celebrations
kmDq6UGSQeo,channel,Happy Birthday to you | Dance by ACE club Students | Apo. Ranjeet Ophir's 63rd Birthday Celebrations
_GFWlwUOUb0,channel,Eeshu Prabhu hai | Dance by Sis Madhuri | Apo A S Ranjeet Ophir's 63rd Birthday Celebrations
VI66x7x8B4I,channel,Ninu Choochina Kanulatho | Dance by ACE Students | Dr Ranjeet Ophir's 63rd Birthday Celebrations
wN0uDa-vL5c,channel,Bajeham Bajeham | Classical Dance by ACE Club Teachers | Ranjeet Ophir's 63rd Birthday Celebrations
6ABv8io_-WM,channel,Sharanani Vededha | Classical Dance by Sis Sulakshyna | Ranjeet Ophir's 63rd Birthday Celebrations
NngGpZ5xiSA,channel,Follow the Leader | Dance by ACE Club Students | Apo A S  Ranjeet Ophir's 63rd Birthday Celebrations
IdPxI12a5O0,channel,05-Apr-2022 | Apo Dr A S Ranjeet Ophir's 63rd Birthday Celebrations | Ophir Ministries
gNcAe2qkHl8,channel,05-Apr-2022 | దేవునికే తెలియజేయడమా..??!! | Spiritual Warfare Series | Day 369 | Apo Dr Ranjeet Ophir
Qk_0V5Ibmf8,channel,ఓఫీర్ గారిని వదిలి వెళ్లిన వారి విషయంలో ఓఫీర్ గారి అభిప్రాయం! | ప్రశ్నోత్తరి |  Dr A S Ranjeet Ophir
opW7Y1pSWDE,channel,ఒక అగాపే విశ్వాసి ఇంకో అగాపే సంఘానికి వెళ్లవచ్చా? | Short Answer | Apo Dr A S Ranjeet Ophir
5VPb00N06DA,channel,"04-Apr-2022 | ప్రార్థనకు కారణం, ఫలితం!! | Spiritual Warfare Series | Day 368 | Apo Dr Ranjeet Ophir"
DPeSKGywJVM,channel,03-Apr-2022 | పసితనంతో పరిపక్వత!! | Sunday Service | Second Message | Apo Dr A S Ranjeet Ophir
7dv3z_RJdN0,channel,02-Apr-2022 | తీర్పుదినం వస్తోంది జాగ్రత్త!! | Spiritual Warfare Series | Day 367 | Apo Dr Ophir
F9YVCs63o8k,channel,01-Apr-2022 | క్షీరసాగర మధనం | Episode 100 | అపో ఓఫీర్ గారితో ప్రశ్నోత్తరి
FscS5HSK9zc,channel,01-Apr-2022 | ఖడ్గరూపం దాల్చిన వాక్యం!! | Spiritual Warfare Series | Day 366 | Apo Dr Ranjeet Ophir
kgXi_lHcM8Y,channel,వాక్యపరిచర్య పట్ల రంజిత్ ఓఫీర్ గారి భారము ఏమిటీ?? | చర్చవేదికా | Apo Dr A S Ranjeet Ophir
4lPWgfRrRWY,channel,రంజిత్ ఓఫీర్ గారికి దేవుడు ఇచ్చిన ప్రత్యేక వరం ఏమిటీ?? | Short Answers  | Apo Dr A S Ranjeet Ophir
6FJJZHflLnM,channel,ఒడిపోవడమే కష్టం అంటున్న రంజిత్ ఓఫీర్ గారు! | చర్చవేదికా | Dr A S Ranjeet Ophir
h4aGsM1jWTc,channel,సువార్త కొరకు అవకాశం ఉన్నత వరకు అన్ని సంప్రదాయాలను అనుసరిస్తానంటున్న ఓఫీర్ గారు!!  | చర్చవేదికా |
0YH93v3wMT0,channel,ఓఫీర్ మినిస్ట్రీస్ శాఖల పరిచర్యల గురుంచి రంజిత్ ఓఫీర్ గారి వివరణ | చర్చవేదికా | Dr A S Ranjeet Ophir
LyFGzKvZRtQ,channel,స్వచ్ఛంధ సిలువ బొట్టు ధారణ సభల వల్ల రక్త పాతం జరుగుతదా??  | చర్చవేదికా | Apo Dr A S Ranjeet Ophir
fkvgGPZAibI,channel,31-Mar-2022 |  AFGC నూతన మందిర ప్రతిష్ట  | సీతారామపురం
gBcFkmC5m4c,channel,క్రైస్తవులు ఇతర గ్రంథాలను  ప్రస్తావించడం వ్యభిచారమా? | చర్చవేదికా | Apo Dr A S Ranjeet Ophir
JwOUH-y9Avw,channel,స్వచ్ఛంధ సిలువ బొట్టు ధారణ సభలు  ఆహ్లాదకరంగా ఎలా జరుగుతున్నాయి? | చర్చవేదికా |  Dr A S Ranjeet Ophir
wVt4dv47BTs,channel,పౌలు పంథాలో సువార్త ప్రకటిస్తున్న వారందరికీ రంజిత్ ఓఫిర్ గారి పిలుపు | Short Messages | Apo Dr Ophir
zPiO8bYL01o,channel,వ్యాఖ్యాన పద్ధతులలో ఉపమాన శాస్త్రము గూర్చిన వివరణ! | Short Messages | Apo Dr A S Ranjeet Ophir
xSyYgTiMDU8,channel,30-Mar-2022 | పీడిత  వర్గాల సమైక్య వేదిక  ! రేపల్లె
HBm7UxxmIx0,channel,30-Mar-2022 | పీడిత  వర్గాల సమైక్య వేదిక  ! రేపల్లె
S3ts4fC2mA8,channel,30-Mar-2022 | పీడిత  వర్గాల సమైక్య వేదిక  ! రేపల్లె
24oe3PK-kLA,channel,శూరకార్యాములు చేసే వారి లక్షణాలు!! | Short Messages | Apo Dr A S Ranjeet Ophir
uPvljEW3p3k,channel,శూరకార్యములంటే?? | Short Messages | Apo Dr A S Ranjeet Ophir
Vcjh4j3e7xA,channel,ఐక్యత రెండు రకాలు! | Short Message | Apo Dr A S Ranjeet Ophir
Jnl7tbVcJ2Q,channel,నీవు శూరకార్యాములు చేయాలంటే! | | Short Message | Apo Dr A S Ranjeet Ophir |
SsiQEf12BJQ,channel,"అమావాస్య, పౌర్ణమి ప్రార్థనల ప్రత్యేకత ఏమిటి?  | Short Messages | Apo Dr A S Ranjeet Ophir |"
JM0Aui4LiuM,channel,30-Mar-2022 | ఒంటరి భక్తుల సామూహిక శక్తి..!? | Spiritual Warfare Series | Day 364 | Apo Dr Ophir
PnDjPGouyeU,channel,తర్కము ద్వారా  ఆన్ని సంఘములను పౌలు బోధలోకి నడిపించుట! | 42nd Divine Visitation Day | Ranjeet Ophir
ZWtlx11lEDM,channel,విజయవాడలో ఓఫీర్ మినిస్ట్రీస్ విజయవిహారం | Ophir Ministries
jJECvWd3N8E,channel,ఓఫీరిజం యొక్క గురి!! | 42nd Divine Visitation Day Celebrations | Apo Dr A S Ranjeet
A-HzlzkG7TM,channel,చెదర గొట్టబడిన వారిని పోగుచేయాలంటే తర్కమే అసలైన అయధము! | 42nd Divine Visitation Day | Ranjeet Ophir
R9onu7lJt28,channel,ఆ సంవ్సత్సరము యాజకుని గురించి సంపూర్ణ వివరణ! | 42nd Divine Visitation Day | Apo Dr A S Ranjeet Ophir
JtG8OlzT7tg,channel,దేశాధినేతలు అవసరమును బట్టి దేవుని తాత్కాలిక ప్రవక్తలు! | 42nd Divine Visitation Day | Ranjeet Ophir
QlwH4skHymk,channel,ఇశ్రాయేలీయులు చెదరిపోవుటను ప్రవచించిన దావీదు| 42nd Divine Visitation Day | Apo Dr A S Ranjeet Ophir
pB7gEGaebwQ,channel,42యేండ్ల క్రిందట రంజిత్ ఓఫీర్ గారికి కలిగిన దర్శన ఉద్దేశ్యము!! 42nd Divine Visitation Day |
qh987ybf_UM,channel,దర్శనమనగా నేమి?? దర్శనములు ఎన్ని రకాలు??  | 42nd Divine Visitation Day | Apo Dr A S Ranjeet Ophir
r2D-6FtCcTk,channel,సంఖ్యాకాండము 36వ అధ్యాయము 11వచనము యొక్క వివరణ!! | ప్రశ్నోత్తరి | Apo Dr A S Ranjeet Ophir
Pp5OXVdr6jM,channel,పరలోకములో లైంగికత ఉండదన్న విజయ్ ప్రసాద్ రెడ్డికి రంజిత్ ఓఫీర్ గారి సమాధానం!! | ప్రశ్నోత్తరి |
DgIsMg_P7dA,channel,భూ సంబంధమైన వస్తువులు ఏమైనా పరలోకంలో ఉంటాయా? | ప్రశ్నోత్తరి | Apo Dr A S Ranjeet Ophir
y5xbhnfUZ5M,channel,హేమాహేమీలు అంటే ఏమిటి?? | ప్రశ్నోత్తరి | Apo Dr A S Ranjeet Ophir
WuaeI6DYqjA,channel,మన బోధ  బైబిల్  లాజిక్ ఉండాలా?  | ప్రశ్నోత్తరి | Apo Dr A S Ranjeet Ophir
HHC3X6bF2zs,channel,29-Mar-2022 | దేవుని సైనికులు ఎక్కడున్నారు?? | Spiritual Warfare Series | Day 363 | Apo Dr Ophir
9RStDjD0qn8,channel,చెరను చెరగా తీసుకోని పోవడం అంటే ఏమిటి? | Answer To VKR | ప్రశ్నోత్తరి | Apo Dr A S Ranjeet Ophir
GXKj7oj8bqU,channel,దేవుడుని సూత్రధారి అనడం ఎంత వరకు సబబు?? | ప్రశ్నోత్తరి | Apo Dr A S Ranjeet Ophir
hAH5RaW45LA,channel,విధి అడిన వింత నాటకం అంటే ఏమిటి? | ప్రశ్నోత్తరి | Apo Dr A S Ranjeet Ophir
Mkt6S3q66mk,channel,"సత్యము, నగ్న సత్యమునకు మధ్య తేడా ఏమిటి??| ప్రశ్నోత్తరి | Apo Dr A S Ranjeet Ophir"
2Wenc6L-7wQ,channel,మన్నా అనేది దేవదూతల ఆహారమా? లేకా దేవుని వాక్కా?? | ప్రశ్నోత్తరి | Apo Dr A S Ranjeet Ophir
GoCNbp9WSRw,channel,స్వచ్ఛంధ సిలువ బొట్టు ధారణ  సభలను ఆపుతున్నారా? | ప్రశ్నోత్తరి | Apo Dr A S Ranjeet Ophir
QJ384wqpgSc,channel,ఓఫీర్ గారు కొత్త మతాన్ని స్థాపించారా? | ప్రశ్నోత్తరి | Apo Dr A S Ranjeet Ophir
ZZLWiD-7jgo,channel,ఓఫీర్ గారు ఇచ్చిన వివరణ వలన కొందరి యవ్వనస్తుల సాక్ష్యం! | ప్రశ్నోత్తరి | Apo Dr A S Ranjeet Ophir
pHS8FOESMcI,channel,"పరలోకంలో లైంగికత, హస్త ప్రయోగం వంటి  విషయాల్లో ఓఫీర్ గారు తన అభిప్రాయాన్ని మార్చుకుంటారా?"
1WVzuXw8sTw,channel,అందము అనగా పాపమా?? | ప్రశ్నోత్తరి | Apo Dr A S Ranjeet Ophir
_C1NSwZb_kE,channel,పరదైసు అనేది పాతాళ లోకంలో ఉన్నదా??  | ప్రశ్నోత్తరి | Apo Dr A S Ranjeet Ophir
UZ9fN17lQcQ,channel,ఇప్పుడు జరుగుతున్నదే 1000 యేండ్ల పాలననా? | PD బోధను ఖండించిన ఓఫీర్ గారు |! | ప్రశ్నోత్తరి |
q4oouDGXubw,channel,రంజిత్ ఓఫిర్ గారు ఛాలెంజ్ లు విసిరి డిబేట్ చేయకుండా తప్పించుకుంటాడా?? | ప్రశ్నోత్తరి |
xuNh32Ii_HM,channel,రంజిత్ ఓఫీర్ గారి బోధలను ప్రశ్నించే స్థాయి VKR కి ఉన్నదా? | ప్రశ్నోత్తరి | Apo Dr A S Ranjeet Ophir
We3NOej1ZE4,channel,ధ్యానించడం అంటే ఏమిటీ?? | ప్రశ్నోత్తరి | Apo Dr A S Ranjeet Ophir
fh6GRpWwAtg,channel,నిరుత్తరులైయున్నారు అనగా అర్థం ఏమిటి??  | ప్రశ్నోత్తరి | Apo Dr A S Ranjeet Ophir
GCpzyl0YfG4,channel,28-Mar-2022 | సంపూర్ణ రాత్రి ప్రార్థన | Spiritual Warfare Series | Day 362 | Apo Dr AS Ranjeet Ophir
i_IWNv6-8Bw,channel,27-Mar-2022 | 42nd Divine Visitation Day Celebrations | Word Of God | Apostle Dr A S Ranjeet Ophir
7c97rSnaooQ,channel,27-Mar-2022 | 42nd Divine Visitation Day Celebrations | Central Church | Ophir Ministries
cKeqLu0B5Tk,channel,27-Mar-2022 | 42nd Divine Visitation Day Celebrations | Central Church | Ophir Ministries
2SVGMkU5EoY,channel,27-Mar-2022 | 42nd Divine Visitation Day Celebrations | Central Church | Ophir Ministries
u1SVVkjKw5k,channel,26-Mar-2022 | ఓఫిర్ మినిస్ట్రీస్ కృతజ్ఞత మహోత్సవం | విజయవాడ
hq4PqPjQH_c,channel,26-Mar-2022 | ACE Sunday School | Ophir Ministries
tL__wtDnryo,channel,26-Mar-2022 | ACE Sunday School | Ophir Ministries
dXxDhqgGftE,channel,26-Mar-2022 | స్వచ్చంద సిలువ బొట్టు ధారణ ఉద్యమ సభ  | విజయవాడ
zK_EqM6maVo,channel,26-Mar-2022 | దేవుడు చేయుచున్న పని!! | Apostle Dr A S Ranjeet Ophir | Audio Messages
fh1vwQ56B4A,channel,26-Mar-2022 | సంపూర్ణ రాత్రి ప్రార్థన | Spiritual Warfare Series | Day 361 | Apo Dr AS Ranjeet Ophir
ltG9NAMi8aM,channel,25-Mar-2022 | క్షీరసాగర మధనం | Episode 99 | అపో ఓఫీర్ గారితో ప్రశ్నోత్తరి | Ophir Ministries
TbXEJIBjK6U,channel,25-Mar-2022 | సంపూర్ణ రాత్రి ప్రార్థన | Spiritual Warfare Series | Day 360 | Apo Dr AS Ranjeet Ophir
CtLNKX_q4Dw,channel,ఓఫీర్ గారి సేవ ఆంధ్రా ప్రాంతంలో ఎప్పుడు? ఎలా ప్రారంభం అయింది? | Short Answer | Dr A S Ranjeet Ophir
vbapB8UU-Ac,channel,రంజిత్ ఓఫీర్ గారి గురించి ముంగమూరి దేవదాసు అయ్యగారు చెప్పిన ప్రవచనం! | Dr A S Ranjeet Ophir
jZtLHoK5xYA,channel,అద్దంకి జాన్ అయ్యగారికి ఓ ఫీర్ గారి గురించి దేవుడు చెప్పిన అధ్బుతమైన మాట!! | Dr A S Ranjeet Ophir
pHVCOEy3tDE,channel,పరమ గీతము మరియు యేసు క్రీస్తు రెండవ రాకడ విషయములో తన వ్యాఖ్యానాన్ని సరి చేసుకొన్న ఓఫీర్ గారు!!
CKI6OmcFrMY,channel,1985లో ఓఫీర్ గారి గురించి  సంచలన వ్యాఖ్యలు చేసిన RRK మూర్తి గారు! | Short answer | Dr Ranjeet Ophir
bBuEmdUMn24,channel,ఓఫీర్ గారి మొట్ట మొదటి సభ ఎక్కడ? ఎలా జరిగింది? | Short Answer |  Dr A S Ranjeet Ophir
TbaxZjOvvXs,channel,24-Mar-2022 | సంపూర్ణ రాత్రి ప్రార్థన | Spiritual Warfare Series | Day 359 | Apo Dr AS Ranjeet Ophir
QqD7836WmCo,channel,23-Mar-2022 | దేవుడు వాడుకోను మనుష్యుడు!! | Apostle Dr A S Ranjeet Ophir | Audio Messages
xFBa-r-zn2w,channel,23-Mar-2022 | సంపూర్ణ రాత్రి ప్రార్థన | Spiritual Warfare Series | Day 358 | Apo Dr AS Ranjeet Ophir
zlV8D8XS-RI,channel,22-Mar-2022 | AFGC Church Jagathgiri Gutta Branch 2nd Anniversary | Ophir Ministries
HeooX3I1nzQ,channel,ఒక వ్యక్తి మరణం కొరకు క్రైస్తవులు ప్రార్థన చేయవచ్చా? | సంపూర్ణ వివరణ | Apo Dr A S Ranjeet Ophir
9-lCfKCiHmM,channel,మూడు దిశలలో  క్రైస్తవుడి వైఖరి!!  | Short Message | Apo Dr A S Ranjeet Ophir
-eS2ux5df0g,channel,22-Mar-2022 | ఏలియాలో యిర్మీయా!! | Apostle Dr A S Ranjeet Ophir | Audio Messages
oE4u-Si53rs,channel,22-Mar-2022 | సంపూర్ణ రాత్రి ప్రార్థన | Spiritual Warfare Series | Day 357 | Apo Dr AS Ranjeet Ophir
UpexDsbH7ps,channel,నార్త్ ఆంధ్ర ఓఫీర్ మినిస్ట్రీస్ రజతోత్సవ విజయగాథ | రెండవ భాగం | Ophir Ministries
QqM358dP4wU,channel,21-Mar-2022 | స్పష్టముగా గ్రహించుము!! | Apostle Dr A S Ranjeet Ophir | Audio Messages
8MKR1RDqO4w,channel,21-Mar-2022 | సంపూర్ణ రాత్రి ప్రార్థన | Spiritual Warfare Series | Day 356 | Apo Dr AS Ranjeet Ophir
e6gistSjiYk,channel,20-Mar-2022 | Sunday Service | Second Message | Central Church | Apo Dr A S Ranjeet Ophir
JWuDLvjKO1k,channel,20-Mar-2022 | Sunday Service | First Message | Central Church | Apo Dr A S Ranjeet Ophir
cNLodEx4xv0,channel,19-Mar-2022 | ACE Sunday School | Ophir Ministries
4HtlrSjXT6g,channel,19-Mar-2022 | మహాశ్రమలెందుకు? | Apostle Dr A S Ranjeet Ophir | Audio Messages
N62JNaMoRyo,channel,19-Mar-2022 | సంపూర్ణ రాత్రి ప్రార్థన | Spiritual Warfare Series | Day 355 | Apo Dr AS Ranjeet Ophir
W3HdpFrnuVU,channel,15-Mar-2022 | క్రైస్తవ స్వచ్ఛంద సిలువ బొట్టు ధారణ మహాసభ | S. కన్వెన్షన్ విజయనగరం | Ophir Ministries
k8lClGdLoxI,channel,18-Mar-2022 | సంపూర్ణ రాత్రి ప్రార్థన | Spiritual Warfare Series | Day 354 | Apo Dr AS Ranjeet Ophir
Lgej6sCA8U8,channel,17-Mar-2022 | 280th Day of Intercessory & Thanksgiving Prayer | Ophir Ministries International
iHFxWjLEV-Y,channel,నార్త్ ఆంధ్ర ఓఫీర్ మినిస్ట్రీస్ రజతోత్సవ విజయగాథ | Ophir Ministries
ei9432er9j4,channel,15-Mar-2022 | Silver Jubilee Celebrations | Ophir Ministries ఉత్తర ఆంధ్ర శాఖ
AZKe79RRHWo,channel,17-Mar-2022 | నిత్య నిరీక్షణ!! | Apostle Dr A S Ranjeet Ophir | Audio Messages
Umj_z-cvR0c,channel,16-Mar-2022 | కడపటి హవ్వ ఉత్పత్తి క్రమం!! | Apostle Dr A S Ranjeet Ophir | Audio Messages
9qZynMbh3NY,channel,16-Mar-2022 | సంపూర్ణ రాత్రి ప్రార్థన | Spiritual Warfare Series | Day 352 | Apo Dr AS Ranjeet Ophir
WWbiJ6B-ESI,channel,15-Mar-2022 | Silver Jubilee Celebrations | Ophir Ministries ఉత్తర ఆంధ్ర శాఖ
_9Ww9JY6nr4,channel,15-Mar-2022 | Silver Jubilee Celebrations | Ophir Ministries ఉత్తర ఆంధ్ర శాఖ
psEpnWyOF4s,channel,15-Mar-2022 | Silver Jubilee Celebrations | Ophir Ministries ఉత్తర ఆంధ్ర శాఖ
BrW3H2MWXpA,channel,15-Mar-2022 | Silver Jubilee Celebrations | Ophir Ministries ఉత్తర ఆంధ్ర శాఖ
dav-S_ZGbtY,channel,15-Mar-2022 | Silver Jubilee Celebrations | Ophir Ministries ఉత్తర ఆంధ్ర శాఖ
bJewXw7eqIg,channel,15-Mar-2022 | సంపూర్ణ రాత్రి ప్రార్థన | Spiritual Warfare Series | Day 351 | Apo Dr AS Ranjeet Ophir
qH_Ui-U5tUg,channel,14-Mar-2022 | సంపూర్ణ రాత్రి ప్రార్థన | Spiritual Warfare Series | Day 350 | Apo Dr AS Ranjeet Ophir
FRFlvrA_RZY,channel,"""హైందవ క్రైస్తవం గ్రంథం చదివి నేను రక్షణ పొందాను "" - సహో సత్యనారాయణ గారి అద్భుత సాక్ష్యం!!"
Q23erMN-o4g,channel,13-Mar-2022 | Sunday Service | Second Message | Central Church | Apo Dr A S Ranjeet Ophir
FdP7WvSEhn4,channel,13-Mar-2022 | Sunday Service | Second Message | Central Church | Apo Dr A S Ranjeet Ophir
kMxoY8tO4og,channel,13-Mar-2022 | Sunday Service | First Message | Central Church | Apo Dr A S Ranjeet Ophir
_rg9PJbomj8,channel,"""వ్యతిరేకత పెరిగేకొద్దీ సిలువబొట్టు ఉద్యమం ఉధృతమై, విజయవంతం అవుతుంది"" -  పాస్టర్ జోనాతన్ గారు"
7cSv2PXqFAg,channel,ఓఫీర్ గారికి వ్యతిరేకంగా అందరినీ నేనే రెచ్చగొట్టా: ముత్తయ్య | సిలువ బొట్టు ఉద్యమం | Ophir Ministres
JeOiKEmun94,channel,12-Mar-2022 | ACE Sunday School | Ophir Ministries
861dVkmrpgI,channel,11-Mar-2022 | క్షీరసాగర మధనం | అపో ఓఫీర్ గారితో ప్రశ్నోత్తరి | Ophir Ministries
aLViNoya9Fw,channel,12-Mar-2022 | సంపూర్ణ రాత్రి ప్రార్థన | Spiritual Warfare Series | Day 349 | Apo Dr AS Ranjeet Ophir
q34C2EQMFzA,channel,11-Mar-2022 | సంపూర్ణ రాత్రి ప్రార్థన | Spiritual Warfare Series | Day 348 | Apo Dr AS Ranjeet Ophir
IzykPY7PwD8,channel,"""ప్రపంచ ఏక ప్రభుత్వం రానున్నదా? - చర్చావేదిక"" | Ophir Ministries"
Ejq-ffzDNs0,channel,మూర్ఖ తరానికి వేరుగా ఉండుట అంటే అర్ధం ఏమిటీ? | Short Messages | Apo Dr A S Ranjeet Ophir
AitRGUYYj00,channel,10-Mar-2022 | ఓఫీరిజం అంటే ఏమిటీ?? - సమగ్ర వివరణ | Short Messages | Apo Dr A S Ranjeet Ophir
47_2TtskS4E,channel,10-Mar-2022 | ఉత్తమ సువార్తికుని వ్యక్తిత్వం! | ప్రశ్నోత్తరాల కార్యక్రమము | Apo Dr A S Ranjeet Ophir
u3shP4ZFZdc,channel,10-Mar-2022 | సంపూర్ణ రాత్రి ప్రార్థన | Spiritual Warfare Series | Day 347 | Apo Dr AS Ranjeet Ophir
hYo3T32Oxo0,channel,అతి త్వరలో ప్రీ ట్రిబ్యులేషన్ బోధకులందరు నవ్వుల పాలు కాబోతున్నారు! | Short Messages | Apo Dr Ophir
Q5hCsWJxshI,channel,09-Mar-2022 | దేవుని శిక్షకు గురి కాబోతున్న సిలువ బొట్టు వ్యతిరేకులు! | Apo Dr A S Ranjeet Ophir
iIzAaNVP_MQ,channel,09-Mar-2022 | సిలువ బొట్టు పై నిష్కారణ ద్వేషం | Apo Dr A S Ranjeet Ophir
L7FszIJGiIM,channel,09-Mar-2022 | సంపూర్ణ రాత్రి ప్రార్థన | Spiritual Warfare Series | Day 346 | Apo Dr AS Ranjeet Ophir
RVLeVZM35bQ,channel,"రక్షకుని చేతిలో బలమైన సాధనం ""ఓఫీరిజం"" - చర్చావేదిక | Ophir Ministries"
nO79BoAiDFQ,channel,గుడారాల పండగలో డబ్బులిచ్చి తిట్టించుకొన్న హోసన్నా మినిస్ట్రీస్! | Apo Dr A S ranjeet Ophir
MxdlMlrsH98,channel,పరలోకంలో పరిశుద్ధ లైంగికత!! | ప్రశ్నోత్తరాల కార్యక్రమము | Apo Dr A S Ranjeet Ophir
Hb-L1rvMv9o,channel,08-Mar-2022 | సంపూర్ణ రాత్రి ప్రార్థన | Spiritual Warfare Series | Day 345 | Apo Dr AS Ranjeet Ophir
obzGgZHKCYQ,channel,75 సార్లు యుగాంతం గ్రంథం చదివిన పాస్టర్ సురేష్ గారితో ప్రత్యేక ఇంటర్వ్యూ!! | Ophir Ministries
E5d19fBlI3o,channel,రంజిత్ ఓఫీర్ గారి సువార్త విధానాన్ని వ్యతిరేకించే వారికి ఓఫీర్ గారి లైఫ్  టైం ఛాలెంజ్ !!
Ao7Acg2AVYo,channel,రంజిత్ ఓఫీర్ గారి శిష్యులకు ఓఫీర్ గారి అత్యవసర సూచన!! | Apo Dr A S Ranjeet ophir
kuk3MR3l6BA,channel,07-Mar-2022 | సంపూర్ణ రాత్రి ప్రార్థన | Spiritual Warfare Series | Day 344 | Apo Dr AS Ranjeet Ophir
i6Pv9z4nPKI,channel,06-Mar-2022 | శిష్యుల పాదాలు కడిగిన దేవుడు...!! | Malkajgiri Sunday Service | Apo Ranjeet Ophir
9HDzP51QhA8,channel,06-Mar-2022 | వాదించడం కన్నా ఫలించడమే మిన్న!! | Sunday Service | Second Message | Apo Ranjeet Ophir
UyaFI90U6cU,channel,05-Mar-2022 | ACE Sunday School | Ophir Ministries
2g3X3reD_gk,channel,05-Mar-2022 | సంపూర్ణ రాత్రి ప్రార్థన | Spiritual Warfare Series | Day 343 | Apo Dr AS Ranjeet Ophir
fawTbgWFuHU,channel,యుగాంతం గ్రంథం పై OMI - RTF  చర్చ వివరాలు!! | Ophir Ministries
3bJOhYv7JPk,channel,04-Mar-2022 | సంపూర్ణ రాత్రి ప్రార్థన | Spiritual Warfare Series | Day 342 | Apo Dr AS Ranjeet Ophir
dgCIVkKN4ZI,channel,"""అంత్యకాల సంభవాల నెరవేర్పుకు మూలమైన యుద్ధమేది??"" - చర్చావేదిక | Ophir Ministries"
hDaYyimgG4E,channel,03-Mar-2022 | సంపూర్ణ రాత్రి ప్రార్థన | Spiritual Warfare Series | Day 341 | Apo Dr AS Ranjeet Ophir
j3Kt8gw-n6Q,channel,02-Mar-2022 | సంపూర్ణ రాత్రి ప్రార్థన | Spiritual Warfare Series | Day 340 | Apo Dr AS Ranjeet Ophir
F68wKYlIiD0,channel,01-Mar-2022 | సంపూర్ణ రాత్రి ప్రార్థన | Spiritual Warfare Series | Day 339 | Apo Dr AS Ranjeet Ophir
H5OsBM7ig-Q,channel,"త్వరలో ఇశ్రాయేలు మీదకి దండెత్తబోతున్న రష్యా! -- రష్యా, నేను నీకు విరోధిని అంటున్న దేవుడు! | Dr Ophir"
Vp2JCl0Ns2Y,channel,సిలువ బొట్టు ధారణ మహసభల తదుపరి కార్యాచరణ! |  | Short Answer | Apo Dr A S Ranjeet Ophir
v-igYULvWbI,channel,యేసు క్రీస్తు సృష్టికి పూర్వమే ఒకసారి బలి అవ్వడమేమిటి?? | Short Answer | Apo Dr A S Ranjeet Ophir
e1snJ44b_Q0,channel,ఒక వ్యక్తి దేవుని పోలికలోకి మార్చబడ్డాడని మనం ఎలా గ్రహించగలం! | Apostle Dr A S Ranjeet Ophir
YuL2_3ele38,channel,"పౌర్ణమి, అమావాస్య రాత్రి ప్రార్థనలు  చేయడం బైబిల్ ప్రకారం నిషిద్ధామా?? | Ranjeet Ophir"
sJk6R7u4zso,channel,28-Feb-2022 | సంపూర్ణ రాత్రి ప్రార్థన | Spiritual Warfare Series | Day 338 | Apo Dr AS Ranjeet Ophir
LDrS0Tv_0_Q,channel,ఉక్రెయిన్ పై రష్యా యుద్ధం - చర్చావేదిక | Ophir Ministries
C48Ov8VvNFg,channel,27-Feb-2022 | Sunday Service | Second Message | Central Church | Apo Dr A S Ranjeet Ophir
n8uatyMuod4,channel,26-Feb-2022 | ACE Sunday School | Ophir Ministries
QnKMfaYAj6k,channel,26-Feb-2022 | 21వ సంఘ వార్షికోత్సవము - Pr Dasu Babu | AFGC Vizag | Apo Dr A S Ranjeet Ophir
n6Qlh72yVxU,channel,26-Feb-2022 | 21వ సంఘ వార్షికోత్సవము - Pr Dasu Babu | AFGC Vizag | Apo Dr A S Ranjeet Ophir
GlJxCOVf8ao,channel,26-Feb-2022 | 21వ సంఘ వార్షికోత్సవము - Pr Dasu Babu | AFGC Vizag | Apo Dr A S Ranjeet Ophir
Rcl3hJhm58U,channel,25-Feb-2022 |  Celebrating Graduation of Dr. Oliva Margreat| Apo Dr AS Ranjeet Ophir
YJcXA1tofTg,channel,సిలువ బొట్టు ఉద్యమం మీద క్రైస్తవ NRI ల స్పందన | సిలువ బొట్టు ఉద్యమం | Ophir Ministries
drd9aeVnPsI,channel,సిలువ బొట్టు ధారణ  సభకు డబ్బులు ఇచ్చి జనాలను  తీసుకొచ్చారా?  | Apo Dr A S Ranjeet Ophir
UD-JQHsCIBA,channel,"""నా స్వార్థం "" అనే శీర్షిక లో అందరు పరలోకం రావడం నాకు  ఇష్టం లేదన్నారు. నిజమేనా? | Ranjeet Ophir"
4O7ZbMa0PxQ,channel,దేవునికి కోపం ఉంటుందా?  | అపో డా రంజిత్ ఓఫీరు గారితో ప్రశ్నలు - జవాబులు
tMZ8_aVj0iA,channel,భక్తులు చేసిన తప్పులకు దేవుడు వారిని  శిక్షిస్తాడా? | అపో డా రంజిత్ ఓఫీరు గారితో ప్రశ్నలు - జవాబులు
IK5tYa1M9mM,channel,భక్తులకు  స్వార్థం ఉండొచ్చా? అపో డా రంజిత్ ఓఫీరు గారితో ప్రశ్నలు - జవాబులు
8KrXZxJKBBs,channel,ఎందుకని మీ శత్రువులు కూడా పరలోకంలోకి రావాలని మీరు కోరుకొంటున్నారు ??  Apo Dr A S Ranjeet Ophir
Ud8BU978w8I,channel,దేవుని గూర్చిన నిర్వచనం!  | అపో డా రంజిత్ ఓఫీరు గారితో ప్రశ్నలు - జవాబులు
UGSsgbURurw,channel,దేవదూతలలో  మంచివాళ్ళు చెడ్డవాళ్లు ఉంటారా? ! | అపో డా రంజిత్ ఓఫీరు గారితో ప్రశ్నలు - జవాబులు
FM06VfAWw0w,channel,24-Feb-2022 | సంపూర్ణ రాత్రి ప్రార్థన | Spiritual Warfare Series | Day 337 | Apo Dr AS Ranjeet Ophir
v_Y79mxFDG0,channel,The Ukrainian Crisis-The Biblical Perspective | Second Coming Of Jesus Christ | Apo Dr Ranjeet Ophir
4lQD31QUguE,channel,క్రైస్తవులు సువార్త చేసేది మతమార్పిడి కొరకేనా??  సిలువ బొట్టు ఉద్యమం | Apo Dr Ranjeet Ophir
OP0FMHb6rBI,channel,మహోన్నతుని  విద్య అంటే ఏమిటి?? సిలువ బొట్టు ఉద్యమం | Apo Dr Ranjeet Ophir
_jMO-VhZ9gQ,channel,పరిశుద్ధాత్మ  దేవుడిని సోమముతో  పోల్చడం ఎంత వరకు సమంజసం? | Apo Dr Ranjeet Ophir
ozB19EeNc14,channel,సిద్ధాంతచర్చలో పాల్గొనే వారికి ఉండాల్సిన కనీస అర్హతలు! | సిలువ బొట్టు ఉద్యమం | Apo Dr Ranjeet Ophir
-2uKoZeS_iU,channel,23-Feb-2022 | సంపూర్ణ రాత్రి ప్రార్థన | Spiritual Warfare Series | Day 336 | Apo Dr AS Ranjeet Ophir
nopGs24J0Ro,channel,22-Feb-2022 | రిక్తుని కోసం వచ్చిన సర్వశక్తుడు!! | Spiritual Warfare Series | Day 335 | Apo Dr Ophir
QXq2bRx7dLo,channel,21-Feb-2022 | మందిర ప్రతిష్ట మరియు సంఘ ప్రధమ  వార్షికోత్సవము | AFGC Narayankhed | Ophir Ministries
xQBeGpIkhJ0,channel,21-Feb-2022 | మందిర ప్రతిష్ట మరియు సంఘ ప్రధమ  వార్షికోత్సవము | AFGC Narayankhed | Ophir Ministries
NGMe4LnZ47E,channel,21-Feb-2022 | మందిర ప్రతిష్ట మరియు సంఘ ప్రధామ  వార్షికోత్సవము | AFGC Narayankhed | Ophir Ministries
91lxbIMMZu8,channel,21-Feb-2022 | మందిర ప్రతిష్ట మరియు సంఘ ప్రధాన వార్షికోత్సవము | AFGC Narayankhed | Ophir Ministries
pN4VQxvChPQ,channel,21-Feb-2022 | సంపూర్ణ రాత్రి ప్రార్థన | Spiritual Warfare Series | Day 334 | Apo Dr AS Ranjeet Ophir
wbLfYNf3a7s,channel,20-Feb-2022 | Sunday Service | Second Message | Central Church | Apo Dr A S Ranjeet Ophir
rmHvQiB57C8,channel,మహోన్నతుని విద్యలో మూలపాఠాలు!! | చర్చావేదిక | Ophir Ministries
IoRW_UDVupc,channel,19-Feb-2022 | ACE Sunday School | Ophir Ministries
VwSY00M8WDg,channel,19-Feb-2022 | యిర్మీయాల దండు వస్తోంది!! | Spiritual Warfare Series | Day 333 | Apo Dr Ranjeet Ophir
hR605hVfQZ0,channel,18-Feb-2022 | క్షీరసాగర మధనం | అపో ఓఫీర్ గారితో ప్రశ్నోత్తరి | Ophir Ministries
mbso73XxmN0,channel,18-Feb-2022 | పౌలుకు సహాయకులు....!! | Spiritual Warfare Series | Day 332 | Apo Dr AS Ranjeet Ophir
K1fsafUiUGo,channel,స్వచ్ఛంధ సిలువ బొట్టు ధారణ మహాసభ గ్రాండ్ సక్సెస్ పై దైవజనుల స్పందన!! | Ophir Ministries
ExMyewhhhEs,channel,సాటి సహోదరులైన భారతీయులకు రంజిత్ ఓఫిర్ గారి ప్రేమపూర్వక విజ్ఞప్తి! | Apo Dr A S Ranjeet Ophir
gOiUMy85QSI,channel,భారతీయులు రక్షణ పొందవలెనని ఓఫీర్ గారు చేసిన కన్నీటి ప్రార్థన!! | సిలువ బొట్టు ఉద్యమం | Apo Dr Ophir
TxqTQQ9rHZU,channel,స్వచ్ఛంద సిలువ బొట్టు ధారణ మహసభలో క్రైస్తవుల ప్రతిజ్ఞ!! | సిలువ బొట్టు ఉద్యమం | Ophir Ministries
Eft92iuw79w,channel,15-Feb-2022 | క్రైస్తవ స్వచ్ఛంద సిలువ బొట్టు ధారణ మహాసభ | సిలువ బొట్టు ఉద్యమం | Ophir Ministries
wSx3sbETB6c,channel,15-Feb-2022 | ఓఫీర్ మినిస్ట్రీస్ ఏమి చేస్తోంది?? | Spiritual Warfare Series | Day 331 | Apo Dr Ophir
SR6J0_0S6xo,channel,క్రైస్తవ మతము హిందూ సంస్కృతిని నాశనం చేస్తున్నదా??  | సిలువ బొట్టు ఉద్యమం | Apo Dr A S Ranjeet Ophir
j3muf3elLBY,channel,14-Feb-2022 | దేవుని కోరిక ... భక్తుల విజ్ఞాపన!! | Spiritual Warfare Series | Day 330 | Apo Dr Ophir
5IAvMKYoMlQ,channel,సువార్త ప్రకటనకు ఇతర మతగ్రంథాలు అవసరమా ?? | చర్చావేదిక | Ophir Ministries
fbgXTMEtS4Y,channel,13-Feb-2022 | Sunday Service | Second Message | Central Church | Apo Dr A S Ranjeet Ophir
m8c4bWeX6C8,channel,12-Feb-2022 | ACE Sunday School | Ophir Ministries
FJtfsxa0v-s,channel,12-Feb-2022 | ఆదరణకర్త ఆవశ్యకత!! | Apostle Dr A S Ranjeet Ophir | Audio Messages
PDtWoT9C8ow,channel,11-Feb-2022 | అత్యవసర విజ్ఞానం!! | Apostle Dr A S Ranjeet Ophir | Audio Messages
BeSLvP1YIHA,channel,11-Feb-2022 | సంపూర్ణ రాత్రి ప్రార్థన | Spiritual Warfare Series | Day 329 | Apo Dr AS Ranjeet Ophir
zawV8IKm2VM,channel,నైసియా మహాసభ లాగా సకల డేనామినేషన పెద్దలతో సిద్ధాంత చర్చ చేస్తారా?  | Apo Dr A S Ranjeet Ophir
ggCxdfqgIfA,channel,సిలువ బొట్టు వివాదంపై చర్చకు ఓఫీర్ గారు సిద్ధమేనా? | సిలువ బొట్టు ఉద్యమం | Apo Dr  A S Ranjeet Ophir
a5SfU56I_Mc,channel,అసలైన పౌలు బోధకు C/O రంజిత్ ఓఫీర్ !! |  | సిలువ బొట్టు ఉద్యమం | Apo Dr  A S Ranjeet Ophir
tt1t3rjHq8A,channel,రంజిత్ ఓఫీర్ గారు తనను తాను హెచ్చించుకుంటున్నారా? | సిలువ బొట్టు ఉద్యమం | Apo Dr  A S Ranjeet Ophir
BFPkJzvibHk,channel,సాధుసింగర్ సింగ్ గారి కాషాయ బట్టలు అభ్యంతరం కానప్పుడు బొట్టు ఎందుకు అభ్యంతరం అయింది?? | Apo Dr Ophir
g5eWVrpyGKk,channel,ప్రపంచ వ్యాప్తమవబోతున్న ఓఫీర్ మినిస్ట్రీస్ పరిచర్య! | సిలువ బొట్టు ఉద్యమం | Apo Dr A S Ranjeet Ophir
gFrF7UPK-VA,channel,ప్రపంచ వ్యాప్తంగాక్రైస్తవ సమాజం త్వరలో రెండు ముక్కలు అవబోతుంది! | సిలువ బొట్టు ఉద్యమం | Apo Dr Ophir
C33G0fwSUUA,channel,10-Feb-2022 | సంపూర్ణ రాత్రి ప్రార్థన | Spiritual Warfare Series | Day 328 | Apo Dr AS Ranjeet Ophir
h7qcMhkySy4,channel,10-Feb-2022 | సంపూర్ణ రాత్రి ప్రార్థన | Spiritual Warfare Series | Day 328 | Apo Dr AS Ranjeet Ophir
CYB3Eqw3k9M,channel,09-Feb-2022 | దేవుని వేదన!! | Apostle Dr A S Ranjeet Ophir | Audio Messages
Z29Z2qt7-nE,channel,09-Feb-2022 | సంపూర్ణ రాత్రి ప్రార్థన | Spiritual Warfare Series | Day 327 | Apo Dr AS Ranjeet Ophir
VkqpHc5W8KY,channel,ఏది బైబిల్ చెబుతున్న సువార్త ? | Apo Dr A S Ranjeet Ophir
pZlSrthaxyY,channel,08-Feb-2022 | సంపూర్ణ రాత్రి ప్రార్థన | Spiritual Warfare Series | Day 326 | Apo Dr AS Ranjeet Ophir
KIC7qUTo6ko,channel,స్వచ్ఛంద మతమార్పిడి అనేది న్యాయమే. అది పవిత్రమైన కార్యం..!!
0rqBg0F2enQ,channel,07-Feb-2022 | సంపూర్ణ రాత్రి ప్రార్థన | Spiritual Warfare Series | Day 325 | Apo Dr AS Ranjeet Ophir
LqWx5__QyGw,channel,06-Feb-2022 | Sunday Service | Second Message | Central Church | Apo Dr A S Ranjeet Ophir
d_dhsB6HJ5s,channel,Ophir Ministries - Big Debate
hKCydYUC0_Q,channel,05-Feb-2022 | ACE Sunday School | Ophir Ministries
lquTvzYQ6y8,channel,ఇతర గ్రంథాలలో చాలా క్రీస్తులు ఉన్నారు అంటూ అవహేళన చేస్తున్న వారికి తిరుగులేని జవాబు!!
UKf6OZM7o6Y,channel,05-Feb-2022 | పండుగల పరమార్థం!! | Apostle Dr A S Ranjeet Ophir | Audio Messages
tHXJx02po_k,channel,05-Feb-2022 | సంపూర్ణ రాత్రి ప్రార్థన | Spiritual Warfare Series | Day 324 | Apo Dr AS Ranjeet Ophir
AXF3mbYjepM,channel,04-Feb-2022 | క్షీరసాగర మధనం | అపో ఓఫీర్ గారితో ప్రశ్నోత్తరి | Ophir Ministries
EVHFpbNJigM,channel,04-Feb-2022 | కన్నీటి గాథకు ముగింపు!! | Apostle Dr A S Ranjeet Ophir | Audio Messages
YZx5h7QLKCY,channel,03-Feb-2022 | సంపూర్ణ రాత్రి ప్రార్థన | Spiritual Warfare Series | Day 322 | Apo Dr AS Ranjeet Ophir
ahFIducp6OI,channel,04-Feb-2022 | సంపూర్ణ రాత్రి ప్రార్థన | Spiritual Warfare Series | Day 323 | Apo Dr AS Ranjeet Ophir
JA10nvmNQJw,channel,03-Feb-2022 | సంపూర్ణ రాత్రి ప్రార్థన | Spiritual Warfare Series | Day 322 | Apo Dr AS Ranjeet Ophir
n0DNUTRwCmc,channel,సిలువ యజ్ఞ ఫలితం! (యెషయా 54 వ అధ్యాయము వివరణ) | Short Message | Apo Dr A S Ranjeet Ophir
RydbBYZxESE,channel,సార్వత్రిక సంఘం రెండు గుంపులు కావడం ప్రారంభం అయింది! | Apo Dr A S Ranjeet Ophir
ZmfEh2m1JWI,channel,"ఆత్మీయ గుడ్డితనముతో సత్యమును నమ్మక, సత్యమును ఎదిరిస్తున్న పగడాల! | Apo Dr A S Ranjeet Ophir"
8N4R24dCqxQ,channel,02-Feb-2022 | నిమ్రోదు పుట్టుపూర్వోత్తరాలు!! | Audio Messages | Apostle Dr A S Ranjeet Ophir
ncQsyHxdf4k,channel,02-Feb-2022 | సంపూర్ణ రాత్రి ప్రార్థన | Spiritual Warfare Series | Day 321 | Apo Dr AS Ranjeet Ophir
jq5xPkvhukY,channel,31-Jan-2022 | రాచరికానికి సిద్ధపాటు!! | Apostle Dr A S Ranjeet Ophir | Audio Messages
X5P7GcVzTqk,channel,31-Jan-2022 | సంపూర్ణ రాత్రి ప్రార్థన | Spiritual Warfare Series | Day 320 | Apo Dr AS Ranjeet Ophir
NQ9VK2dz3Jw,channel,30-Jan-2022 | Sunday Service | Second Message | Central Church | Apo Dr A S Ranjeet Ophir
jM886ntC4Ak,channel,29-Jan-22 | శ్రీమతి హెలెన్ మోసెస్ జ్ఞాపకార్థ కూటం | Malakpet | Ophir Ministries
XtfRmWfHNdw,channel,29-Jan-2022 | గమ్యం తెలిసిన తర్కం కావాలి!! | Apostle Dr A S Ranjeet Ophir | Audio Messages
B-JfSc58BWk,channel,29-Jan-2022 | ACE Sunday School | Ophir Ministries
EaER_tC5CaE,channel,16-Jan-2022 | Sunday Service | Second Message | Malkajgiri Church | Apo Dr A S Ranjeet Ophir
9DXvngFANL8,channel,29-Jan-2022 | సంపూర్ణ రాత్రి ప్రార్థన | Spiritual Warfare Series | Day 319 | Apo Dr AS Ranjeet Ophir
Jy7v0qaY2Ec,channel,28-Jan-2022 | యేసుకు గురువులున్నారా?! | Apostle Dr A S Ranjeet Ophir | Audio Messages
aMYhYtuvWEo,channel,28-Jan-2022 | సంపూర్ణ రాత్రి ప్రార్థన | Spiritual Warfare Series | Day 318 | Apo Dr AS Ranjeet Ophir
5uKOrFCBJWg,channel,27-Jan-2022 | రెండు కనానులు!! | Apostle Dr A S Ranjeet Ophir | Audio Messages
4YKEfXvHSAU,channel,Republic Day Celebrations 2022 | Ophir Ministries
BmTVAPvzfP8,channel,26-Jan-2022 | సంపూర్ణ రాత్రి ప్రార్థన | Spiritual Warfare Series | Day 317 | Apo Dr AS Ranjeet Ophir
bfnX32GvKq8,channel,ఓఫీర్ గారు అబద్ధ ప్రవక్త అని దూషించిన మూర్ఖులకు తిరుగులేని సమాధానం!  | Apo Dr A S Ranjeet Ophir
U2p6e_3ELzE,channel,25-Jan-2022 | మనకు జ్ఞానమైయున్న క్రీస్తు!! | Apostle Dr A S Ranjeet Ophir | Audio Messages
duokOLMRJk0,channel,25-Jan-2022 | చేనును మేస్తున్న కంచె...!! | Spiritual Warfare Series | Day 316 | Dr AS Ranjeet Ophir
iT7EQUPvS5g,channel,"""హైందవ క్రైస్తవం"" గ్రంథాన్ని కాల్చే ఉద్యమం చేస్తామనే విషయం మీద ఓఫీర్ గారి  స్పందన"
_sDFbQwzbC8,channel,సిలువ బొట్టు పెట్టుకోవడం అహరోను దూడకు మొక్కటం ఒక్కటేనా?  | సిలువ బొట్టు ఉద్యమం | Dr AS Ranjeet Ophir
bYSo3MhaJC4,channel,సిలువ బొట్టు కాకుండా హిందూ బొట్టు పెట్టుకోండి అనడం సబబా? | సిలువ బొట్టు ఉద్యమం | Dr AS Ranjeet Ophir
bjOUPV-Qtz4,channel,సిలువ బొట్టు విషయంలో ఒక సహోదరుని అభినందన |  సిలువ బొట్టు ఉద్యమం | Dr AS Ranjeet Ophir
rXlXoiSxJ20,channel,సిలువ బొట్టు వలన మత ఘర్షణలు జరుగుతాయా? | సిలువ బొట్టు ఉద్యమం | Dr AS Ranjeet Ophir
gBPQIAI9U2M,channel,సిలువ బొట్టుని గూర్చి  వివరణ ఇచ్చాక కూడా కొందరు ఎందుకు విమర్శలు చేస్తున్నారు? | Dr AS Ranjeet Ophir
paxlQnROxm8,channel,సిలువను గూర్చి ప్రకటించుట ముఖ్యం కానీ   సిలువ బొట్టును గూర్చి ఎందుకు?  | | Dr AS Ranjeet Ophir
_mduPxPt3rY,channel,BJP తో దోస్తీ కోసమే ఈ బొట్టు ఉద్యమమా? | సిలువ బొట్టు ఉద్యమం | Dr AS Ranjeet Ophir
ELfeq17ZpeY,channel,ఓఫీర్ గారు బొట్టు డిబేట్ చేయడానికి సిద్ధమా? | సిలువ బొట్టు ఉద్యమం | Dr AS Ranjeet Ophir
qSV_oI_Q1u4,channel,దేవుణ్ణి ఎవరు సృష్టించారు? | సిలువ బొట్టు ఉద్యమం | Dr AS Ranjeet Ophir
WYTchAgtsUU,channel,ఓఫీర్ గారు సిలువ బొట్టు పెట్టుకోకుండా  దాని గూర్చి ఎందుకు చెబుతున్నారు? | Dr AS Ranjeet Ophir
OgSzPrCa1tI,channel,24-Jan-2022 | నీవు ఎంతైనా నమ్మదగిన వాడవు |  Telugu Christian Song | Apo Dr Ranjeet Ophir
vVoTwpQXPqA,channel,ఎడ్వర్డ్ విలియం గారి మాటలపై ఓఫీర్ గారి స్పందన | సిలువ బొట్టు ఉద్యమం | Dr AS Ranjeet Ophir
TobDuvwzXyY,channel,"పరదైసులో ఉన్న భక్తులు ""నాథా ఎందాక తీర్పు తీర్చక ఉందువు"" అని ఎందుకు అడిగారు? | Dr AS Ranjeet Ophir"
ZK5TacptI68,channel,సిలువ శాపగ్రస్తమైనదైతే సిలువ బొట్టుని ఎందుకు అంగీకరించాలి? | సిలువ బొట్టు ఉద్యమం | Dr Ranjeet Ophir
-eQkOtoHN8M,channel,షాలేం రాజు గారి సంఘం గురించి ఓఫీర్ గారి అభిప్రాయం! | సిలువ బొట్టు ఉద్యమం | Dr AS Ranjeet Ophir
f08e1rA4Wjo,channel,సంక్రాంతి ముగ్గులు కూడా వేసుకోమని చెబుతారా? | సిలువ బొట్టు ఉద్యమం | Apo Dr AS Ranjeet Ophir
Whn6owZxZoE,channel,"భవిష్యత్ లో పిలకా, జంధ్యం కూడా వేసుకోమంటారా?   | సిలువ బొట్టు ఉద్యమం | Dr AS Ranjeet Ophir"
yt3pNd-2QjY,channel,బొట్టు మానేసిన వాళ్ళు మళ్ళీ పెట్టుకోవచ్చా?  | సిలువ బొట్టు ఉద్యమం | Dr AS Ranjeet Ophir
T34f0sSF7Lg,channel,సిలువ బొట్టే బెటర్ అని చెప్పడానికి గల కారణం..? | సిలువ బొట్టు ఉద్యమం | Dr AS Ranjeet Ophir
Rzm-EHTGQ7U,channel,రంజిత్ ఓఫీర్ గారు ఎందుకు సిలువ బొట్టు పెట్టుకోలేదు ??  సిలువ బొట్టు ఉద్యమం | Dr AS Ranjeet Ophir
kbAZ8jjlwkY,channel,సిలువ బొట్టు పెట్టుకొమ్మని అసలు చెప్పింది ఎవరికి? | సిలువ బొట్టు ఉద్యమం | Apo Dr AS Ranjeet Ophir
ThzTiy6OuK8,channel,24-Jan-2022 | నిత్యదేవుని వంశావళి!! | Apostle Dr A S Ranjeet Ophir | Audio Messages
c3KpUhk2H1Y,channel,24-Jan-2022 | సంపూర్ణ రాత్రి ప్రార్థన | Spiritual Warfare Series | Day 315 | Apo Dr AS Ranjeet Ophir
D9HHR7SNztw,channel,23-Jan-2022 | అబద్ధ ప్రవక్త అంటే ఎవరు?? | Sunday Service | Second Message | Apo Dr A S Ranjeet Ophir
mWQqlNi6Sc0,channel,RTF వారితో సిద్ధాంత చర్చకు సిద్ధపడదాం! పాస్టర్ జేమ్స్ జగదీశ్వర్ గారి ప్రేమ పూర్వక పిలుపు!
JtoTKiSCpc0,channel,22-Jan-2022 | ACE Sunday School | Ophir Ministries
KuUgYg4hjvk,channel,22-Jan-2022 | సంపూర్ణ రాత్రి ప్రార్థన | Spiritual Warfare Series | Day 314 | Apo Dr AS Ranjeet Ophir
-OpS7vTaWaU,channel,బొట్టు విషయములో సహో. ఎడ్వర్డ్ కుంటం మిస్ అయిన సింపుల్ లాజిక్ | సిలువ బొట్టు ఉద్యమం | Apo Dr Ophir
SD7wVPTqxeQ,channel,21-Jan-2022 | యేసునామ అంతరార్థం! | Apostle Dr A S Ranjeet Ophir | Audio Messages
wooC4zlcli0,channel,ఇతర సంఘాల వాళ్ళు సిలువ బొట్టు పెట్టుకోవచ్చా?  | సిలువ బొట్టు ఉద్యమం | Apo Dr AS Ranjeet Ophir
4JrIF71hw_U,channel,పెద్ద సంఘాల పాస్టర్లు సిలువ బొట్టుపై స్పందించకపోవడానికి కారణం!! | సిలువ బొట్టు ఉద్యమం | Apo Dr Ophir
qEjMYu4tfTc,channel,సిలువబొట్టు ని ఇతర సేవకులు ప్రతిపాదిస్తే ఇంత రాద్ధాంతం జరిగేదా? | సిలువ బొట్టు ఉద్యమం | Apo Dr Ophir
TxIlqvvJdWI,channel,బొట్టుని ప్రోత్సహించడం విగ్రహారాధన కాదా? | సిలువ బొట్టు ఉద్యమం | Dr AS Ranjeet Ophir
0-DbLi0ZwUM,channel,పురుషులను ఎందుకు సిలువ బొట్టు పెట్టుకోమన్నారు? | సిలువ బొట్టు ఉద్యమం | Dr AS Ranjeet Ophir
huq-nY1mkCk,channel,సిలువ బొట్టు ఉద్యమం సాతాను ప్రేరేపణా ?! | సిలువ బొట్టు ఉద్యమం | Dr AS Ranjeet Ophir
0j9b5EMxCSc,channel,"రంజిత్ ఓఫీర్ గారు ""బేవకూఫ్"" అనడం లేఖనానుసారమేనా?? | సిలువ బొట్టు ఉద్యమం | Dr AS Ranjeet Ophir"
0HpsxtAfmtM,channel,సిలువ బొట్టు పెట్టుకొమ్మని బైబిల్ లో ఉందా? | సిలువ బొట్టు ఉద్యమం | Dr AS Ranjeet Ophir
f2lYPWUOjiQ,channel,20-Jan-2022 | వాక్యానుసార పద్ధతి!! | Apostle Dr A S Ranjeet Ophir | Audio Messages
v7wD_FRyqF0,channel,20-Jan-2022 | సంపూర్ణ రాత్రి ప్రార్థన | Spiritual Warfare Series | Day 313 | Apo Dr AS Ranjeet Ophir
vL93bJDgEKk,channel,ఓఫిర్ గారికి క్షమాపణలు చెప్పిన హైందవ క్రైస్తవం గ్రంథాన్ని కాల్చిన వ్యక్తి !!
xWLObpSujfU,channel,19-Jan-2022 | విశ్వాసి జీవనాధారం!! | Apostle Dr A S Ranjeet Ophir | Audio Messages
7WMR4UNtglc,channel,19-Jan-2022 | సంపూర్ణ రాత్రి ప్రార్థన | Spiritual Warfare Series | Day 312 | Apo Dr AS Ranjeet Ophir
bNaaaif8NvM,channel,సిలువ బొట్టు పెట్టుకోవచ్చు అంటే కొందరు గాయపడుతున్నారా? | సిలువ బొట్టు ఉద్యమం | Dr AS Ranjeet Ophir
5pdN9Qp639o,channel,రెండు వేల సంవత్సరాలనుండి లేని సిలువ బొట్టు ఇప్పుడెందుకు? | సిలువ బొట్టు ఉద్యమం | Dr AS Ranjeet Ophir
mFQjdDsyXcc,channel,సిలువ గుర్తు అనేది ఒక సిద్ధాంతమా?? | సిలువ బొట్టు ఉద్యమం | Apo A S Ranjeet Ophir
e9nKUY8KBi4,channel,సిలువ బొట్టు ఆప్షనల్ అయితే ఉద్యమం ఎందుకు అన్నారు? | సిలువ బొట్టు ఉద్యమం | Apo A S Ranjeet Ophir
wCy8kUeGcas,channel,సిలువ బొట్టు ఉద్యమం ఓఫిర్ గారు ఎందుకు ప్రారంభించారు?? | సిలువ బొట్టు ఉద్యమం | Apo A S Ranjeet Ophir
F620GAN4FJ0,channel,17-Jan-2022 | వాక్యము అంగీకరించినవారు!! | Apostle Dr A S Ranjeet Ophir | Audio Messages
4rdg46Bx9Ow,channel,17-Jan-2022 | ప్రసంగ పీఠిక ప్రక్షాళన!! | Spiritual Warfare Series | Day 311 | Apo AS Ranjeet Ophir
JAivEKFf45E,channel,16-Jan-2022 | Sunday Service | Second Message | Central Church | Apo Dr A S Ranjeet Ophir
4ObijWdM80Q,channel,రంజిత్ ఓఫీర్ గారిని దూషించినందుకు క్షమాపణ చెప్పిన సహో ఎడ్వర్డ్ విలియమ్స్!! | ఆడియో సంభాషణ
c0ksMqYg64Q,channel,15-Jan-2022 | ACE Sunday School | Ophir Ministries
5Yj8MkwzB9w,channel,15-Jan-2022 | Word of God | Bro R John Prakash's Memorial Service | Apo Dr A S Ranjeet Ophir
WXkf0GnKJVA,channel,15-Jan-2022 | యేసు ఎముకలలో ఒక ఎముక!! | Apostle Dr A S Ranjeet Ophir | Audio Messages
R1Br57jOEkk,channel,15-Jan-2022 | పరిశుద్ధ ద్వేషం...!! | Spiritual Warfare Series | Day 310 | Apo Dr AS Ranjeet Ophir
2pZZfGmHQf0,channel,14-Jan-2022 | మూడు నిత్య శక్తులు!! | Apostle Dr A S Ranjeet Ophir | Audio Messages
UPY3A5xbFtI,channel,14-Jan-2022 | సంపూర్ణ రాత్రి ప్రార్థన | Spiritual Warfare Series | Day 309 | Apo Dr AS Ranjeet Ophir
yboPKblZFro,channel,13-Jan-2022 | ముసలి రాజు!! | Apostle Dr A S Ranjeet Ophir | Audio Messages
hkvbcY7CalI,channel,13-Jan-2022 | సంపూర్ణ రాత్రి ప్రార్థన | Spiritual Warfare Series | Day 308 | Apo Dr AS Ranjeet Ophir
WOBMib4Q2Sc,channel,12-Jan-2022 | వ్యర్థమైన దైవ సేవ!! | Apostle Dr A S Ranjeet Ophir | Audio Messages
8WqWNweFHGw,channel,11-Jan-2022 | పరమ గురుని బోధ!! | Apostle Dr A S Ranjeet Ophir | Audio Messages
YwFtiq_oi-w,channel,11-Jan-2022 | సంపూర్ణ రాత్రి ప్రార్థన | Spiritual Warfare Series | Day 307 | Apo Dr AS Ranjeet Ophir
6EtWzgTEXHU,channel,10-Jan-2022 | OMI Pastors & Leaders Conference | Apostle Dr Ranjeet Ophir
k_OemN6z92s,channel,10-Jan-2022 | మతిమరుపు ప్రమాదం!! | Apostle Dr A S Ranjeet Ophir | Audio Messages
HQWHdxSsk2A,channel,10-Jan-2022 | సంపూర్ణ రాత్రి ప్రార్థన | Spiritual Warfare Series | Day 306 | Apo Dr AS Ranjeet Ophir
XmDpOi9sR7M,channel,అపొ డా A S రంజిత్ ఓఫీర్ గారు ప్రతిపాదించిన సిలువ బొట్టుఉద్యమమును వ్యతిరేకిస్తున్న మూర్ఖులకు సమాధానము
JWZH-WXgQR8,channel,09-Jan-2022 | Sunday Service | Second Message | Central Church | Apo Dr A S Ranjeet Ophir
WYo2NzoBPk8,channel,"క్రైస్తవ స్త్రీలు బొట్టు పెట్టుకుంటే తప్పు కాదంటున్న పాస్టర్లు! | S Paul, VPR, S Raj, S kumar, Ophir"
CJaeW27HDnc,channel,09-Jan-2021 | బొట్టుపెట్టుకోవాలని బైబిల్లో ఎక్కడుంది?? | Bottu Udyamam | Apo Dr AS Ranjeet Ophir
JQQ6ga9jNvI,channel,08-Jan-2022 | ACE Sunday School | Ophir Ministries
HX_BQJSZ2zc,channel,08-Jan-2022 | వెలుగు కండి - వేరు కండి!! | Apostle Dr A S Ranjeet Ophir | Audio Messages
lnQOPOkssd8,channel,06-Jan-2022 | దేవుని కృపకు యోగ్యులు!! | గీతాలాపన మరియు వాక్యోపదేశం | Apostle Dr A S Ranjeet Ophir
izhoKFvCyFc,channel,07-Jan-2022 | విశ్వాసి ప్రధాన లక్షణం!! | Apostle Dr A S Ranjeet Ophir | Audio Messages
AdfLtK5Tmew,channel,07-Jan-2022 | ప్రార్థన వెనుక అసలైన ఉద్దేశ్యం!! | Spiritual Warfare Series | Day 305 | Dr Ophir
pKm7FngBWps,channel,06-Jan-2022 | ప్రవక్తలు ఉన్నారా?? | Apostle Dr A S Ranjeet Ophir | Audio Messages
hnaNkBE8UB8,channel,06-Jan-2022 | సంపూర్ణ రాత్రి ప్రార్థన | Spiritual Warfare Series | Day 304 | Apo Dr AS Ranjeet Ophir
jRzuwr8PdvY,channel,"""మనుషులను పట్టు జాలరి"" కావాలనుకుంటున్నారా..?? |  Short Messages | Apo Dr A S Ranjeet Ophir"
y8TotteIQAA,channel,తండ్రి సన్నిధి షాలేంరాజు గారితో ఏకీభవించిన ఓఫీర్ గారు |  Short Messages | Apo Dr A S Ranjeet Ophir
M_F_9gsN9gU,channel,రంజిత్ ఓఫీర్ గారిని గూర్చి Ex.CM బూర్గుల రామకృష్ణారావు గారి మేనల్లుడు చెప్పిన సాక్ష్యం!!
e40siyYmuu8,channel,"""ప్రపంచాన్ని యేసువైపుకు మీరు ఆకర్షించాలంటే..."" | Short Messages | Apo Dr A S Ranjeet Ophir"
7Dsb0G7qC5I,channel,క్రైస్తవులారా..! ఎప్పుడూ నవ్వుతూ ఉండండి!! |  Short Messages | Apo Dr A S Ranjeet Ophir
im_uORuPEo8,channel,04-Jan-2022 | వ్యర్థము కాని ప్రయాస!! | Apostle Dr A S Ranjeet Ophir | Audio Messages
xDJnaPmUv0s,channel,03-Jan-2022 | సంస్కరణ కారణం!! | Apostle Dr A S Ranjeet Ophir | Audio Messages
pH308s7_P8k,channel,02-Jan-2022 | ACE Sunday School | Ophir Ministries
nEEmV0GDmCY,channel,"02-Jan-2022 | ఆ ""బండ"" ఓఫీరిస్టుల జన్మస్థానం..!! | Sunday Service | Second Message | Dr Ranjeet Ophir"
WfvCZ-aDi3s,channel,01-Jan-2022 | మందులు కాకుండుడి...!! | New Year Service 2022 | Second Message | Dr A S Ranjeet Ophir
yR8em0SM3S4,channel,01-Jan-2022 | దేవుని విశ్వసనీయత | New Year Service 2022 | First Message | Apo Dr A S Ranjeet Ophir
uh1nfHo6x20,channel,01-Jan-2022 | సత్యసంబంధులకు నూతన సంవత్సర వాగ్దానం 2022 | Midnight New Year Service 2022 | Dr Ophir
-CFPhVo_PHA,channel,31-Dec-2021 | మనలను ఎత్తుకొన్న దేవుడు | Watch Night Service 2021 | Apo Dr A S Ranjeet Ophir
sSLQIVpQA6c,channel,31-Dec-2021 | Watch Night Service 2021 | Central Church | Praise & Worship
5FnUACAtma8,channel,31-Dec-2021 | శపితమైన అంజూరపు చెట్టు!! | Apostle Dr A S Ranjeet Ophir | Audio Messages
d94nCjPrzw4,channel,31-Dec-2021 | సంపూర్ణ రాత్రి ప్రార్థన | Spiritual Warfare Series | Day 303 | Apo Dr AS Ranjeet Ophir
x5eXvnXxgVM,channel,30-Dec-2021 | వాగ్దాన భూమిలో సంచరిద్దాం!! | Spiritual Warfare Series | Day 302 | Dr AS Ranjeet Ophir
2YG72uRKKUM,channel,"""నూరంతలుగా ఫలించాలనుకునేవారు ఓఫీర్ మినిస్ట్రీస్ ఛానల్ కు సబ్స్క్రయిబ్ చేస్తారు"" |  సహో షాలేం గారు"
GZGeO-a1h5s,channel,29-Dec-2021 | విశ్వాసి యెక్క విద్యార్థి దశ!! | Apostle Dr A S Ranjeet Ophir | Audio Messages
tk5rHaHOGvU,channel,29-Dec-2021 | భక్తులవైపు తిరుగుతున్న దేవుడు!! | Spiritual Warfare Series | Day 301 | Dr Ophir
oFX3Q-t8PKQ,channel,28-Dec-2021 | విశ్వాసి పక్షమున పోరాటం!! | Apostle Dr A S Ranjeet Ophir | Audio Messages
-SeqWc4BnZ8,channel,27-Dec-2021 | విశ్వాసమే విజయం!! | Apostle Dr A S Ranjeet Ophir | Audio Messages
Q1Xy_ABcWnA,channel,27-Dec-2021 | నిర్హేతుక ద్వేషాన్ని నరికేద్దాం!! | Spiritual Warfare Series | Day 300 | Dr AS Ophir
h-aK0SokSJI,channel,27-Dec-2021 | సంపూర్ణ రాత్రి ప్రార్థన | Spiritual Warfare Series | Day 300 | Apo Dr AS Ranjeet Ophir
jYda0noMcFw,channel,26-Dec-2021 | మన అంతిమ గీతం విజయగీతమే!! | Sunday Service | Second Message | Apo Dr Ranjeet Ophir
7dElyPxdrr4,channel,26-Dec-2021 |  Sunday Service | Central Church | Apo Dr Ranjeet Ophir
u-dFpi_wmik,channel,26-Dec-2021 |  Sunday Service | Central Church | Apo Dr Ranjeet Ophir
zjMM01mX1-c,channel,26-Dec-2021 |  Sunday Service | Central Church | Apo Dr Ranjeet Ophir
cMlWY0DdRYw,channel,25-Dec-2021 |  Christmas Celebrations | Central Church | Apo Dr Ranjeet Ophir
kUNRxy_OvfM,channel,25-Dec-2021 |  Christmas Celebrations | Central Church | Apo Dr Ranjeet Ophir
BSid1d42QsM,channel,25-Dec-2021 | అసలైన క్రిస్మస్!! | Midnight Christmas Service 2021 | Apo Dr Ranjeet Ophir
vH8qdm5ppHE,channel,ACE ZOOM Christmas Sunday School 2021
iEJvIDomDo4,channel,24-Dec-2021 | రాళ్ళ కుప్ప!! | Apostle Dr A S Ranjeet Ophir | Audio Messages
WUabnm1IVAs,channel,23-Dec-2021 | మౌనమే నేరమా?? | Apostle Dr A S Ranjeet Ophir | Audio Messages
VU9Ayf8faDE,channel,23-Dec-2021 | అద్భుతాలను మించిన మహాద్భుతం!! | Spiritual Warfare Series | Day 298 | Dr Ranjeet Ophir
JG_0eVmXbzk,channel,22-Dec-2021 | ముసుగు తియ్యండి!! | Apostle Dr A S Ranjeet Ophir | Audio Messages
6CRsF-LVj_I,channel,21-Dec-2021 | మార్పే నూతనత్వం!! | Apostle Dr A S Ranjeet Ophir | Audio Messages
a3QvGb43Z08,channel,20-Dec-2021 | పేర్లు పెట్టువాడు!! | Apostle Dr A S Ranjeet Ophir | Audio Messages
Yx7Tk143qAI,channel,18-Dec-2021 | ACE Sunday School | Ophir Ministries
XrVLi3y-BEo,channel,18-Dec-2021 | నాదశరీరుని అర్థాంగి జగజ్జనని!! | Apostle Dr A S Ranjeet Ophir | Audio Messages
-HDSAgXNnQw,channel,11-Dec-2021 | ఆది లేని వ్యక్తికి జన్మదినమా?! | Christmas Celebrations | Kothakota | Dr Ranjeet Ophir
7DeGOHuZXHY,channel,17-Dec-2021 | సుళువైన కాడి!! | Apostle Dr A S Ranjeet Ophir | Audio Messages
izZToZNtgRI,channel,16-Dec-2021 | Madhurya Birthday Celebrations | Central Church | Apo Dr AS Ranjeet Ophir
F3GItOQtGnY,channel,16-Dec-2021 | ప్రేమ జ్వాలలు!! | Apostle Dr A S Ranjeet Ophir | Audio Messages
RFd4Zs2mX-Y,channel,రావోయి భారతీయ!! | Raavoyi Bharatheeya!! | కొత్తపల్లి వెంకయ్య గారి సాక్ష్య గీతం | Ranjeet Ophir Songs
f3HhDwm-ooM,channel,15-Dec-2021 | ఉత్పత్తి కారణం?! | Apostle Dr A S Ranjeet Ophir | Audio Messages
xLsZg8nMiZI,channel,15-Dec-2021 | సంపూర్ణ రాత్రి ప్రార్థన | Spiritual Warfare Series | Day 297 | Apo Dr AS Ranjeet Ophir
U0Hrelh8oQU,channel,14-Dec-2021 | పసిపిల్లలు కండి! | Apostle Dr A S Ranjeet Ophir | Audio Messages
zNDzRXT-mYY,channel,చేయవే యుద్ధము!! | Cheyave Yuddhamu!! | Lyrics by Rev K V Joseph garu | Ranjeet Ophir Songs
64aY73H3SUU,channel,13-Dec-2021 | పరిపూర్ణత ఎందుకు? | Apostle Dr A S Ranjeet Ophir | Audio Messages
IUHifnHB62I,channel,12-Dec-2021 | Ordination Ceremony | Central Church | Ophir Ministries
V0eQaw5Prcc,channel,11-Dec-2021 | Christmas Celebrations | AFGC Kothakota | Apo Dr A S Ranjeet Ophir
n9EYNM0g8JA,channel,11-Dec-2021 | Christmas Celebrations | AFGC Kothakota | Apo Dr A S Ranjeet Ophir
1Sb8zuYMq5c,channel,11-Dec-2021 | Christmas Celebrations | AFGC Kothakota | Apo Dr A S Ranjeet Ophir
5nLuDoZUrIg,channel,11-Dec-2021 | ACE Sunday School | Ophir Ministries
Di0UM6_X11o,channel,11-Dec-2021 | నీ అడుగుల లెక్క!! | Apostle Dr A S Ranjeet Ophir | Audio Messages
kZtkP9q6xwg,channel,10-Dec-2021 | తెలివైన త్యాగం!! | Apostle Dr A S Ranjeet Ophir | Audio Messages
TJk45RvjcyM,channel,10-Dec-2021 | సంపూర్ణ రాత్రి ప్రార్థన | Spiritual Warfare Series | Day 296 | Apo Dr AS Ranjeet Ophir
0txhfi3yli0,channel,09-Dec-2021 | తీర్పు సిద్ధపాటు!! | Apostle Dr A S Ranjeet Ophir | Audio Messages
AjNgvRDq8CQ,channel,09-Dec-2021 | సంపూర్ణ రాత్రి ప్రార్థన | Spiritual Warfare Series | Day 295 | Apo Dr AS Ranjeet Ophir
R9lRe6w7B6k,channel,08-Dec-2021 | తప్పిపోయిన గొర్రె ప్రార్థన!! | Apostle Dr A S Ranjeet Ophir | Audio Messages
DTAK9NwekgU,channel,08-Dec-2021 | సంపూర్ణ రాత్రి ప్రార్థన | Spiritual Warfare Series | Day 294 | Apo Dr AS Ranjeet Ophir
5gFwqKhDRkI,channel,07-Dec-2021 | జాగ్రత్త!! | Apostle Dr A S Ranjeet Ophir | Audio Messages
k73egBUv9r8,channel,07-Dec-2021 | భయపడటమే మహాపాపం....!! | Spiritual Warfare Series | Day 293 | Apo Dr AS Ranjeet Ophir
cQhRfKpHyPA,channel,06-Dec-2021 | వివేకము కలిగిన సైనికులు!! | Spiritual Warfare Series | Day 292 | Apo Dr Ranjeet Ophir
_9HOeJbq5B8,channel,05-Dec-2021 | దేవుణ్ణి రుచి చూద్దాం!! | Sunday Service | Second Message | Apo Dr A S Ranjeet Ophir
S1zEPWXdIPE,channel,05-Dec-2021 | Sunday Service | Second Message | Central Church | Apo Dr A S Ranjeet Ophir
gnKoGpKZEPs,channel,05-Dec-2021 | Sunday Service | Second Message | Central Church | Apo Dr A S Ranjeet Ophir
gfmIMfkGMMk,channel,05-Dec-2021 | అగాపే సంఘాలు అవసరమా?? | Inaugural Church Service | AFGC Alwal | Apo Dr Ranjeet Ophir
-zoiolw6Gec,channel,04-Dec-2021 | ACE Sunday School | Ophir Ministries
9D4UN4BflgE,channel,స్తుతి పలికించుమయా!! | Sthuthi Palikinchumaya!!| Telugu Christian Song | Apo Dr A S Ranjeet Ophir
_tlSJIHf6iE,channel,04-Dec-2021 | సంపూర్ణ రాత్రి ప్రార్థన | Spiritual Warfare Series | Day 291 | Apo Dr AS Ranjeet Ophir
awgy3jottlQ,channel,03-Dec-2021 | సంపూర్ణ రాత్రి ప్రార్థన | Spiritual Warfare Series | Day 290 | Apo Dr AS Ranjeet Ophir
2PodL9i4czQ,channel,03-Dec-2021 | లోపించిన అత్యవసర సుగుణం!! | Apostle Dr A S Ranjeet Ophir | Audio Messages
8vBuIvCovGM,channel,03-Dec-2021 | సంపూర్ణ రాత్రి ప్రార్థన | Spiritual Warfare Series | Day 290 | Apo Dr AS Ranjeet Ophir
sgxxM_GKsr4,channel,01-Dec-2021 | యేసు చర్యలకు కారణమైన మహాశక్తి !! | Short Messages | Apo Dr A S Ranjeet Ophir
1JkcuWGXEh0,channel,02-Dec-2021 | కీ || శే || యాదాలా పద్మమ్మ జయంతి వేడుక | Sreedha Homes | Apo Dr A S Ranjeet Ophir
D3gPYdguIZg,channel,01-Dec-2021 | ఘనులైన విశ్వాసులు!! | Short Message | Apo Dr A S Ranjeet Ophir
sVQgADCc8LI,channel,02-Dec-2021 | కీ || శే || యాదాలా పద్మమ్మ జయంతి వేడుక | Sreedha Homes | Apo Dr A S Ranjeet Ophir
kx4nObZpOB4,channel,01-Dec-2021 | నమ్ముటకు నీకు చేతనైతే!! | Short Message | Apo Dr A S Ranjeet Ophir
ymIbS5hSbIc,channel,దేవుని రాతను కూడా మార్చే విశ్వాస సహితమైన ప్రార్థన!! | Short Message | Apo Dr A S Ranjeet Ophir
jcWvZWwJvoA,channel,02-Dec-2021 | ఏది పర్ణశాలల పండుగ? | Apostle Dr A S Ranjeet Ophir | Audio Messages
rFrofkRRckI,channel,"01-Dec-2021 | Christmas Message | Gopalpet, Wanaparthy, TS | Apo Dr A S Ranjeet Ophir"
j-J7FIC7gaM,channel,"01-Dec-2021 | Christmas Celebrations | Gopalpet, Wanaparthy Dist | Ophir Ministries"
K9AxcYjps9k,channel,"01-Dec-2021 | దేవుని కృప ఎవరికి చాలును?? | Pastors Conference | Gopalpet, Wanaparthy, TS | Dr Ophir"
0rZWmjVWDMA,channel,01-Dec-2021 | దేవుని యాకోబులు !! | Spiritual Warfare Series | Day 289 | Apo Dr AS Ranjeet Ophir
lEJDiDaJxbE,channel,01-Dec-2021 | కృపాకాలమా దేవుడు విడిచిపెట్టిన కాలమా! | Apostle Dr A S Ranjeet Ophir | Audio Messages
HXSRkqE2HrE,channel,అపవాదిని జయించాలంటే క్రైస్తవుడికి ఉండాల్సిన సాక్ష్యం! | Short Message | Apostle Dr A S Ranjeet Ophir
hz4JPH8h5ow,channel,మోషే శరీరమును గూర్చి తర్కం ఎందుకు జరిగింది? | QA_000382 | Short Answer | Apostle Dr AS Ranjeet Ophir
XPtaq5x99KA,channel,30-Nov-2021 | ప్రార్థన మానకండి! -- ప్రార్థన మానుట పాపము!! | Short Message | Apo Dr A S Ranjeet Ophir
gJ9tf9_HCv0,channel,30-Nov-2021 | రూపాంతరం పొందాలంటే? | Short Messages | Apo Dr A S Ranjeet Ophir
PHnN0pDqI0w,channel,30-Nov-2021 | కృపాజ్యోతులు! | Apostle Dr A S Ranjeet Ophir | Audio Messages
ZvS4_fYhQqc,channel,30-Nov-2021 | మన నిరీక్షణే ప్రార్థనకు బలం !! | Spiritual Warfare Series | Day 288 | Dr Ranjeet Ophir
G4iPFXv6L-g,channel,నీ ప్రార్థనలో నీవు తప్పకుండా జవాబు పొందాలంటే?? | Short Messages | Apo Dr A S Ranjeet Ophir
Ll8ZuzcHfZE,channel,లేఖనాలు నమ్మేవాడు!.. స్థిరంగా నమ్మవలసిన రెండు విషయాలు!! |  Short Messages | Apo Dr A S Ranjeet Ophir
NqZRByNaJSs,channel,29-Nov-2021 | ఇంగితం చెప్పిన సువార్త!! | Apostle Dr A S Ranjeet Ophir | Audio Messages
OXLmm58qUlE,channel,29-Nov-2021 | చింత అవసరం లేదు!! | Spiritual Warfare Series | Day 287 | Apostle Dr AS Ranjeet Ophir
mgxmmN2Qdj4,channel,28-Nov-2021 | దేవుని దృష్టిలో మనం!! | Sunday Service | First Message | AFGC Malkajgiri | Dr Ophir
kQHlTEi3vkI,channel,28-Nov-2021 | దేవుని సింహాసన రహస్యం !! | Sunday Service | Second Message | Apo Dr A S Ranjeet Ophir
42TVEvhs02k,channel,27-Nov-2021 | ACE Sunday School | Ophir Ministries
uxhDFBfzcDM,channel,25-Nov-2021 | నడక నేర్పుతున్న దేవుడు!! | Women's Fellowship | Apo Dr A S Ranjeet Ophir
s31k_8nOKc4,channel,27-Nov-2021 | దేవుని పద్మము! | Apostle Dr A S Ranjeet Ophir | Audio Messages
n2SVBVlQDBo,channel,27-Nov-2021 | సంపూర్ణ రాత్రి ప్రార్థన | Spiritual Warfare Series | Day 286 | Apo Dr AS Ranjeet Ophir
6WzE1Ye4N_U,channel,26-Nov-2021 | దేవుడనుగ్రహించు విశ్రాంతి! | Apostle Dr A S Ranjeet Ophir | Audio Messages
Dew3akAYLv4,channel,26-Nov-2021 | సంపూర్ణ రాత్రి ప్రార్థన | Spiritual Warfare Series | Day 285 | Apo Dr AS Ranjeet Ophir
FRgtZVw5qZE,channel,25-Nov-2021 | దైవసన్నిధికి వెళ్ళవలసిన విధానం! | Apostle Dr A S Ranjeet Ophir | Audio Messages
yf90qd5yO_A,channel,25-Nov-2021 | ప్రార్థనవీరుల కవిలెలో..... | Spiritual Warfare Series | Day 284 | Dr AS Ranjeet Ophir
NBuEM2nsEZM,channel,24-Nov-2021 | దేవుని సేవలో మానవ సంపూర్ణత !! | Ophir Ministries Outreach Prayer | Dr AS Ranjeet Ophir
Snrg90gHWVs,channel,24-Nov-2021 | దైవ సన్నిధానమునకు!!! | Apostle Dr A S Ranjeet Ophir | Audio Messages
7UVNfAJBEVw,channel,23-Nov-2021 | భ్రష్టత్వానికి కారణం!! | Apostle Dr A S Ranjeet Ophir | Audio Messages
yzUACtmrfNg,channel,23-Nov-2021 | బహుగా ఫలించగోరుతున్నారా?? | Spiritual Warfare Series | Day 282 | Dr AS Ranjeet Ophir
QyCTqSyXzo4,channel,22-Nov-2021 | అసమయమందు! | Apostle Dr A S Ranjeet Ophir | Audio Messages
OtIi9foV_9I,channel,22-Nov-2021 | అడుగుట + ఊహించుట = ప్రార్థించుట !! | Spiritual Warfare Series | Day 281 | Apo Dr Ophir
CaTOdohW0s8,channel,20-Nov-2021 | ACE Sunday School | Ophir Ministries
AsKVtwtc6MQ,channel,20-Nov-2021 | భయపడుతున్న ఆదిసర్పం! | Spiritual Warfare Series | Day 280 | Apo Dr AS Ranjeet Ophir
tqqeDIXQhUQ,channel,19-Nov-2021 | అర్హమైన పాత్ర!! | Apostle Dr A S Ranjeet Ophir | Audio Messages
0P2TvFaWWVc,channel,19-Nov-2021 | ప్రయోజనకరమైన ఏకైక ప్రయాస!! | Spiritual Warfare Series | Day 279 | Dr AS Ranjeet Ophir
gJ3oH6OHSlc,channel,18-Nov-2021 | అన్యాయమైన అపనమ్మిక!! | Apostle Dr A S Ranjeet Ophir | Audio Messages
1uC3nL3Nt0U,channel,18-Nov-2021 | విశ్వచక్రవర్తికి కావలసిన వజ్రాలు! | Spiritual Warfare Series | Day 278 | Apo Dr Ophir
k0GoBj18dtY,channel,17-Nov-2021 | అనుకోని పరీక్షలు!! | Apostle Dr A S Ranjeet Ophir | Audio Messages
1W0LFyyIBqU,channel,17-Nov-2021 | గొప్పకార్యాల కోసం ప్రార్థిద్దాం | Spiritual Warfare Series | Day 277 | Dr Ophir
_2O4KVaiy6s,channel,16-Nov-2021 | అంత్యకాలపు యిర్మీయా!! | Apostle Dr A S Ranjeet Ophir | Audio Messages
zeumXYgUCnM,channel,15-Nov-2021 | అగ్ని పరీక్ష!! | Apostle Dr A S Ranjeet Ophir | Audio Messages
GWuVvIEdW2k,channel,07-Nov-2021 | Sunday Service | First Message | Central Church | Apo Dr A S Ranjeet Ophir
74xyXEG7pZs,channel,13-Nov-2021 | ACE Sunday School | Ophir Ministries
yIYMvzseG4w,channel,13-Nov-2021 | అచంచల క్రైస్తవం!! | Apostle Dr A S Ranjeet Ophir | Audio Messages
e8qgobhvBQ8,channel,13-Nov-2021 | సంపూర్ణ రాత్రి ప్రార్థన | Spiritual Warfare Series | Day 276 | Apo Dr AS Ranjeet Ophir
aGll3ZSdY60,channel,12-Nov-2021 | ఆత్మఫలం! | Apostle Dr A S Ranjeet Ophir | Audio Messages
gWcg-3GCK2M,channel,12-Nov-2021 | ఏనుగుల దండుపై దండెత్తిన చీమలు! | Spiritual Warfare Series | Day 275 | Dr Ranjeet Ophir
gw1TK98c6I4,channel,11-Nov-2021 | ఆనంద క్రైస్తవం ! | Apostle Dr A S Ranjeet Ophir | Audio Messages
t8XtuZeqtBk,channel,11-Nov-2021 | ఆనంద రహస్యం!! | Spiritual Warfare Series | Day 274 | Apo Dr AS Ranjeet Ophir
kParr8_QeaI,channel,10-Nov-2021 | దావీదు మొర! | Apostle Dr A S Ranjeet Ophir | Audio Messages
EFP1S7V6fQk,channel,10-Nov-2021 | దీర్ఘాయువులో తృప్తి...! | Spiritual Warfare Series | Day 273 | Apo Dr AS Ranjeet Ophir
Z-59ZfnDvdk,channel,08-Nov-2021 | జరగబోతున్న శూరకార్యాలు!! | Spiritual Warfare Series | Day 271 | Dr AS Ranjeet Ophir
apyVqhHX_Os,channel,09-Nov-2021 | దేవుడు ప్రతిష్టించిన మార్గములు ! | Apostle Dr A S Ranjeet Ophir | Audio Messages
fzlYZgfLbfg,channel,09-Nov-2021 | సంపూర్ణ రాత్రి ప్రార్థన | Spiritual Warfare Series | Day 272 | Apo Dr AS Ranjeet Ophir
ovw5z5InV3A,channel,07-Nov-2021 | Sunday Service | Second Message | Central Church | Apo Dr A S Ranjeet Ophir
tla0-kKZC-U,channel,07-Nov-2021 | Sunday Service | First Message | Central Church | Apo Dr A S Ranjeet Ophir
-p2kSzNHrt8,channel,07-Nov-2021 | Sunday Service | First Message | Central Church | Apo Dr A S Ranjeet Ophir
ks35oBzDHMk,channel,07-Nov-2021 | సంపూర్ణ రాత్రి ప్రార్థన | Spiritual Warfare Series | Day 270 | Apo Dr AS Ranjeet Ophir
HAoKJ_1B_5Y,channel,06-Nov-2021 | ACE Sunday School | Ophir Ministries
kaeLy1PA2ls,channel,"""నేను ప్రాక్టికల్ క్రిస్టియన్ అంబేద్కరిస్ట్"" - డా ఓఫీర్ గారు!!  Short Messages |"
NFOn_60baqw,channel,ఎల్ట్రానిక్ ఓటింగ్ మిషన్స్ ద్వారా ఎన్నికలు నిర్వహించడం పెద్ద కుట్ర!! | Apostle Dr A S Ranjeet Ophir
7Ug0b4cqcI0,channel,క్రైస్తవులపై జరుగుతున్న దాడులకు  ఏకైక స్పష్టమైన పరిష్కారం! |  Short Messages |  Dr A S Ranjeet Ophir
OLMfgkWL6t4,channel,06-Nov-2021 | యుద్ధం అనివార్యం!! | Spiritual Warfare Series | Day 269 | Apo Dr AS Ranjeet Ophir
b9Mk9miArws,channel,05-Nov-2021 | రొదేలను తయారుచేద్దాం! | ACE Teachers & Volunteers Meeting | Apo Dr AS Ranjeet Ophir
yoZuv-pbKGM,channel,వేద పుస్తకమా!! | Veda Pustakamaa!! | Ranjeet Ophir Songs
GVx2Z9uSjUU,channel,05-Nov-2021 | రాత్రివేళ దేవుని విశ్వాస్యత!! | Spiritual Warfare Series | Day 268 | Dr Ranjeet Ophir
5wB07naKHjY,channel,04-Nov-2021 | అద్భుతాలకు నిర్ణయకాలం !! | Fasting Day | Afternoon Session | Apo Dr AS Ranjeet Ophir
dJ600aR7C9c,channel,04-Nov-2021 | నమ్మువానికి సమస్తమూ సాధ్యమే!! | Fasting Day | Morning Session | Dr AS Ranjeet Ophir
I5i5cJJIcxs,channel,03-Nov-2021 | సంపూర్ణ రాత్రి ప్రార్థన | Spiritual Warfare Series | Day 267 | Apo Dr AS Ranjeet Ophir
OFAWvQmgRio,channel,క్రైస్తవ అవధాన్లు!! | Short Messages | Apostle Dr A S Ranjeet Ophir
l3wD5WOG7fo,channel,02-Nov-2021 | విశ్వాసమెందుకు?? | Spiritual Warfare Series | Day 266 | Apo Dr AS Ranjeet Ophir
qmHEHc62MF0,channel,01-Nov-2021 | సంపూర్ణ రాత్రి ప్రార్థన | Spiritual Warfare Series | Day 265 | Apo Dr AS Ranjeet Ophir
HitvMJDB3uo,channel,31-Oct-2021 | ఫలించని విత్తనాలు?! | Sunday Service | Second Message | Apo Dr A S Ranjeet Ophir
2F-VVD0EDrM,channel,31-Oct-2021 | Sunday Service | Second Message | Central Church | Apo Dr A S Ranjeet Ophir
_ZHY4X3Yr2g,channel,రాజకీయ లబ్దికే భారత మాత సృష్టి!! Short Messages | Apostle Dr A S Ranjeet Ophir
GazAVnc0-Eo,channel,30-Oct-2021 | సంపూర్ణ రాత్రి ప్రార్థన | Spiritual Warfare Series | Day 264 | Apo Dr AS Ranjeet Ophir
zqYWe4w_Pa4,channel,29-Oct-2021 | సంపూర్ణ రాత్రి ప్రార్థన | Spiritual Warfare Series | Day 263 | Apo Dr AS Ranjeet Ophir
6PzqKFjlJcM,channel,28-Oct-2021 | యెహోవా ఎవరికి కాపరి?? | House Warming Ceremony | Anakapalle | Apo Dr AS Ranjeet Ophir
83_fCPeL6d0,channel,28-Oct-2021 | సంపూర్ణ రాత్రి ప్రార్థన | Spiritual Warfare Series | Day 262 | Apo Dr AS Ranjeet Ophir
XuRWMaZKtkI,channel,"27-Oct-2021 | క్రీస్తు సువార్త సభలు  2nd Day  ,మెట్టవలస , శ్రీకాకుళం జిల్లా | Apo  AS Ranjeet Ophir"
bq_-K4H-Nrs,channel,"27-Oct-2021 | క్రీస్తు సువార్త సభలు  2nd Day  ,మెట్టవలస , శ్రీకాకుళం జిల్లా | Apo  AS Ranjeet Ophir"
sWYOw-8bnjo,channel,"27-Oct-2021 | ఆభిషిక్త  దైవజనుల సదస్సు  ,మెట్టవలస , శ్రీకాకుళం జిల్లా | Apo Dr AS Ranjeet Ophir"
wQiblKQBhXw,channel,"26-Oct-2021 |  క్రీస్తు సువార్త మహాసభలు ,మెట్టవలస , శ్రీకాకుళం జిల్లా  | Apo Dr AS Ranjeet Ophir"
fL-4LHbem24,channel,"26-Oct-2021 |  క్రీస్తు సువార్త మహాసభలు ,మెట్టవలస , శ్రీకాకుళం జిల్లా  | Apo Dr AS Ranjeet Ophir"
6BCV_5Fxv3c,channel,"26-Oct-2021 | మెట్టవలస , శ్రీకాకుళం జిల్లా  | Apo Dr AS Ranjeet Ophir"
4FCXMoqlkGo,channel,"26-Oct-2021 | మెట్టవలస , శ్రీకాకుళం జిల్లా  | Apo Dr AS Ranjeet Ophir"
DAS5DSdtRso,channel,26-Oct-2021 | సంపూర్ణ రాత్రి ప్రార్థన | Spiritual Warfare Series | Day 261 | Apo Dr AS Ranjeet Ophir
5PozBudUkpg,channel,25-Oct-2021 | గొప్పభక్తులలో గొప్పచీకటి...!! | Spiritual Warfare Series | Day 260 | Dr Ranjeet Ophir
cOTIB33wxnU,channel,24-Oct-2021 | అసలైన యోగ్యత!! |   Sunday Service | Second Message | Apo Dr A S Ranjeet Ophir
VNNLatiWJR8,channel,24-Oct-2021 | దేవుని గూర్చిన మనోచిత్రం!! | Sunday Service | First Message | Apo Dr A S Ranjeet Ophir
17RJlK0ehVk,channel,23-Oct-2021 | ACE Sunday School | Ophir Ministries
ZTcyomB84yc,channel,23-Oct-2021 | సంపూర్ణ రాత్రి ప్రార్థన | Spiritual Warfare Series | Day 259 | Apo Dr AS Ranjeet Ophir
zWEAbQhO2wQ,channel,22-Oct-2021 | విచారణ చేస్తేనే విజ్ఞాపన చేయగలం! | Spiritual Warfare Series | Day 258 | Apo Dr Ophir
e1l2yr936KU,channel,మతోన్మాదానికి ఖచ్చితమైన పరిష్కారం!!  | Ranjeet Ophir Shorts | Ophir Ministries
4BqzNWOUMfc,channel,క్రైస్తవులపై దాడులు ఆగాలంటే.... | Ranjeet Ophir Shorts | Ophir Ministries
BQtXTOOgDtY,channel,క్రైస్తవులు దేని కోసం ఐక్యం కావాలి?? | Ranjeet Ophir Shorts | Ophir Ministries
hOPZ6iCJcgY,channel,క్రైస్తవులు చేస్తున్న దిద్దుకోలేని పొరపాటు!! | Ranjeet Ophir Shorts | Ophir Ministries
kyewJRzrylc,channel,21-Oct-2021 | సాతానుకు ముంచుకొస్తున్న నాశనం! | Spiritual Warfare Series | Day 257 | Dr Ranjeet Ophir
s1LmxtJBlhE,channel,మనం అన్యాయానికి వ్యతిరేకంగా గళమెత్తకపోవడానికి అసలు కారణం!! | Ranjeet Ophir Shorts | Ophir Ministries
j1OjLfrvwtY,channel,క్రైస్తవులకు అంబేద్కరిజం ఎందుకు?? | Ranjeet Ophir Shorts | Ophir Ministries
AjRmi58IaiU,channel,మతమార్పిడి అనేది ఒక పెద్ద బూటకం!! | Ranjeet Ophir Shorts | Ophir Ministries
mUmhT4H265I,channel,19-Oct-2021 | మతోన్మాద ముల్లు vs క్రైస్తవ ముల్లు | ఆర్కేపి మేల్కొలుపు మహాసభ | Dr Ranjeet Ophir
VrxF-aE7ovU,channel,"19-Oct-2021 |  రాష్ట్రీయ క్రైస్తవ పరిషత్ మేల్కొలుపు మహా సభ నెల్లూరు | ఆర్కేపి, నెల్లూరు"
Xj53xO9VRpw,channel,18-Oct-2021 | సంపూర్ణ రాత్రి ప్రార్థన | Spiritual Warfare Series | Day 256 | Apo Dr AS Ranjeet Ophir
28xOhIvNJlE,channel,17-Oct-2021 | Sunday Service | Second Message | Central Church | Apo Dr A S Ranjeet Ophir
PK_Y65l_kwI,channel,17-Oct-2021 | Sunday Service | Second Message | Central Church | Apo Dr A S Ranjeet Ophir
wMeRld0O8aw,channel,17-Oct-2021 | Sunday Service | Second Message | Central Church | Apo Dr A S Ranjeet Ophir
2zDBv4F7mio,channel,17-Oct-2021 | Sunday Service | First Message | Central Church | Apo Dr A S Ranjeet Ophir
OX9aamM3XrA,channel,16-Oct-2021 | ACE Sunday School | Ophir Ministries
SZVRoelSoR0,channel,15-Oct-2021 | భక్తిలో 3 కోణాలు!! | Special Prayer Meeting | AFGC Malkajgiri | Apo Dr Ranjeet Ophir
18pnsmnFP8U,channel,16-Oct-2021 | ప్రార్థనలో పట్టుదల ఎందుకు?? | Spiritual Warfare Series | Day 255 | Dr AS Ranjeet Ophir
ldTtIltPPWA,channel,15-Oct-2021 | Special Prayer Meeting | Malkajgiri | Apo Dr A S Ranjeet Ophir
FNlnif5bO0U,channel,15-Oct-2021 | ఓటమి ఎరుగని ప్రార్థన!! | Spiritual Warfare Series | Day 254 | Apo Dr AS Ranjeet Ophir
Vw6k2HjmP3Q,channel,10-Oct-2021 | రిక్తహస్తాలతో రావొద్దు!! | Sunday Service | Second Message | Malkajgiri | Apo Dr Ophir
J2hlvlKwYcE,channel,14-Oct-2021 | స్త్రీని బైబిల్ అవమానిస్తుందా? | Women's Conference | Central Church | Apo Dr Ophir
jmOPyGAl4gM,channel,"14-Oct-2021 | Praise, Worship & Testimonies | Women's Conference | Central Church | Ophir Ministries"
fj1Pta3yckY,channel,10-Oct-2021 | దైవనీతితో దైవారాధన!! | Sunday Service | First Message | Malkajgiri | Dr Ranjeet Ophir
87aDtRG5TnI,channel,14-Oct-2021 | దేవునికి మన స్తుతులు ఎందుకు?? | Spiritual Warfare Series | Day 253 | Dr Ranjeet Ophir
KiisgCQM4PQ,channel,ఒక చెంపమీద కొడితే..మూడో చెంప పగలగొట్టండి!!  Short Messages | Apostle Dr A S Ranjeet Ophir
pkoBXj4q6aw,channel,రాష్ట్రీయ క్రైస్తవ పరిషత్ ఎలా  పుట్టింది? ఎందుకు పుట్టింది? | Short Message | Dr Apo Ranjeet Ophir
-wE257spBG8,channel,క్రైస్తవులకు అంబేద్కరిజం ఎందుకు అవసరం? | ప్రతి క్రైస్తవుడు తెలుసుకోవాల్సిన అత్యవసర విషయం |
ifcoi_AMu6I,channel,భారత రాజ్యాంగం ఆమోదింపబడినప్పుడు కృపాలాని VS అంబేద్కర్ సంవాదం! | ప్రతి అంబేద్కరిస్ట్ చూడాల్సినవీడియో
AIgr2VNhwus,channel,స్వాతంత్రోద్యమము నుండి RSS కుట్రలు దాని పరిణామాలు | Real History Revealed | Dr Apostle Ranjeet Ophir
2c18eGOKEk4,channel,హిందూ  మతములోకి మారే విదేశీయులను ఏ 'కులం'లో చేరుస్తున్నారు?? డా|| ఓఫీర్ గారి సూటి ప్రశ్న!!
THewWfKDD0w,channel,సువార్త సభలకు వచ్చి దాడిచేసే వారిని తోమండి!! క్రైస్తవులకు  రంజిత్ ఓఫీర్ గారి పిలుపు
YPCT-OoITYU,channel,12-Oct-2021 | మనం శిష్యులం ఎందుకు కావాలి?? | Pr M Dayasagar's Birthday | Apo Dr AS Ranjeet Ophir
PFoF9G90QLk,channel,12-Oct-2021 |పాస్టర్ M దయాసాగర్ గారి జన్మదిన వేడుక విజయవాడ Apo Dr AS Ranjeet Ophir
LuslgSMbFnk,channel,12-Oct-2021 |పాస్టర్ M దయాసాగర్ గారి జన్మదిన వేడుక విజయవాడ Apo Dr AS Ranjeet Ophir
JG_T1wzq82I,channel,12-Oct-2021 | సంపూర్ణ రాత్రి ప్రార్థన | Spiritual Warfare Series | Day 252 | Apo Dr AS Ranjeet Ophir
PgIb0bA926w,channel,11-Oct-2021 | విశ్వాసి భయమే అపవాది బలం!! | Spiritual Warfare Series | Day 251 | Dr AS Ranjeet Ophir
3Y0vEz-STIs,channel,11-Oct-2021 | సంపూర్ణ రాత్రి ప్రార్థన | Spiritual Warfare Series | Day 251 | Apo Dr AS Ranjeet Ophir
TW6Iaqtkbhw,channel,11-Oct-2021 | సంపూర్ణ రాత్రి ప్రార్థన | Spiritual Warfare Series | Day 251 | Apo Dr AS Ranjeet Ophir
7tvIejEKhDU,channel,10-Oct-2021 | స్థిరంగా ఎందుకుండాలి? | Sunday Service | Second Message | Apo Dr A S Ranjeet Ophir
A7mJtvFmHQQ,channel,10-Oct-2021 | ఈ తరం దావీదు ప్రార్థన!! | Spiritual Warfare Series | Day 250 | Apo Dr AS Ranjeet Ophir
OzU5ZVpyrO8,channel,09-Oct-2021 | క్రీస్తు సంఘ విజయం! | Apostle Dr A S Ranjeet Ophir | Audio Messages
fXPTDcYir-E,channel,09-Oct-2021 | సంపూర్ణ రాత్రి ప్రార్థన | Spiritual Warfare Series | Day 249 | Apo Dr AS Ranjeet Ophir
QwY1Da17yAE,channel,08-Oct-2021 | క్రీస్తు యోగం! | Apostle Dr A S Ranjeet Ophir | Audio Messages
dE0Gs42bQrg,channel,08-Oct-2021 | 3 కోణాల్లో దేవదర్శనం !! | Spiritual Warfare Series | Day 248 | Apo Dr AS Ranjeet Ophir
058IgNdzq1A,channel,07-Oct-2021 | మతోన్మాదంపై ప్రార్థనాస్త్రం!! | Spiritual Warfare Series | Day 247 | Dr Ranjeet Ophir
maSFG52VClk,channel,06-Oct-2021 | ఆదిసంభూతుడే విశ్వనాథుడు!! | Apostle Dr A S Ranjeet Ophir | Audio Messages
jZdoe8tNrow,channel,"05-Oct-2021 | ద్విజులు, త్రిజులు!! | Ankitha, Abhishek Birthday | Kakinada | Apo Dr AS Ranjeet Ophir"
sHU666UApMM,channel,04-Oct-2021 | క్రమమే దేవుని తత్వం!! | Apostle Dr A S Ranjeet Ophir | Audio Messages
84qL9nwo6T4,channel,04-Oct-2021 | దేవుణ్ణి ప్రేమించేవారే యుద్ధశూరులు!! | Spiritual Warfare Series | Day 246 | Dr Ophir
2x-hNhvM_xg,channel,03-Oct-2021 I సంతోషం - క్రైస్తవ లక్షణం |  Sunday Service | Second Message | Apo Dr AS Ranjeet Ophir
K-xQ957vqiQ,channel,03-Oct-2021 I పరిశుద్ధులకు క్షమాపణ !! |  Sunday Service | First Message | Apo Dr AS Ranjeet Ophir
OUyrBqq8jQA,channel,02-Oct-2021 | దేవుడు ఏమిటో దేవునికే చెబుదాం! | Spiritual Warfare Series | Day 245 | Dr Ranjeet Ophir
tNLvO0_P-fI,channel,01-Oct-2021 | విశ్వాసంలో శిఖరాగ్రం!! | Spiritual Warfare Series | Day 244 | Apo Dr AS Ranjeet Ophir
Ehui-7kHLK4,channel,29-Sep-2021 | శక్తిలోపం లేని సువార్త సేవ! | AFGC Railupeta | Machilipatnam | Apo Dr AS Ranjeet Ophir
SzyygA6U_j8,channel,29-Sep-2021 | కృతజ్ఞత స్తుతి కూడిక - AFGC Machilipatnam Railupeta | Ophir Ministries
olsbSWRJ3pY,channel,29-Sep-2021 | క్రైస్తవులారా! మేల్కొనండి!!  | RKP జనజాగరణ మహాసభ | Machilipatnam | Dr Ranjeet Ophir
yEUVurW06MM,channel,హిందూత్వ అనే దానికి అసలు నిర్వచనం!!  | ShortMessages  | Apo Dr AS Ranjeet Ophir
HzeeAWnHXL8,channel,మనువాదులు నెరవేరుస్తున్న బైబిల్ ప్రవచనం!! | ShortMessages  | Apo Dr AS Ranjeet Ophir
HpIYFR9MNds,channel,28- Sep- 2021| ఓఫిర్ మినిస్ట్రీస్ అనుబంధ పరిచర్య -కృపామయ ప్రార్ధన మందిరం ప్రతిష్ట మహోత్సవం| ASRO
giR0uRlapAI,channel,28- Sep- 2021| ఓఫిర్ మినిస్ట్రీస్ అనుబంధ పరిచర్య -కృపామయ ప్రార్ధన మందిరం ప్రతిష్ట మహోత్సవం| ASRO
r0OPf9lUZhk,channel,28- Sep- 2021| ఓఫిర్ మినిస్ట్రీస్ అనుబంధ పరిచర్య -కృపామయ ప్రార్ధన మందిరం ప్రతిష్ట మహోత్సవం| ASRO
cZ9Z0ogCV1w,channel,28-Sep-2021 | బలహీనుల పక్షంగా బలవంతుడైన దేవుడు! | Spiritual Warfare Series | Day 243 | Dr Ophir
iQxnMXoZBLM,channel,27-Sep-2021 | నీలో అగ్ని ఆరిపోయిందా?? | Spiritual Warfare Series | Day 242 | Apo Dr AS Ranjeet Ophir
iY__F79Z6iY,channel,"స్వాతంత్ర ఉద్యమాన్ని పెరియార్, పూలే లు ఎందుకు వ్యతిరేకించారు?  | Apostle Dr AS Ranjeet Ophir"
8UL894g9cPY,channel,రాజ్యాంగంలో మతస్వేచ్ఛ లేకపోతే క్రైస్తవుడు సువార్త ప్రకటిస్తాడా? | Apo Dr AS Ranjeet Ophir
Sl1-Y00uk7A,channel,23-Sep-2021 | భారతీయ క్రైస్తవుల అత్యవసర కర్తవ్యం !! | అవగాహనా సదస్సు | Bikkavolu | Dr Ranjeet Ophir
zU_hbWvoX0o,channel,26-Sep-2021 | పౌలుకు కొరింథీయులు రాసిన పత్రిక!! | Sunday Service | Second Message | Dr Ranjeet Ophir
nBvAbnGT1r4,channel,26-Sep-2021 | దేవుడినే బలవంతం చేద్దాం..!! | Spiritual Warfare Series | Day 241 | Dr AS Ranjeet Ophir
RVDfmk2VWwQ,channel,20-Sep-2021 | మరణంలో భక్తుని విజయం! | Bro M Prasada Rao's 1st Death Anniversary | Dr Ranjeet Ophir
jy0-cYwGziQ,channel,"05-Aug-2021 | Pr John's First Death Anniversary | Memorial Service, Hyderabad | Dr AS Ranjeet Ophir"
eNJ-WGglnCs,channel,23-Sep-2021 | క్రైస్తవులు - రాజ్యాంగం | అవగాహనా సదస్సు | Bikkavolu | Apostle Dr A S Ranjeet Ophir
yjoHJDRr2x4,channel,"22-Sep-2021 | దేవునికి ఇష్టులమై, ప్రార్థన చేద్దాం!! | Spiritual Warfare Series | Day 240 | Apo Ophir"
cRuG43Hnrc0,channel,22-Sep-2021 | సంపూర్ణ రాత్రి ప్రార్థన | Spiritual Warfare Series | Day 240 | Apo Dr AS Ranjeet Ophir
xwC-9nVND5o,channel,21-Sep-2021 | భగ్నమైపోతున్న సాతాను కుతంత్రం!! | Spiritual Warfare Series | Day 239 | Dr Ophir
lmz8fGtXvzs,channel,20-Sep-2021 | 21 Days Fasting Prayer | Life Shining Faith Church | Apo Dr Ranjeet Ophir
WKRKiBE95uM,channel,20-Sep-2021 | సిలువచేత జయోత్సాహం!! | Spiritual Warfare Series | Day 238 | Apo Dr AS Ranjeet Ophir
qkYqOXbwrGw,channel,19-Sep-2021 | 3 అద్భుత సృష్టికార్యాలు ! | Sunday Service | Second Message | Apo Dr AS Ranjeet Ophir
Kd9mQ5uFrlY,channel,19-Sep-2021 | స్వయంఖండన క్రైస్తవ్యం కాదు!! | Sunday Service | First Message | Dr AS Ranjeet Ophir
03K9xOEcfxs,channel,18-Sep-2021 | సంపూర్ణ రాత్రి ప్రార్థన | Spiritual Warfare Series | Day 237 | Apo Dr AS Ranjeet Ophir
QP8dwC2IFO4,channel,17-Sep-2021 | ఉపద్రవాల వెనుక దేవుని హస్తం!! | Spiritual Warfare Series | Day 236 | Dr Ranjeet Ophir
iLz_McnqvSY,channel,16-Sep-2021 | ఆత్మీయ పోరాటం అంటే?? | Spiritual Warfare Series | Day 235 | Apo Dr AS Ranjeet Ophir
VwOrmLwySts,channel,15-Sep-2021 | భూమిపై దేవుని రాజముద్రిక!! | Spiritual Warfare Series | Day 234 | Dr AS Ranjeet Ophir
YnaGv_Ve5_E,channel,14-Sep-2021 | ప్రజలకు దైవభయం నేర్పిద్దాం!! | APW Conference | Day 100 | Apo Dr AS Ranjeet Ophir
ZkeeiFK-ep4,channel,14-Sep-2021 | అసంపూర్ణులూ క్రీస్తునందు బలవంతులే!! | Spiritual Warfare Series | Day 233 | Dr Ophir
s-F2vK_pPMw,channel,13-Sep-2021 | నశించవలసిన అపవాది క్రియలు... | Spiritual Warfare Series | Day 232 | Dr Ranjeet Ophir
XrEJZWruK9I,channel,12-Sep-2021 | బైబిలు గ్రంథపు సారం... |   Sunday Service | Second Message | Apo Dr AS Ranjeet Ophir
l1sb52vj-Z8,channel,12-Sep-2021 | యెరూషలేము క్షేమము కొరకు!! | Spiritual Warfare Series | Day 231 | Dr AS Ranjeet Ophir
b-Lpi-32Yww,channel,11-Sep-2021 | Sri Noble Runjala's First  Death Anniversary | Ophir Ministries
m9y3DZBOu3U,channel,11-Sep-2021 | దిగివస్తున్న సర్వశక్తుడు....!! | Spiritual Warfare Series | Day 230 | Dr Ranjeet Ophir
Cr35MziTh1U,channel,10-Sep-2021 | కుక్కల గుహ !! | Spiritual Warfare Series | Day 229 | Apo Dr AS Ranjeet Ophir
2ZGxcxoYchg,channel,07-Sep-2021 | మూడవ జన్మ పొందాలి!! | Pr Edward's Ordination Ceremony | Apo Dr AS Ranjeet Ophir
3zYyLDUsj50,channel,07-Sep-2021 | Word Of God | Ordination Ceremony | Part -3 | Kurnool | Ophir Ministries
jfbP0NzRQPU,channel,07-Sep-2021 | Word Of God | Ordination Ceremony | Part-1 |  Kurnool | Ophir Ministries
JNQJ5V9fbGs,channel,07-Sep-2021 | Word Of God | Ordination Ceremony | Kurnool | Ophir Ministries
9nJVYgh8HoU,channel,07-Sep-2021 | వేదనామయులైన ఆదరణకర్తలు!! | Spiritual Warfare Series | Day 228 | Dr AS Ranjeet Ophir
BVPr_oiAspU,channel,05-Sep-2021 | పరమతండ్రికి తగిన పిల్లలు!! | Sunday Service | Malkajgiri Church | Apo Dr Ranjeet Ophir
A1s6BZBrZGg,channel,06-Sep-2021 | ఇదిగో దేవుని శాశ్వతప్రేమ...!! | Spiritual Warfare Series | Day 227 | Dr Ranjeet Ophir
lZMTkynjGKE,channel,05-Sep-2021 | క్రైస్తవ ఆస్తుల  భూమాయం | Big Debate - Live!! | Ophir Ministries & RKP
1p62XHuEq_w,channel,05-Sep-2021 | గైకొనవలసిన సంగతులు | Sunday Service | Second Message | Apo Dr AS Ranjeet Ophir
hv8RqteB1xQ,channel,04-Sep-2021 | ఊహలకు మించిన అద్భుతకరుడు!! | Spiritual Warfare Series | Day 226 | Dr AS Ranjeet Ophir
QVyYCXJFfww,channel,"21-Aug-2021 | ""అన్యజనముల కాలములు"" అంటే???? | The Revelation Series | Day 18 |Apo Dr AS Ranjeet Ophir"
0jorrzS43jU,channel,03-Sep-2021 | సంపూర్ణ రాత్రి ప్రార్థన | Spiritual Warfare Series | Day 225 | Apo Dr AS Ranjeet Ophir
d5DNy9xGb84,channel,28-Aug-2021 | ప్రస్తుత యుగాంతం! | The Revelation Series | Day 24 | Apo Dr AS Ranjeet Ophir
eTav7awH1b4,channel,01-Sep-2021 | Nukaraju Amma Memorial Service | Samalkot | Apo Dr AS Ranjeet Ophir
Ob9dCoj66qU,channel,"31-Aug-2021 | 22nd Anniversary United Pastors Fellowship | Hosanna Mandir, Guntur | Dr Ranjeet Ophir"
_0jz0mAviIE,channel,31-Aug-2021 | నిద్రలు చెడగొడుతున్న దేవుడు!! | Spiritual Warfare Series | Day 224 | Dr Ranjeet Ophir
gyJM24_IMLU,channel,వినరారే ఓ జనులారా | Vinararey O Janulara | రెవ కె. వి. జేకబ్ గారి జ్ఞాపకార్థ గీతం | Dr Ranjeet Ophir
11rGF83x8UE,channel,30-Aug-2021 | Rev K V Jacob's 125th Birthday Celebrations | Part-3 | Books Launch | Ophir Ministries
RLMnTUUuANw,channel,30-Aug-2021 | Rev K V Jacob's 125th Birthday Celebrations | Part-2 | Books Launch | Ophir Ministries
776zlOMFV1w,channel,30-Aug-2021 | Rev K V Jacob's 125th Birthday Celebrations | Part-1 | Books Launch | Ophir Ministries
9qRUlP-tx50,channel,30-Aug-2021 | దైవసన్నిధిలోనికి ప్రవేశం | Spiritual Warfare Series | Day 223 | Dr AS Ranjeet Ophir
r4ox9myi7hs,channel,29-Aug-2021 | మూలపాఠాలకే మూలపాఠం!! | Sunday Service | Second Message | Apo Dr AS Ranjeet Ophir
p8vv_t4rsXk,channel,29-Aug-2021 | Pr Jonathan Naik  | Testimony | Ophir Ministries
gg0P2FeoTIo,channel,29-Aug-2021 | నిద్రపోదాం రండి!! | Spiritual Warfare Series | Day 222 | Apo Dr AS Ranjeet Ophir
ioRnz_1_ssU,channel,27-Aug-2021 | ఓటమి ఎరుగని ప్రార్థనాశక్తి! | Spiritual Warfare Series | Day 221 | Dr AS Ranjeet Ophir
9YwWi9EPQKA,channel,20-Aug-2021 | శ్రమలకాలానికి భయపడకండి!! | The Revelation Series | Day 17 | Apo Dr AS Ranjeet Ophir
gg_ptP3lDWc,channel,26-Aug-2021 | మంత్రశక్తులు ఎందుకు ఉన్నాయి? | Spiritual Warfare Series | Day 220 | Dr Ranjeet Ophir
obAMP0nsyfE,channel,25-Aug-2021 | సామాజిక న్యాయం కూడా మన బాధ్యతే! | Spiritual Warfare Series | Day 219 | Dr Ophir
paMfj74XaJE,channel,19-Aug-2021 | యేసు దొంగవలె వస్తాడా?? | The Revelation Series | Day 16 | Apo Dr AS Ranjeet Ophir
tfQ1dEqiGek,channel,24-Aug-2021 | మేల్కొంటున్న దేవుని పరాక్రమం!! | Spiritual Warfare Series | Day 218 | Dr Ranjeet Ophir
M5M_pdUAcv0,channel,18-Aug-2021 | అంత్యకాలంలో అభిషిక్త దావీదులు!! | The Revelation Series | Day 15 | Dr AS Ranjeet Ophir
ArrVTZ3V4Ho,channel,23-Aug-2021 | మరణంపై భక్తుల విజయం!! | Spiritual Warfare Series | Day 217 | Apo Dr AS Ranjeet Ophir
237apyiw07E,channel,22-Aug-2021 | క్రైస్తవుల దేవుడెక్కడ?! | Sunday Service | Second Message | Apo Dr AS Ranjeet Ophir
ArQD5kIgGWE,channel,22-Aug-2021 | దుష్టమృగంపై గువ్వ విజయం!! | Spiritual Warfare Series | Day 216 | Dr AS Ranjeet Ophir
bsuEN2DSWCE,channel,21-Aug-2021 | భక్తుల 5 నిరంతర కార్యక్రమాలు ! | Spiritual Warfare Series | Day 215 | Dr Ranjeet Ophir
IXmkv181TPk,channel,17-Aug-2021 | రెండవ క్రూర మృగం!! | The Revelation Series | Day 14 | Apostle Dr AS Ranjeet Ophir
I4wXqWTMrSg,channel,20-Aug-2021 | గడ్డు సమస్య -- సులభ పరిష్కారం! | Spiritual Warfare Series | Day 214 | Dr Ranjeet Ophir
tm86YIGXejA,channel,19-Aug-2021 | Birthday Message | Tuni  | Dr AS Ranjeet Ophir
u0l1LNEsAt0,channel,19-Aug-2021 | ప్రవక్త తో  ఒక్క రోజు part 2 | తుని  | Dr AS Ranjeet Ophir
2NartWb_GiI,channel,19-Aug-2021 | ప్రవక్త తో  ఒక్క రోజు part 1  | తుని  | Dr AS Ranjeet Ophir
boEw6Mx9-MM,channel,19-Aug-2021 | ప్రవక్త తో  ఒక్క రోజు  | తుని  | Dr AS Ranjeet Ophir
Y_Tbu6YW1_c,channel,16-Aug-2021 | అబధ్ధ క్రీస్తు నిమ్రోదే ఎందుకు?? | The Revelation Series | Day 13 | Dr Ranjeet Ophir
hzUJ6AUsIdo,channel,19-Aug-2021 | ప్రార్థనలో విజయరహస్యం...! | Spiritual Warfare Series | Day 213 | Dr AS Ranjeet Ophir
nMfdfv3S_90,channel,18-Aug-2021 | యేసు రాకడలో ప్రేమగల ఆలస్యం | Messaiah Prayer House | Chilakaluripet | Dr Ranjeet Ophir
UBfqUtkBFs8,channel,18-Aug-2021 | మన భయమే శత్రువుకు బలం | Spiritual Warfare Series | Day 212 | Apo Dr AS Ranjeet Ophir
mTFQW4dqWQU,channel,17-Aug-2021 | దేవుడు లేచిన అద్భుత ఘడియ!! | Spiritual Warfare Series | Day 211 | Dr AS Ranjeet Ophir
vE-iVBblu0s,channel,14-Aug-2021 | క్రూర మృగాన్ని ఎలా గుర్తుపట్టాలి?! | The Revelation Series | Day 12 | Dr Ranjeet Ophir
caWfxynCLUU,channel,"13-Aug-2021 | ఏడుకొండలు, ఎనిమిదవ రాజు! | The Revelation Series | Day 11 | Apo Dr AS Ranjeet Ophir"
FHVqu79aJ-k,channel,16-Aug-2021 | భూలోక ఎలోహిమ్!! | Spiritual Warfare Series | Day 210 | Apostle Dr AS Ranjeet Ophir
7aMRPGjLOx0,channel,15-Aug-2021 | అసత్య రాజకీయాలు!! | Sunday Service | Second Message | Apostle Dr AS Ranjeet Ophir
7vSTGM0K5V4,channel,15-Aug-2021 | Sunday Service | Second Message | Central Church | Apostle Dr AS Ranjeet Ophir
badZJpNo3cA,channel,15-Aug-2021 | Sunday Service | Second Message | Central Church | Apostle Dr AS Ranjeet Ophir
j2F93CR1wJM,channel,15-Aug-2021 | ప్రార్థన సఫలతకు దేవుని హామీ! | Spiritual Warfare Series | Day 209 | Dr Ranjeet Ophir
03VV_3B3PGc,channel,14-Aug-2021 | అతడు పట్టిందల్లా బంగారం!! | Great Intercessory Prayer | 100th Day | Dr Ranjeet Ophir
VirPdTR1CvQ,channel,14-Aug-2021 | దైవజనులపై మూడు బాధ్యతలు! | Pastors Conference  | Mumbai | Apostle Dr AS Ranjeet Ophir
ervs4hlgAxg,channel,14-Aug-2021 | Word Of God | Pastors Conference | Bombay Christian Telugu Society | Dr Ranjeet Ophir
E6Gju4EcxvI,channel,14-Aug-2021 | సంపూర్ణ రాత్రి ప్రార్థన | Spiritual Warfare Series | Day 208 | Apo Dr AS Ranjeet Ophir
l0euhOF18ZE,channel,14-Aug-2021 | దిగివస్తున్న హిజ్కియా దేవుడు!! | Spiritual Warfare Series | Day 208 | Dr Ranjeet Ophir
uk3nLpNR4_U,channel,12-Aug-2021 | అనామకుడు ప్రపంచరాజు అవుతాడా?! | The Revelation Series | Day 10 | Dr AS Ranjeet Ophir
bMgJerik42M,channel,13-Aug-2021 | మన పరిస్థితుల నేపథ్యం!! | Spiritual Warfare Series | Day 207 | Apo Dr AS Ranjeet Ophir
8_uRzSxjtWg,channel,12-Aug-2021 | అంత్యకాలపు క్రీస్తుదాసులకు మేల్కొలుపు!! | Pastors Fellowship | Shatrajpalli | Dr Ophir
cNa-uyGlFpE,channel,11-Aug-2021 | అబద్ధ క్రీస్తు జన్మస్థానం!! | The Revelation Series | Day 9 | Apo Dr AS Ranjeet Ophir
LeCBUeZoMYM,channel,"12-Aug-2021 | శరీరాలు దూరం, ఆత్మలు మమేకం! | Spiritual Warfare Series | Day 206 | Dr AS Ranjeet Ophir"
QwSXh7dv3Bk,channel,10-Aug-2021 | 70 వారాల చిక్కుముడి!! | The Revelation Series | Day 8 | Apo Dr AS Ranjeet Ophir
fyG1YFO7eCk,channel,11-Aug-2021 | సంపూర్ణ రాత్రి ప్రార్థన | Spiritual Warfare Series | Day 205 | Apo Dr AS Ranjeet Ophir
L6aCk57FacY,channel,10-Aug-2021 | మన ప్రార్థనలకూ దేవుడే అధికారి!! | Spiritual Warfare Series | Day 204 | Dr Ophir
kLRqhmd82tQ,channel,09-Aug-2021 | 7 యేండ్ల శ్రమలకాలపు ప్రారంభం! | The Revelation Series | Day 7 | Dr AS Ranjeet Ophir
LbbDrbmIZuw,channel,08-Aug-2021 | కృపను వ్యర్థపరచకండి! | Sunday Service | First Message | Apostle Dr AS Ranjeet Ophir
Fx5Onk0xwpM,channel,07-Aug-2021 | ఆరు ముద్రల జతపక్షి?! | The Revelation Series | Day 6 | Apostle Dr AS Ranjeet Ophir
GX1j_o003h4,channel,09-Aug-2021 | ఇదే ప్రార్థన విజయం!! | Spiritual Warfare Series | Day 203 | Apo Dr AS Ranjeet Ophir
sSZdQlxGUA8,channel,08-Aug-2021 | నిత్యత్వంలో దేవునికి ఇష్టులు!! | Sunday Service | Second Message | Dr AS Ranjeet Ophir
35SweSyxfuI,channel,08-Aug-2021 | Sunday Service | First Message | Central Church | Apostle Dr AS Ranjeet Ophir
eYNgevvK47s,channel,08-Aug-2021 | Sunday Service | First Message | Central Church | Apostle Dr AS Ranjeet Ophir
RyRak7-NRH8,channel,07-Aug-2021 | యెహోవా జ్ఞాపకకర్తలు!! | Spiritual Warfare Series | Day 202 | Apo Dr AS Ranjeet Ophir
yTurVd4ojE0,channel,07-Aug-2021 | ACE Sunday School | Ophir Ministries
26Gk6jBKBjo,channel,06-Aug-2021 | ఆరు ముద్రల వివరణ!! | The Revelation Series | Day 5 | Apostle Dr AS Ranjeet Ophir
sDJZ6XNajQs,channel,06-Aug-2021 | బైబిల్ అర్ధం కావాలంటే?? | Short Messages | Apostle Dr AS Ranjeet Ophir
CNWFmuX-hko,channel,06-Aug-2021 | పౌలు బోధ యొక్క గురి! | Short Messages | Apostle Dr AS Ranjeet Ophir
76KVcd7MKrY,channel,06-Aug-2021 |  శ్రేష్ఠమైన హేబెలు బలి!  | Short Messages | Apostle Dr AS Ranjeet Ophir
qPx9WmFA18A,channel,06-Aug-2021 | రెండు ఒలీవచెట్లు ఎవరు??  | Short Messages | Apostle Dr AS Ranjeet Ophir
tnn87Q_cboE,channel,06-Aug-2021 | భారతీయుని విశాల హృదయం! | Apostle Dr A S Ranjeet Ophir | Audio Messages
xRJF6ZN1Tes,channel,05-Aug-2021 | 24గురు పెద్దలు - కెరూబుల వివరం!! | The Revelation Series | Day 4 | Dr AS Ranjeet Ophir
o3jKJGnX8T4,channel,05-Aug-2021 | అభిషిక్తులకు అభిషేకం | Apostle Dr A S Ranjeet Ophir | Audio Messages
smERyue1whQ,channel,04-Aug-2021 | ప్రకటన 4-5 అధ్యాయముల సారాంశం!! | The Revelation Series | Day 3 | Dr AS Ranjeet Ophir
-Pl1CXxgWWk,channel,04-Aug-2021 | అద్భుత కాలం 70వ వారం!! | Apostle Dr A S Ranjeet Ophir | Audio Messages
1Z13YZJGZx0,channel,04-Aug-2021 | ప్రార్ధనకు ఫలితం గ్యారంటీ!! | Short Messages | Apostle Dr AS Ranjeet Ophir
U1pE5nlMU0Q,channel,03-Aug-2021 | సత్యప్రత్యక్షతకు సిద్ధపాటు!! | The Revelation Series | Day 2 | Apo Dr AS Ranjeet Ophir
3LX6phhG3ng,channel,03-Aug-2021 | క్రైస్తవుడే ఒక సజీవ సూచకక్రియ!! | Short Messages | Apo Dr A S Ranjeet Ophir
f2PzpROZwIk,channel,03-Aug-2021| క్రైస్తవులు యుద్ధానికేప్పుడు సన్నద్ధులౌతారు? | Short Message | Apo Dr A S Ranjeet Ophir
djUyrlmGsAQ,channel,03-Aug-2021 | ప్రార్ధన ఎందుకు చేస్తాము?? | Short Messages | Apo Dr A S Ranjeet Ophir
UewvGsZ8YJA,channel,03-Aug-2021 | అపొ P M సామ్యేల్ గారు సంఘానికి నేర్పిన పాఠం | Short Message | Apo Dr A S Ranjeet Ophir
HnHRb4wgVPU,channel,03-Aug-2021 | భయపడకండి...భయపెట్టండి!!  | Short Messages | Apo Dr A S Ranjeet Ophir
rjEGOPS0yIQ,channel,03-Aug-2021 | పనిచేయుచున్న ప్రేమ!!  | Short Messages | Apo Dr A S Ranjeet Ophir
6DsNuRzGlt0,channel,03-Aug-2021 | చూడవలసిన సంగతులు! | Apostle Dr A S Ranjeet Ophir | Audio Messages
Tp3u7SHPFDQ,channel,03-Aug-2021 | యుద్ధరంగానికి పరిపూర్ణులక్కరలేదు!! | Spiritual Warfare Series | Day 201 | Dr Ranjeet
ZzKhPCYU2YY,channel,02-Aug-2021 | ఆ రూపం ఎవరిది?? | Apostle Dr A S Ranjeet Ophir | Audio Messages
tN5dPR3SiAw,channel,02-Aug-2021 | విశ్వాస పోరాటం!! | Spiritual Warfare Series | Day 200 | Apostle Dr AS Ranjeet Ophir
s8fWrbtEvWY,channel,01-Aug-2021 | క్రైస్తవ అపహాసకులు....!! | Sunday Service | Second Message | Apo Dr AS Ranjeet Ophir
G1FYjSOxwTg,channel,సాతాను నిన్ను ఏమీ చేయలేడు - షరతులు వర్తిస్తాయి!! | Ranjeet Ophir Shorts | Ophir Ministries
Gxx-oznbU-k,channel,ప్రభువా నీ పరిపూర్ణత నుండి | Prabhuvaa Nee Paripoornatha Nundi | Ranjeet Ophir Songs
bFQUvRGYAg4,channel,31-Jul-2021 | బలహీనులూ యుద్ధంలో గెలవవచ్చు!! | Spiritual Warfare Series | Day 199 | Apo Dr AS Ranjeet
8lbo4zl_Ny0,channel,క్రుంగిపోయావా?? దేవుడు నిన్ను తప్పక లేవనెత్తుతాడు!! | Ranjeet Ophir Shorts | Ophir Ministries
Rn57nk1PoAY,channel,30-Jul-2021 | అద్భుతములు ఎల్లవేళలా ఎందుకు జరగవు ??! | Short Messages | Apo Dr A S Ranjeet Ophir
Xv7gbq-bZgI,channel,30-Jul-2021 | అసాధారణమైన వ్యక్తి!! | Apostle Dr A S Ranjeet Ophir | Audio Message
D-i0fIybGCs,channel,30-Jul-2021 | నడుతును నడుతును | Naduthunu Naduthunu  | Apo Dr AS Ranjeet Ophir Songs
KZkIfDLUpXQ,channel,30-Jul-2021 | క్రుంగినవారికి శుభవార్త!! | Spiritual Warfare Series | Day 198 | Dr AS Ranjeet Ophir
KUM8ruTQ2wY,channel,కీర్తనల గ్రంథము!! | Ranjeet Ophir Shorts | Ophir Ministries
x6B7Ecg1krM,channel,29-Jul-2021 | ప్రార్థనాపరులు తెలుసుకొనవలసిన విషయము!! | Short Messages | Apostle Dr AS Ranjeet Ophir
Wrq_jd5ZYYM,channel,29-Jul-2021 | సేవాసక్తి పరులైన వారికి అమూల్యమైన సూచన! | Short Messages | Apostle Dr AS Ranjeet Ophir
ZeTmtitJZyM,channel,29-Jul-2021| సాతాను కట్టిన త్రాళ్ళను తెంపివేద్దాం!! | Short Messages | Apostle Dr AS Ranjeet Ophir
ucsWTc4XrlE,channel,29-Jul-2021 | కొండలను పొడిచేయు పురుగులు!! | Short Messages | Apostle Dr AS Ranjeet Ophir
Fo2XuEVppXg,channel,29-Jul-2021 | త్వరలో ఇజ్రాయెల్ పై రష్యా దాడి!!  | Short Messages | Apostle Dr AS Ranjeet Ophir
wdrXG26IfOA,channel,29-Jul-2021 | ధన్యతల బోధయందలి పరమార్ధం!! | Apostle Dr A S Ranjeet Ophir | Audio Message
gMtT4JoNFrc,channel,25-Jul-2021 | సక్రమ క్రైస్తవం!!  | Sunday Evening Service | Apostle Dr AS Ranjeet Ophir
M0Qesq5uTLM,channel,28-Jul-2021 | కొలిమి నుండి వెలుపలికి!! | Spiritual Warfare Series | Day 197 | Dr AS Ranjeet Ophir
vYfw78mMGDw,channel,27-Jul-2021 | రాత్రి ప్రార్థనలెందుకు?? | Spiritual Warfare Series | Day 196 | Dr AS Ranjeet Ophir
W9laahbpugs,channel,"26-Jul-2021 | యుద్ధ సమయం, విధానం!! | Spiritual Warfare Series | Day 195 | Apo Dr AS Ranjeet Ophir"
ouNkUxA-YuE,channel,25-Jul-2021 | యోగా వర్సెస్ క్రైస్తవం...!! | Sunday Service | Second Message | Dr AS Ranjeet Ophir
A5P-k3nnQCE,channel,25-Jul-2021 | Sunday Service | Praise & Worship | Central Church | Apostle Dr AS Ranjeet Ophir
wbn-ju4nyPg,channel,24-Jul-2021 | దైవదీవెనల మూట! | Apostle Dr A S Ranjeet Ophir | Audio Messages
8SCL3ZUG7EI,channel,24-Jul-2021 | ఔట్రీచ్ మెళకువలు!! | Out Reach Fasting Prayer | Dr AS Ranjeet Ophir
-3VxrkaBFIM,channel,24-Jul-2021 | తెగిపోతున్న మరణపు ఉరులు!! | Spiritual Warfare Series | Day 194 | Dr AS Ranjeet Ophir
O9kgmx-CHhA,channel,21-Jul-2021 | దేవుని కార్యం నూతనపరచబడాలి!! | Pastors & Evangelists Conference | Dr AS Ranjeet Ophir
EqfL6VlIOFE,channel,21-Jul-2021 | Ophir Ministries Pastors & Evangelists Conference | Telangana | Dr AS Ranjeet Ophir
6Hcbyaru45k,channel,20-Jul-2021 | Rev K J Ishakar - First Death Anniversary - Memorial Service | Dr AS Ranjeet Ophir
TQZ78s1zpAA,channel,20-Jul-2021 | ఈ మర్మము గొప్పది!!! | Short Messages | Apostle Dr AS Ranjeet Ophir
XPpQH6aB7i0,channel,20-Jul-2021 | దేవుని చిత్తములో ఉత్తమమైన చిత్తం!! | Short Messages | Apostle Dr AS Ranjeet Ophir
A4B5ZbTC2to,channel,20-Jul-2021 | లోకమునకు వారసుడు!! | Short Messages | Apostle Dr AS Ranjeet Ophir
Emo1O4Dgj68,channel,20-Jul-2021 | క్రీస్తు సమాజంలో కోరహు సమాజం! | Short Messages | Apostle Dr AS Ranjeet Ophir
l_AVZ9Z5-x4,channel,20-Jul-2021 | ఈ తరంలో దేవుని ప్రణాళిక!! | Short Messages | Apostle Dr AS Ranjeet Ophir
P3KQBUWxWg0,channel,"20-Jul-2021 | ""స్తుతి"" మళ్ళీ బ్రతకాలి!! | Spiritual Warfare Series | Day 193 | Dr AS Ranjeet Ophir"
o62LWGu7YrA,channel,19-Jul-2021 | భక్తులు ప్రార్ధన చేయడం ఎందుకు?? | Short Messages | Apostle Dr AS Ranjeet Ophir
ZwYPTnZxBJU,channel,19-Jul-2021 | హృదయమును సమ్మతిపరచుకోండి!! | Short Messages | Apostle Dr AS Ranjeet Ophir
c52C6hOUNTg,channel,19-Jul-2021 | మనసు మారాలి!! | Short Messages | Apostle Dr AS Ranjeet Ophir
8rYd2vra0qo,channel,19-Jul-2021 | వాక్యము ద్వారా యుద్ధం చేద్దాం!! | Short Messages | Apostle Dr AS Ranjeet Ophir
GXwVaHvgFBo,channel,19-Jul-2021 | సత్య వాక్యమనే కాగడా పట్టుకోండి!! | Short Messages | Apostle Dr AS Ranjeet Ophir
qFv9WppsAKM,channel,19-Jul-2021 | యుద్ధరంగంలో యేసురక్తం!! | Spiritual Warfare Series | Day 192 | Apo Dr AS Ranjeet Ophir
Mabs_BQx83g,channel,18-Jul-2021 | శిక్ష - శిక్షాఫలం !! | Sunday Service | Second Message | Apostle Dr AS Ranjeet Ophir
LNIzVH7iRA8,channel,18-Jul-2021 | తొలగిపోని రక్షణ...!! | Sunday Service | First Message | Apo Dr AS Ranjeet Ophir
VuUAjc6J0Is,channel,17-Jul-2021| దైవజనుల మధ్యకు సాతాను వదిలే మానవాయుధాలు!! | Short Message | Apostle Dr AS Ranjeet Ophir
sEdt5GrQAIU,channel,17-Jul-2021 | దేవుడు పంపిన దూతలను ద్వేషించుటకు కారణం?? | Short Message | Apostle Dr AS Ranjeet Ophir
UkQ7bRZaVQQ,channel,17-Jul-2021 | ధర్మశాస్త్రము ఎందుకు ఇవ్వబడింది?? | Short Messages | Apostle Dr AS Ranjeet Ophir
rKev1KHa_4A,channel,17-Jul-2021 | సాతాను కార్యాలను ఎన్ని సార్లు బంధించాలి? | Short Message | Apostle Dr AS Ranjeet Ophir
UYy3GMO-8uE,channel,17-Jul-2021 | ఆశ్చర్యకరుడైన యేసు క్రీస్తు ఆశ్చర్యము !? | Short Message | Apostle Dr AS Ranjeet Ophir
BZZzz2UfWd8,channel,17-Jul-2021 | కీలువలన బలము!! | Apostle Dr A S Ranjeet Ophir | Audio Messages
aGM5KzRIrEo,channel,17-Jul-2021 | అసంపూర్ణులైనా జయించవచ్చు!! | Spiritual Warfare Series | Day 191 | Apo Dr AS Ranjeet
ESvMGi9w2MI,channel,16-Jul-2021 | గతములో మన పునరుత్థానం!! | Apostle Dr A S Ranjeet Ophir | Audio Messages
v5wVsrrmDrs,channel,16-Jul-2021 | భయము పుట్టించిన సంఘము!! | Short Message | Apostle Dr AS Ranjeet Ophir
pV_xO7to6FQ,channel,16-Jul-2021 | గూడు రేపుతున్న పక్షిరాజు!! | Spiritual Warfare Series | Day 190 | Dr AS Ranjeet Ophir
HwXra9rkDJk,channel,15-Jul-2021 | Word Of God | Agape Prayer Warriors Meeting | Day 40 | Dr A S Ranjeet Ophir
HboQPMJu0X4,channel,15-Jul-2021 | భక్తునిలో మారని దేవుని ప్రణాళిక!! | Short Messages | Apostle Dr AS Ranjeet Ophir
JAxo4kKgaB0,channel,15-Jul-2021 |ఏదెనులో దేవుని వాగ్దానం!! | Short Messages | Apostle Dr AS Ranjeet Ophir
KFul7RFNH_A,channel,15-Jul-2021 | ఇదిగో నీళ్ళు!! | Apostle Dr A S Ranjeet Ophir | Audio Messages
bi4qZk6xvaA,channel,15-Jul-2021 | Word Of God | Worldwide Agape Soldiers' Prayer Warfare | Day 70 | Dr A S Ranjeet Ophir
hSd0rQKL6Dk,channel,15-Jul-2021 | బైబిల్ లో వైరుధ్యాల పట్ల భక్తుడి వైఖరి!! | Short Message | Apostle Dr AS Ranjeet Ophir
1YMMz8BJtdI,channel,"15-Jul-2021 | విడాకులు రాలేదు, రావు!! | Spiritual Warfare Series | Day 189 | Apo Dr AS Ranjeet Ophir"
oZwdpgxsRWQ,channel,14-Jul-2021 | క్రీస్తులో.... ఇలా నిలిచి ఉందాం!! | Spiritual Warfare Series | Day 188 | Dr AS Ranjeet
1clVyPcUMu8,channel,13-Jul-2021 | జయించిన వారు!! | Apostle Dr A S Ranjeet Ophir | Audio Messages
1iZFSr9RDH0,channel,13-Jul-2021 | ఇదిగో... సమస్తము క్రొత్తవాయెను!! | Spiritual Warfare Series | Day 187 | Dr AS Ranjeet
z8mxpW_Hw_k,channel,11-Jul-2021 | అగాపే సంఘాలెందుకు?? | Sunday Service | Second Message | Apostle Dr AS Ranjeet Ophir
liakmMyE_Qc,channel,11-Jul-2021 | పరిశుద్ధతే మన జీవన గమ్యం!! | Sunday Evening Service | Apostle Dr AS Ranjeet Ophir
SAky4lrFgGY,channel,12-Jul-2021 | మన పాదాల క్రింద సమస్తం!! | Spiritual Warfare Series | Day 186 | Dr AS Ranjeet Ophir
343508QTDxs,channel,11-Jul-2021 | మన ఊటలన్నీ యేసులో!! | Sunday Service | First Message | Apostle Dr AS Ranjeet Ophir
5iGDh6PK39o,channel,10-Jul-2021 | Word Of God | Bro Yakobu - 1st Death Anniversary | Apo Dr AS Ranjeet Ophir
OzZ5VKGGqH0,channel,10-Jul-2021 | ఇండియా దేవుడు!! | Apostle Dr A S Ranjeet Ophir | Audio Messages
e8Nc2uTd8sI,channel,10-Jul-2021 | బలహీనులలో అనంత శక్తి!! | Spiritual Warfare Series | Day 185 | Apo Dr AS Ranjeet Ophir
mdJ6U9ClSYU,channel,09-Jul-2021 | అబ్రహాము యొక్క విశ్వాసము!! | Short Messages | Apostle Dr AS Ranjeet Ophir
gTe0jhonBkU,channel,09-Jul-2021 | విడువబడినవారికి  ప్రజాపతి పిలుపు!! | Short Messages | Apostle Dr AS Ranjeet Ophir
VbyJOgOVXM0,channel,09-Jul-2021 | దేవుడు ఎవరికి  విరోధి అవుతాడు?? | Short Messages | Apostle Dr AS Ranjeet Ophir
-WD43jFHVe4,channel,09-Jul-2021 | కాలేబులు కండి!! | Apostle Dr A S Ranjeet Ophir | Audio Messages
B_fZijOvATQ,channel,09-Jul-2021 | బాలభక్త విజయం!! | Spiritual Warfare Series | Day 184 | Apo Dr AS Ranjeet Ophir
6Z8monoAP2Q,channel,08-Jul-2021 | కొండ మీదికి ఎక్కండి!! | Apostle Dr A S Ranjeet Ophir | Audio Messages
3Wy883EvT2Q,channel,08-Jul-2021 | సైనికులే సేవ చేయగలరు....!! | Spiritual Warfare Series | Day 183 | Dr AS Ranjeet Ophir
nlRurQychLI,channel,07-Jul-2021 | దేవునికి విరోధముగా నిలబడే క్రైస్తవులు!! | Short Messages | Apostle Dr AS Ranjeet Ophir
E22iQNDMHyQ,channel,07-Jul-2021 | క్రైస్తవులు మాట్లాడకూడని లాజిక్!! | Short Messages | Apostle Dr AS Ranjeet Ophir
Wblr5SvG37o,channel,07-Jul-2021 | అబ్రహాముకున్నటువంటి విశ్వాసము గలవారు!! | Short Messages | Apo Dr AS Ranjeet Ophir
yxMw4z7dqwg,channel,07-Jul-2021 | క్రైస్తవుడి ఆదర్శం!! | Apostle Dr A S Ranjeet Ophir | Audio Messages
GPCmZWMO9d0,channel,07-Jul-2021 | ప్రభువు ఎలాంటి వారికి   సహాయకుడు?? | Short Messages | Apostle Dr AS Ranjeet Ophir
tjg0XOQzxDI,channel,07-Jul-2021 | అకాల మరణాన్ని తరిమికొట్టండి!! | Spiritual Warfare Series | Day 182 | Dr AS Ranjeet
DfjoRiPiMzc,channel,06-Jul-2021 | యుద్ధం ఎందుకు వచ్చింది?! | Spiritual Warfare Series | Day 181 | Dr AS Ranjeet Ophir
1UEP-ZrUE4I,channel,05-Jul-2021 | ప్రేమను మించిన భక్తి లేదు!! | Agape Soldiers' Prayer Fight | Day 60 | Dr AS Ranjeet
HOOrDM4oaAw,channel,05-Jul-2021 | సైనికులు నిలబడాల్సిన భూమి!! | Spiritual Warfare Series | Day 180 | Dr AS Ranjeet Ophir
9S2qDR2DzB8,channel,04-Jul-2021 | క్రీస్తు లేని క్రైస్తవులు..!! | Sunday Service | Second Message | Dr AS Ranjeet Ophir
XOAih0D9J0k,channel,03-Jul-2021 | గొఱ్ఱెపిల్లకు ఇద్దరి సాక్ష్యం లేదా!? | QA_000381 | Short Answers | Dr AS Ranjeet Ophir
OnYtQQ9l41M,channel,03-Jul-2021 | బలహీన ఘడియలను గుర్తించటం ఎలా?? | QA_000380 | Short Answers | Dr AS Ranjeet Ophir
ymMt3-U26h8,channel,03-Jul-2021 | భక్తులలో మోహం ఎందుకు?? | QA_000379 | Short Answers | Dr AS Ranjeet Ophir
ckF7GNkTx28,channel,03-Jul-2021 | కుదురుబాటుకు అందరూ లోబడుతారా?? | QA_000378 | Short Answers | Dr AS Ranjeet Ophir
FPLZEWcCI58,channel,03-Jul-2021 | సాతానును భయపెట్టే వీరులు!! | Short Messages | Apostle Dr AS Ranjeet Ophir
boCj1Atk9x0,channel,03-Jul-2021 | దేవుడేమి చేస్తున్నాడు?? | Apostle Dr A S Ranjeet Ophir | Audio Messages
Lkvb-ssgV00,channel,03-Jul-2021 | దేవుని సైన్యమా! దిక్కులు చూడకు!! | Spiritual Warfare Series | Day 179 | Dr AS Ranjeet
e4ZgvOlWWS8,channel,02-Jul-2021 | కాలపు పరిమితిలో విశ్వాసి విజయం!! | Spiritual Warfare Series | Day 178 | Dr AS Ranjeet
gI7TJ2U29fA,channel,01-Jul-2021 | ప్రార్థనలో పరాకాష్ట స్థాయి!! | Short Messages | Apo Dr A S Ranjeet Ophir
Z1TJuga0lBs,channel,01-Jul-2021 | సర్వకృపానిధియందు జీవించుట!! | Short Messages | Apo Dr A S Ranjeet Ophir
9HyNtAoFS90,channel,01-Jul-2021 | కృపాసనము వద్దకు ధైర్యంగా వెళ్ళటం ఎలా?? | Short Messages | Apo Dr A S Ranjeet Ophir
5dWpP3MEw_A,channel,01-Jul-2021 | ఉరికొయ్య పాలైనావా  | Lyrics by Rev K V Jacob garu | Apo Dr AS Ranjeet Ophir Songs
VxJTExknWz4,channel,01-Jul-2021 | నదీతీరంలో సువార్త ప్రభంజనం!! | Ladies Fellowship | Apostle Dr AS Ranjeet Ophir
t6gogRvM6SE,channel,01-Jul-2021 | కాపరి నేర్చుకోవాల్సిన విద్య!! | Short Messages | Apostle Dr A S Ranjeet Ophir
RYEbZm69Ev8,channel,01-Jul-2021 | భావజాల యుధ్ధం - పౌలు బోధనా విధానం!! | Short Messages | Apostle Dr A S Ranjeet Ophir
T7JRAHPPLd0,channel,01-Jul-2021 | ఓటమి ఎరుగని దివ్యసైన్యం!! | Spiritual Warfare Series | Day 177 | Dr AS Ranjeet Ophir
V80eIdGcTgU,channel,30-Jun-2021 | కృపాసనం దగ్గర కృపను పొందే మార్గం!! | Short Messages | Apo Dr A S Ranjeet Ophir
5Xa5mWgryBc,channel,30-Jun-2021 | మృతుల పట్ల క్రైస్తవుల వైఖరి!! | Short Messages | Apo Dr A S Ranjeet Ophir
5-QvTfciX2A,channel,30-Jun-2021 | వివాహ విషయంలో యవ్వనస్థులకు సూచనలు!! | Short Messages | Apo Dr A S Ranjeet Ophir
U7a_TklKKag,channel,30-Jun-2021 | సరైన తర్కానికి మాదిరి !!  | Short Messages | Apostle Dr AS Ranjeet Ophir
5oFDJ-gNIUM,channel,30-Jun-2021 | దేవుడు తన జ్ఞానాన్ని ఎవరికి ఇస్తాడు??? | Short Messages | Apostle Dr AS Ranjeet Ophir
qz_LJmNOa5g,channel,30-Jun-2021 | మంచివాళ్ళు కోరహులెందుకవుతున్నారు?? | Spiritual Warfare Series | Day 176 | Dr AS Ophir
2P2JXcFjjmE,channel,29-Jun-2021 | సత్యవిరోధులపై యుద్ధనాదం!! | Spiritual Warfare Series | Day 175 | Dr AS Ranjeet Ophir
VgWQo0A9_iM,channel,27-Jun-2021 | Word Of God | Smt Padma - Memorial Service | Sreeda Homes | Apo Dr AS Ranjeet Ophir
r_W5UR_0pUk,channel,27-Jun-2021 | Sunday Service | Second Message | Central Church | Apostle Dr AS Ranjeet Ophir
oQPvBBlPIwg,channel,27-Jun-2021 | స్వతంత్ర క్రైస్తవం!! | Sunday Service | First Message | Apostle Dr AS Ranjeet Ophir
VO5eKaTWc3U,channel,27-Jun-2021 | సజీవులవుతున్న మృతులు!! | Spiritual Warfare Series | Day 174 | Apo Dr AS Ranjeet Ophir
08DnM45-fPQ,channel,26-Jun-2021 | క్రీస్తు రాకడ - లేఖన సత్యం | ITBC Bangalore Church | Apo Dr AS Ranjeet Ophir
NxJMBhbRU-M,channel,26-Jun-2021 | 50వ దినం ఎందుకు?? | Spiritual Warfare Series | Day 173 | Apo Dr AS Ranjeet Ophir
2JLf2aot9sY,channel,25-Jun-2021 | ఊటను చూచే కనులు కావాలి!! | Fasting Prayer | Apostle Dr AS Ranjeet Ophir
-yBqaupc3-M,channel,24-Jun-2021 | స్త్రీ అద్భుత శక్తి ...!! | Ladies Fellowship | Central Church | Dr A S Ranjeet Ophir
0O4QaRSrjO8,channel,24-Jun-2021 | Word Of God | Ladies Fellowship | Central Church | Apostle Dr AS Ranjeet Ophir
oU77_CMq3OQ,channel,"23-Jun-2021 | సువార్త పోరాటం!! | Church Dedication | Timmapur, Medak | Apostle Dr AS Ranjeet Ophir"
ky2I5JYO9y8,channel,23-Jun-2021 | Church Dedication | Timmapur | Apostle Dr AS Ranjeet Ophir
etDzwip5BNI,channel,21-Jun-2021 | దేవుని నిజమైన కుమారులు!! | Short Messages | Apostle Dr AS Ranjeet Ophir
KIAslp8-fkQ,channel,21-Jun-2021 | సాతాను వికృతరూపం ఒక మహాకుట్ర!! | Short Messages | Apostle Dr AS Ranjeet Ophir
txfmIUutQ0U,channel,"20-Jun-2021 | ""హ్యాపీ ఫాదర్స్ డే""!! | Sunday Service | Second Message | Apostle Dr AS Ranjeet Ophir"
qT5U-bUPTpE,channel,20-Jun-2021 | నమ్మదగిన సహాయకుడు....!! | Sunday Service | First Message | Apostle Dr AS Ranjeet Ophir
x1Q2At-aFGU,channel,19-Jun-2021 | Announcement - Did God Create Satan - Book Inauguration | Apo Dr A S Ranjeet Ophir
4Eb1apIzOMw,channel,18-Jun-2021 | ACE VBS | Day 4 | AFGC Burma Camp | Ophir Ministries Outreach
orA81EETN7I,channel,17-Jun-2021 | ACE VBS | Day 3 | AFGC Burma Camp | Ophir Ministries Outreach
PuWQAogVCgg,channel,16-Jun-2021 | ACE VBS | Day 2 | AFGC Burma Camp | Ophir Ministries Outreach
MWEnrsVbTlI,channel,15-Jun-2021 | ACE VBS | Day 1 | AFGC Burma Camp | Ophir Ministries Outreach
SWI3HkTCNls,channel,13-Jun-2021 | రూపాంతర కొండకు దారి |  Sunday Service | Second Message | Apostle Dr AS Ranjeet Ophir
RkBM4hY_1HM,channel,13-Jun-2021 | నీతి -- మన నిత్య స్వాస్థ్యం !! | First Message | Central Church | Dr AS Ranjeet Ophir
X4im7BdHN1E,channel,12-Jun-2021 | ప్రార్థనలెందుకు విఫలమవుతున్నాయి?? | Fasting Prayer  | Apostle Dr AS Ranjeet Ophir
aKu7TcR9nQg,channel,11-Jun-2021 | క్షీరసాగర మధనం | అపొ డా ఓఫీర్ గారితో ప్రశ్నోత్తరి | Q&A With Dr A S Ranjeet Ophir
LSto6hjDB44,channel,11-Jun-2021 | Part-2 | మన శత్రువును భయపెట్టే ఆయుధం!! | Fasting Prayer | Apo Dr AS Ranjeet Ophir
_TIolYyeHpo,channel,11-Jun-2021 | Part-1 | మన శత్రువును భయపెట్టే ఆయుధం!! | Fasting Prayer | Apo Dr AS Ranjeet Ophir
PYoiNyJeYOk,channel,28-May-2021 | భర్త లైంగికంగా అసమర్థుడైతే? | QA_000377 | Short Answers | Dr AS Ranjeet Ophir
0bNQwOaO5zI,channel,10-Jun-2021 | ప్రార్థన చేయడం ఎందుకు?? | Fasting Prayer | Central Church | Apo Dr AS Ranjeet Ophir
IGfonS7SKeg,channel,09-Jun-2021 | అద్భుతాలకు యుక్త కాలాలు !! | Fasting Prayer | Central Church | Apo Dr AS Ranjeet Ophir
tU3Is9Mj9y0,channel,08-Jun-2021 | నిర్ణయాలు మార్చుకునే దేవుడు!! | Fasting Prayer | Central Church | Dr AS Ranjeet Ophir
YzNKFwIsN_M,channel,07-Jun-2021 | ఆత్మ వరాలే కాదు..ఆత్మ ఫలమూ కావాలి!! | Short Messages | Apostle Dr AS Ranjeet Ophir
d0Kw4LYHjrY,channel,07-Jun-2021 | నాలుకతో చేసే పాపం!! | Short Messages | Apostle Dr AS Ranjeet Ophir
Xx09tUChfsM,channel,28-May-2021 | రెండవ రాకడ సమయం ఖచ్చితంగా చెప్పగలమా? | QA_000376 | Short Answers | Dr AS Ranjeet Ophir
T8a9RZiK7ns,channel,28-May-2021 | 666 ముద్ర ఎప్పుడొస్తుంది? | QA_000375 | Short Answers | Apostle Dr AS Ranjeet Ophir
s8oKBQpnoS8,channel,28-May-2021 | మూడవ మందిరం కట్టబడదా??! | QA_000374 | Short Answers | Apostle Dr AS Ranjeet Ophir
rqTIeLIbjE8,channel,"28-May-2021 | బిషప్ ఎర్నెస్ట్ కోమానపల్లి గారికి, అపొ రంజిత్ ఓఫీర్ నివాళి | QA_000373 | Dr AS Ranjeet"
3tFrbnBJbVs,channel,07-Jun-2021 | పరిశుద్దులలో కలిగే వేదనకు పరిష్కారం!!! | Short Messages | Apostle Dr AS Ranjeet Ophir
GefwaejJYUw,channel,06-Jun-2021 | అంత్యకాలపు యోసేపు ధాన్యపు కొట్టు!! | Short Messages | Apostle Dr A S Ranjeet Ophir
xlJPZrpXckI,channel,05-Jun-2021 | ఆధ్యాత్మిక పెట్రోల్ బంక్!! | Spiritual Warfare Series | Day 172 | Dr AS Ranjeet Ophir
5KzcK9_1_X4,channel,03-Jun-2021 |  బ్రదర్ ఏసన్న గారితో అపొ ఓఫీర్ గారి పరిచర్య విశేషాలు | Short Messages | Dr AS Ranjeet
w7R9ZdjyccM,channel,02-Jun-2021 | ప్రార్థనాయోధునికి ఉండాల్సిన మనోవైఖరి!! | Short Messages | Apostle Dr AS Ranjeet Ophir
MApGqppJxJQ,channel,03-Jun-2021 | వివాహ విషయంలో బ్రదర్ ఏసన్న గారి అద్భుత తీర్మానం | Short Messages | Dr AS Ranjeet Ophir
rD-wZOCzIzY,channel,04-Jun-2021 | భక్తి విజయం....!! | Spiritual Warfare Series | Day 171 | Apo Dr AS Ranjeet Ophir
CcrElt9MTyc,channel,03-Jun-2021 | ప్రభు యేసుని ప్రజలారా | Prabhu Yesuni Prajalara | Apo Dr AS Ranjeet Ophir Songs
VEolM05nep8,channel,03-Jun-2021 | ప్రభువా! నే నిన్ను నమ్మి | Prabhuva Ne Ninnu Nammi | Apo Dr AS Ranjeet Ophir Songs
eKzN5ISGWDA,channel,"03-Jun-2021 | అతిభక్తి అక్కరలేదు!! | Bible Study | TC Church, NY, US | Apostle Dr AS Ranjeet Ophir"
oxg8b7-VPPc,channel,03-Jun-2021 | రక్షణ పరమావధి - యుక్తమైన ప్రార్థన | Spiritual Warfare Series | Day 170 | Dr AS Ranjeet
SZDR-9yOCPo,channel,03-Jun-2021 | స్తుతి ఆరాధన | Spiritual Warfare Series | Day 170 | Apo Dr AS Ranjeet Ophir
KAToJikhZm4,channel,02-Jun-2021 | ప్రార్థనలు వినని దేవుడు?! | Short Messages | Apostle Dr A S Ranjeet Ophir
sbwOQTFCxfI,channel,02-Jun-2021 | మరణసర్పపు కోరలు పెరికిన యేసు!! | ITBC Ministries Conference | Apo Dr AS Ranjeet Ophir
yuJAqGzGMqA,channel,02-Jun-2021 | దేవుడు ఆమేన్ అని పలికే ప్రార్థన!! | Short Messages | Apostle Dr A S Ranjeet Ophir
zGUjFbE9erg,channel,02-Jun-2021 | నీవు చేయని ప్రార్థనలు వినే దేవుడు!! | Short Messages | Apostle Dr A S Ranjeet Ophir
QUvGuAEJgMc,channel,02-Jun-2021 | ప్రార్థన ఎలా ప్రారంభమైంది?? | Short Messages | Apostle Dr A S Ranjeet Ophir
VPVADKhveds,channel,02-Jun-2021 | గొడవ భోజనులు!! | Spiritual Warfare Series | Day 169 | Apostle Dr AS Ranjeet Ophir
e2LBkOarAhE,channel,01-Jun-2021 | ACE VBS | Day 6 | Central Church | Ophir Ministries
Wn0oaslcOfk,channel,01-Jun-2021 | ప్రార్థనలో అనంత ప్రభావం!! | Spiritual Warfare Series | Day 168 | Dr AS Ranjeet Ophir
yso9rhYt_sk,channel,31-May-2021 | స్వదేశానికి వెళ్తున్న పరమభక్తులు!! | Smt Padma's Memorial Service | Dr AS Ranjeet
dkjWONsP__o,channel,31-May-2021 | యుద్ధమే మన జీవిత పరమార్థం!! | Spiritual Warfare Series | Day 167 | Dr AS Ranjeet Ophir
bsWYXIGF8pE,channel,30-May-2021 | అగ్ని చూపిన కృప!! | Sunday Service | Second Message | Apostle Dr AS Ranjeet Ophir
Dn6ygqCJKeY,channel,30-May-2021 | Sunday Service | First Message | Central Church | Apostle Dr AS Ranjeet Ophir
G5MnLMJPOXQ,channel,29-May-2021 | సంపూర్ణ రాత్రి ప్రార్థన | Spiritual Warfare Series | Day 166 | Apo Dr AS Ranjeet Ophir
CZ1abnbH9dE,channel,28-May-2021 | క్షీరసాగర మధనం | అపొ డా ఓఫీర్ గారితో ప్రశ్నోత్తరి | Q&A With Dr A S Ranjeet Ophir
0gyL5e_kKls,channel,28-May-2021 | క్షీరసాగర మధనం | అపొ డా ఓఫీర్ గారితో ప్రశ్నోత్తరి | Q&A With Dr A S Ranjeet Ophir
lD9S8pU2TII,channel,28-May-2021 | క్షీరసాగర మధనం | అపొ డా ఓఫీర్ గారితో ప్రశ్నోత్తరి | Q&A With Dr A S Ranjeet Ophir
bRPieNvwK_0,channel,28-May-2021 | క్షీరసాగర మధనం | అపొ డా ఓఫీర్ గారితో ప్రశ్నోత్తరి | Q&A With Dr A S Ranjeet Ophir
DAKMliuGEMc,channel,28-May-2021 | ACE VBS | Day 5 | Central Church | Ophir Ministries
kBUw39esVCw,channel,28-May-2021 | యుద్ధం మధ్యలో స్తుతిధూపం!! | Spiritual Warfare Series | Day 165 | Dr AS Ranjeet Ophir
oigg-S5spTs,channel,27-May-2021 | ACE VBS | Day 4 | Central Church | Ophir Ministries
rK4ViE8rhG0,channel,27-May-2021 | ప్రార్థనలు వ్యర్థం అవుతాయా? | Intercessory Prayer  | Apo Dr AS Ranjeet Ophir
pHgGNz9CQaE,channel,27-May-2021 | సకల జనులు కూడరే | Sakala Janulu Kudare | Apo Dr A S Ranjeet Ophir Songs
ofvhBUproPw,channel,27-May-2021 | సర్వ కృపల నిధి....?! | Spiritual Warfare Series | Day 164 | Apo Dr AS Ranjeet Ophir
5p-LCvHVyIc,channel,26-May-2021 | ACE VBS | Day 3 | Central Church | Ophir Ministries
hF3_3jPiCX8,channel,26-May-2021 | నీతిమంతుని అసలైన లక్షణం!! | Short Messages | Apostle Dr A S Ranjeet Ophir
RwOFsDZ018M,channel,26-May-2021 | పీడకలలు వస్తున్నవారికందరికీ శుభవార్త!! | Short Messages | Apostle Dr A S Ranjeet Ophir
QShnf8niXbA,channel,26-May-2021 | శ్రీ యేసు కర్తను  | Sree Yesu Karthanu | Apostle Dr A S Ranjeet Ophir Songs
3HwnZr6bpgc,channel,26-May-2021 | మన ధైర్యమే మన విజయం!! | Spiritual Warfare Series | Day 163 | Apo Dr AS Ranjeet Ophir
WViRLZvW-iM,channel,22-May-2021 | దేవుని దృష్టిలో ఘనులు!! | Short Messages | Apostle Dr A S Ranjeet Ophir
xIEuqGBEO0w,channel,21-May-2021 | దేవునికి ఇష్టులెవరు?? | Short Messages | Apostle Dr A S Ranjeet Ophir
j7PxONcLruU,channel,22-May-2021 | బోధలను పరీక్షించే సెక్యూరిటీ సిస్టం!! | Short Messages | Apo Dr A S Ranjeet Ophir
dT3T8j5Y-6E,channel,25-May-2021 | ACE VBS | Day 2 | Central Church | Ophir Ministries
IQ72AYhWdUs,channel,25-May-2021 | వాక్యం వినే విధానం !! | Short Messages | Apo Dr A S Ranjeet Ophir
REmzb7u7-Uk,channel,25-May-2021 | ఓటమి ఎరుగని క్రైస్తవులు !! | Short Messages | Apostle Dr A S Ranjeet Ophir
a3za8B5iIao,channel,21-Apr-2021 | పావనుడా మా ప్రభువా | Paavanuda Maa Prabhuvaa | Apo Dr A S Ranjeet Ophir Songs
5dcBjSEU4jA,channel,25-May-2021 | కొండలు మనమాట ఎందుకు వింటాయి?? | Spiritual Warfare Series | Day 162 | Apo Dr AS Ranjeet
yCv_BGGzGRc,channel,24-May-2021 | ACE VBS | Central Church | Ophir Ministries
SAbFwE2DYpA,channel,24-May-2021 | మన అధికారం - మన బలం - మన విజయం!! | Spiritual Warfare Series | Day 161 | Dr AS Ranjeet
-i1onCp1NPE,channel,23-May-2021 | సర్వసత్యం అంటే?? | Sunday Service | Second Message | Apostle Dr A S Ranjeet Ophir
dkIZQHpT150,channel,14-May-2021 | మనకు మనమే బోధించుకోవడమా?!  | QA_000372 | Apostle Dr A S Ranjeet Ophir
oycK18oBkg0,channel,14-May-2021 | బైబిల్ గ్రంథంలో సంఖ్యల ప్రాముఖ్యత! | QA_000371 | Apostle Dr A S Ranjeet Ophir
GiyI1TrLIQI,channel,14-May-2021 | అపొస్తలుడు చెప్పిన రంజాన్ శుభాకాంక్షలు!! | QA_000370 | Apostle Dr A S Ranjeet Ophir
FZKqkOMhvTQ,channel,23-May-2021 | మనం రక్షణను పోగొట్టుకోగలమా? | Sunday Service | First Message | Apo Dr AS Ranjeet Ophir
Xlk6jK8_vtE,channel,21-May-2021 | యూదుడైన యేసును యూదులు ఎందుకు తృణీకరించారు? | QA_000369 | Apostle Dr A S Ranjeet Ophir
zA5iLo6qKko,channel,21-May-2021 | ప్రార్థన చేసి తెగుళ్ళను ఆపలేమా?? | QA_000366 | Apostle Dr A S Ranjeet Ophir
Zjy3R0zKM6w,channel,21-May-2021 | యెరూషలేములో మూడవ మందిరం ఎప్పుడు నిర్మించబడుతుంది? | QA_000367 | Dr A S Ranjeet Ophir
SB_sktLVUH8,channel,21-May-2021 | ప్రవక్తలందరూ బోధించలేదా?! | QA_000366 | Apostle Dr A S Ranjeet Ophir
-BY9lThGH9Q,channel,22-May-2021 | ACE Teachers Meet | Apo Dr AS Ranjeet Ophir
yGoymJNtqwM,channel,21-May-2021 | ఇజ్రాయెల్ - అరబ్ ఘర్షణల పూర్వాపరాలు! | QA_000365 | Apostle Dr A S Ranjeet Ophir
AGo71q5Jch4,channel,21-May-2021 | కరోనాకు నెల్లూరు వైద్యం ఓకేనా ?! | QA_000364 | Apostle Dr A S Ranjeet Ophir
6tdMDy5PXPw,channel,22-May-2021 | భయమే మన ప్రథమ శత్రువు!! | Spiritual Warfare Series | Day 160 | Apo Dr AS Ranjeet Ophir
ElE4wwHj1gs,channel,20-May-2021 | దైవసేవాసక్తిపరులు చేయాల్సిన పనులు!! | Short Messages | Apo Dr A S Ranjeet Ophir
vQ5i_Z3nWYE,channel,21-May-2021 | క్షీరసాగర మధనం | అపొ డా ఓఫీర్ గారితో ప్రశ్నోత్తరి | Q&A With Dr A S Ranjeet Ophir
R-wx339he0Q,channel,20-May-2021 | దైవజనులకు దేవదేవుని అత్యవసర సందేశం!! | Short Messages | Apo Dr A S Ranjeet Ophir
CJIwiCSS_1g,channel,21-May-2021 | మతమార్పిడులు ఎందుకు జరిగాయి?? | Short Messages | Apo Dr A S Ranjeet Ophir
S7tss4vtLSo,channel,21-May-2021 | అసలైన సూచకక్రియలు!! | Spiritual Warfare Series | Day 159 | Apo Dr AS Ranjeet Ophir
-e7qAibCj_k,channel,18-May-2021 | ఆదికాండములోని సువార్త పరిచర్య!! | Short Messages | Apo Dr A S Ranjeet Ophir
9Zy8wTcrsmQ,channel,18-May-2021 | సాతాను కనిన కుమారుడు?! | Short Messages | Apo Dr A S Ranjeet Ophir
IviWHp5G99I,channel,20-May-2021 | Agape Ladies Prayer Meet | Dr AS Ranjeet
p7LATKGZg0w,channel,20-May-2021 | అహం లేని అభిషిక్తుని స్వరం!! | Short Messages | Apo Dr A S Ranjeet Ophir
fHl_BkSKojA,channel,20-May-2021 | జయరాజు యేసు జెండా క్రింద | Jayaraju Yesu Jenda Krinda | Apo Dr A S Ranjeet Ophir Songs
MkrRhHXPGyE,channel,20-May-2021 | యేసుతో ఠీవి గాను పోదమా | Yesutho Teeviganu Podamaa | Apo Dr A S Ranjeet Ophir Songs
tRV7gwU8D9Y,channel,20-May-2021 | ఐక్యతను భగ్నం చేస్తున్న కొండ!! | Spiritual Warfare Series | Day 158 | Dr AS Ranjeet
Px6C-wzChJ8,channel,19-May-2021 | ఏ రీతి నీ ఋణం | Ye Reethi Nee Runam | Apo Dr A S Ranjeet Ophir Songs
0hZXRki-fa4,channel,19-May-2021 | వెళ్లిపోయిన కొండలు తిరుగుప్రయాణం! | Spiritual Warfare Series | Day 157 | Dr AS Ranjeet
z-f0yuaG6MU,channel,18-May-2021 | కరుణించి తిరిగి సమకూర్చు ప్రభువా | Karuninchi Tirigi | Apo Dr AS Ranjeet Ophir Songs
NkCbA6pn9eo,channel,18-May-2021 | కొండలను పిండి చేద్దాం రండి! | Spiritual Warfare Series | Day 156 | Dr AS Ranjeet Ophir
MbLqNkKMRf8,channel,11-May-2021 | Siyon Se Raja | सिय्योन से राजा आ रहा | సియోన్ సే రాజా | Apo Dr AS Ranjeet Ophir Songs
PUY-VvB_UrY,channel,02-May-2021 | Tum Bin Kaun Hare | तुम बिन कौन हरे | తుమ్ బిన్ కౌన్ హరే | Dr AS Ranjeet Ophir Songs
OWmy9fsIpfw,channel,17-May-2021 | కొనియాడి - పాడి కీర్తించి | Koniyadi Paadi Keertinchi | Dr AS Ranjeet Ophir Songs
tHqdLW4e7Pk,channel,17-May-2021 | అత్యవసర దైవ సేవ | Word Of God | ACE Teachers Prayer | Apostle Dr A S Ranjeet Ophir
woe8dTzIDdE,channel,17-May-2021 | ACE Club Teachers Prayer Meet | Apostle Dr A S Ranjeet Ophir
1NnbDW9SZRc,channel,17-May-2021 | పరిశుద్ధులలో వేదన ఎందుకు?? | Spiritual Warfare Series | Apostle Dr A S Ranjeet Ophir
yu638NLZHn0,channel,16-May-2021 |  స్తుతి నీకు తగియున్నది | Sthuthi Neeku Tagiyunnadi | Dr AS Ranjeet Ophir Songs
UmyqeakZgIQ,channel,16-May-2021 |  స్తుతి నీకు తగియున్నది | Sthuthi Neeku Tagiyunnadi | Dr AS Ranjeet Ophir Songs
U9_-14r7LwQ,channel,16-May-2021 | కేకలు వేయని చిన్నది...!! | Sunday Service | Second Message | Apo Dr A S Ranjeet Ophir
MqQolOHTlQc,channel,16-May-2021 | ఇదే క్రైస్తవ జీవితం....!! | Sunday Service | First Message | Apo Dr A S Ranjeet Ophir
K6j09wJsGP4,channel,01-May-2021 | కడవరి వర్షపు ఆశీర్వాదాలు!! | Short Messages | Apostle Dr A S Ranjeet Ophir
lUkCxzBbiCU,channel,14-May-2021 | ఒక జాతి పునరుత్థానం!! | Zion Prayer Calls Conference | Apostle Dr A S Ranjeet Ophir
r3k7As9P_xg,channel,"15-May-2021 | అనివార్యం, క్రీస్తు సంఘ విజయం !! | Spiritual Warfare Series | Apo Dr A S Ranjeet Ophir"
awpGXkW2haM,channel,14-May-2021 | ఆశీర్వాదానికి షార్ట్ కట్ ఉందా?? | Pr Emmanuel's Memorial Service | Dr AS Ranjeet Ophir
k2AoJseVz1k,channel,14-May-2021 | క్షీరసాగర మధనం | అపొ డా ఓఫీర్ గారితో ప్రశ్నోత్తరి | Q&A With Dr A S Ranjeet Ophir
P336Tbfe7Ss,channel,14-May-2021 | తోడేళ్ళను తరుముతున్న గొఱ్ఱెలు...!! | Spiritual Warfare Series | Dr A S Ranjeet Ophir
tNPHTtv83vY,channel,13-May-2021 | Agape Soldiers Intercession  | Apostle Dr A S Ranjeet Ophir
wH5M2IbUBXs,channel,13-May-2021 | నాలుగు కోణాల్లో మన పోరాటం !! | Spiritual Warfare Series | Apostle Dr A S Ranjeet Ophir
4norm3frOlw,channel,10-May-2021 |  ఏమి దాచగలను? నా ప్రభువా ! | Yemi Dachagalanu Naa Prabhuva | Dr AS Ranjeet Ophir Songs
FVY3_KD9dac,channel,10-May-2021 |  నీ నీడలో నన్ను దాచుము | Nee Needalo Nannu Dachumu | Apostle Dr AS Ranjeet Ophir Songs
0C1a8-8u4MQ,channel,12-May-2021 | అనివార్యం...త్వరలో ఒక మహా ఉజ్జీవం !! | Spiritual Warfare Series | Dr A S Ranjeet Ophir
1jRcdWTda6M,channel,10-May-2021 | హల్లెలూయ పాటలతో - ఆనంద గీతాలతో | Halleluya Patalatho | Apo Dr AS Ranjeet Ophir Songs
k5SrIsdMi-Q,channel,11-May-2021 | తిమోతీల యుగం వచ్చింది !! | Spiritual Warfare Series | Apostle Dr A S Ranjeet Ophir
NSjNW4Pphd0,channel,11-May-2021 | స్తుతి ఆరాధన | Spiritual Warfare Series | Apostle Dr A S Ranjeet Ophir
KjFCgcgx0IA,channel,10-May-2021 | సాతాను నాశనానికి యేసు అద్భుత వ్యూహం!! | Short Messages | Apostle Dr A S Ranjeet Ophir
DJkC67bC70s,channel,26-Apr-2021 | జీవమ నీవిక లేవవే యేసుని | Jeevama Neevika Levave Yesuni | Dr AS Ranjeet Ophir Songs
yBfQBUwk5nk,channel,10-Apr-2021 | మధుర మధుర మధురసేవ | Madhura Madhura Madhuraseva | Apostle Dr AS Ranjeet Ophir Songs
2chefmK7eXw,channel,10-May-2021 | భక్తుల మరణాల వెనుక దేవుని ప్రణాళిక!!| Spiritual Warfare Series | Dr A S Ranjeet Ophir
an_5gphjNBM,channel,10-May-2021 | స్తుతి ఆరాధన | Spiritual Warfare Series | Apostle Dr A S Ranjeet Ophir
spSZQ2Fx3l8,channel,09-May-2021 | ఆచరణాత్మక క్రైస్తవం....!! | Sunday Service | First Message | Apo Dr A S Ranjeet Ophir
iAsvtqm9Byg,channel,09-May-2021 | ఆచరణాత్మక క్రైస్తవం....!! | Sunday Service | First Message | Apo Dr A S Ranjeet Ophir
swjfSirs9rQ,channel,02-May-2021 | సీయోను  పురమా | Siyonu Purama | Apostle Dr AS Ranjeet Ophir Songs
kIT_9dJ_4Ns,channel,02-May-2021 | ధన్యుడెవడీ జగమునందున | Dhanyudevadee Jagamunanduna | Apostle Dr AS Ranjeet Ophir Songs
LUF4H3zHyEM,channel,08-May-20...21 | కరోనా కూడా క్రైస్తవునికి సేవ చేస్తోంది!! | Spiritual Warfare Series | Dr AS Ranjeet
_lxA2-VLGZ0,channel,08-May-2021 | స్తుతి ఆరాధన | Spiritual Warfare Series | Apostle Dr AS Ranjeet Ophir
eq40cfzfIio,channel,07-May-2021 | క్షీరసాగర మధనం | అపొ డా ఓఫీర్ గారితో ప్రశ్నోత్తరి | Q&A With Dr A S Ranjeet Ophir
OT6YwGxRAek,channel,07-May-2021 | కొండల మీదికి దిగివస్తున్న దేవుని ఉగ్రత!! | Spiritual Warfare Series | Dr AS Ranjeet
OI2dwZky0aI,channel,07-May-2021 | స్తుతి ఆరాధన | Spiritual Warfare Series | Apostle Dr A S Ranjeet Ophir
BYuyERDRQu4,channel,06-May-2021 | యుక్తిగల శత్రువుతో యుక్తిగల యుద్ధం!! | Spiritual Warfare Series | Dr A S Ranjeet Ophir
qNEm8hzbOxg,channel,06-May-2021 | సంపూర్ణ రాత్రి ప్రార్థన | Spiritual Warfare Series | Apostle Dr A S Ranjeet Ophir
1SAlnCCDpiU,channel,31  అసలైన నీతిమత్వం
DegQiTslJ1I,channel,05-May-2021 | కృప చూపుటలో దేవుని న్యాయం!! | Spiritual Warfare Series | Apostle Dr A S Ranjeet Ophir
Qf3fiGR-nwA,channel,05-May-2021 | సంపూర్ణ రాత్రి ప్రార్థన | Spiritual Warfare Series | Apostle Dr A S Ranjeet Ophir
QKGU2xAoas0,channel,04-May-2021 | ఆపత్కాలములో ఆశ్రయము! | Apostle Dr A S Ranjeet Ophir | Audio Messages
fZWOa9xCkuE,channel,04-May-2021 | అనాది పర్వతం vs నాశన పర్వతం...!! | Spiritual Warfare Series | Apo Dr AS Ranjeet Ophir
DMLXWEvhq5s,channel,04-May-2021 | స్తుతి ఆరాధన | Spiritual Warfare Series | Apostle Dr A S Ranjeet Ophir
Zn-6StkUcIk,channel,03-May-2021 | పరిశుద్ధాత్మను నిర్లక్ష్యపెట్టకండి !! | Spiritual Warfare Series | Dr AS Ranjeet Ophir
oKxlMgIVJBE,channel,02-May-2021 | దైవానందం - భక్తానందం!! | Sunday Service | Second Message | Apo Dr A S Ranjeet Ophir
dTAl3lfuUBQ,channel,02-May-2021 | స్తుతి ఆరాధన | Sunday Service | Central Church | Apostle Dr A S Ranjeet Ophir
u2zFp1rccWw,channel,02-May-2021 | అసలైన మహోపకారం | Sunday Service | First Message | Apostle Dr A S Ranjeet Ophir
QWW18i3g0To,channel,01-May-2021 | అసంపూర్ణులకు ఆశ్రయము! | Apostle Dr A S Ranjeet Ophir | Audio Messages
paUfwlQULuc,channel,01-May-2021 | పరిశుద్ధాత్మవశులే జెరుబ్బాబెలులు అవుతారు!!  | Spiritual Warfare Series | Dr AS Ranjeet
czp5bGMqa5U,channel,30-Apr-2021 | ఆత్మవశుడనగా? | Short Messages | Apostle Dr A S Ranjeet Ophir
UwRV8mOzZaY,channel,29-Apr-2021 | జెరుబ్బాబెలుల పవిత్ర ద్వేషం...!! | Spiritual Warfare Series | Dr AS Ranjeet Ophir
9F6BxX_M1Zk,channel,30-Apr-2021 | నరహంతకుని ఆశ్రయం! | Apostle Dr A S Ranjeet Ophir | Audio Messages
_sDDMVs1rlE,channel,30-Apr-2021 | జెకర్యా బోధ జెరుబ్బాబెలులు వినాలి..!! | Spiritual Warfare Series | Dr AS Ranjeet Ophir
yrtGDyya0Mk,channel,30-Apr-2021 | స్తుతి ఆరాధన | Spiritual Warfare Series | Apostle Dr A S Ranjeet Ophir
256dwX39rak,channel,29-Apr-2021 | జెరుబ్బాబెలుల పవిత్ర ద్వేషం...!! | Spiritual Warfare Series | Dr A S Ranjeet Ophir
PRjoV_R0jI0,channel,29-Apr-2021 | సంపూర్ణ రాత్రి ప్రార్థన | Spiritual Warfare Series | Apostle Dr A S Ranjeet Ophir
wGj8AVW_qNc,channel,28-Apr-2021 | దేవుడు వాడుకొను మనుష్యుడు!! | Short Messages | Apostle Dr A S Ranjeet Ophir
WmoFEpoaowQ,channel,28-Apr-2021 | రెండంచెల యాజకత్వమే మెల్కీసెదెకు క్రమం...!! | Spiritual Warfare Series | Dr AS Ranjeet
GY-R6IeVzrs,channel,27-Apr-2021 | కృపలో జీవిస్తేనే జెరుబ్బాబెలులం అవుతాం!! | Spiritual Warfare Series |  Dr A S Ranjeet
pCGjnotqy94,channel,27-Apr-2021 | కృపలో జీవిస్తేనే జెరుబ్బాబెలులం అవుతాం!! | Spiritual Warfare Series |  Dr A S Ranjeet
qEgpiVlvyH8,channel,26-Apr-2021 | క్రైస్తవ పరిశుద్దత! | Apostle Dr A S Ranjeet Ophir | Audio Messages
x9dwCOiKnAg,channel,26-Apr-2021 | జెరుబ్బాబెలుల ప్రత్యేక ఆహారం...!! | Spiritual Warfare Series |  Dr A S Ranjeet Ophir
qyaGMl4ghyA,channel,26-Apr-2021 | స్తుతి ఆరాధన | Spiritual Warfare Series | Apostle Dr A S Ranjeet Ophir
77FANhACYtg,channel,25-Apr-2021 | భక్తిగల నాస్తికులు!! | Sunday Service | Second Message | Apostle Dr A S Ranjeet Ophir
CebyWQhu-co,channel,25-Apr-2021 | Praise & Worship | Sunday Service | Central Church | Apostle Dr A S Ranjeet Ophir
vroil65uSIg,channel,25-Apr-2021 | రానున్న కష్టకాలం కొరకు సిద్ధపడుదాం!! | Apostle Dr A S Ranjeet Ophir
GJv6lm5gzrg,channel,25-Apr-2021 | Important Announcement | Apostle Dr AS Ranjeet Ophir
VRw7yP4akxA,channel,25-Apr-2021 | ప్రవక్తకైనా తప్పని పశ్చాత్తాపం!! | Sunday Service | First Message | Dr AS Ranjeet
6yBj0XMTUT0,channel,25-Apr-2021 | Sunday Service | First Message | Central Church | Apostle Dr A S Ranjeet Ophir
p-7qzTrlNGo,channel,24-Apr-2021 | హైందవ క్రైస్తవం విరోధులకు సామాన్యుడి సవాల్ | Bro. Suresh Testimony | Ophir Ministries
qUeKOQyZb4s,channel,24-Apr-2021 | యాజకుని అర్హతలు? | Apostle Dr A S Ranjeet Ophir | Audio Messages
u9B78FAM6no,channel,24-Apr-2021 | కొండలను పెకలించే శక్తి మనలో ఎందుకు ఉంది? | Spiritual Warfare Series | Dr AS Ranjeet
Qo7MrizD9JE,channel,23-Apr-2021 | యేసువైపు చూచుచు!! | Apostle Dr A S Ranjeet Ophir | Audio Messages
ZnRzgjbX1Jo,channel,23-Apr-2021 | ప్రేమమూర్తులే కొండలు పెకలించగలరు!! | Spiritual Warfare Series | Dr A S Ranjeet Ophir
0ZzsRrtVboY,channel,22-Apr-2021 | అసంపూర్ణమైన ఒప్పుకోలు? | Apostle Dr A S Ranjeet Ophir | Audio Messages
VhXHb41R6hI,channel,22-Apr-2021 | అధిక నీతితో ఘోర ప్రమాదం....! | Spiritual Warfare Series | Apostle Dr AS Ranjeet Ophir
IH8b58Rc1zk,channel,21-Apr-2021 | కొండలను పెకలించే పరిశుద్ధాత్మ తర్కము!! | Spiritual Warfare Series | Dr AS Ranjeet
bNa9rBE48tg,channel,16-Apr-2021 | దేవునియందు నిరీక్షణ యుంచి | Apo Dr AS Ranjeet Ophir Songs
TFpOttxlJ1M,channel,05-Mar-2021 | పంచభూతాలకు ఆత్మలు? | QA_000362 | Apostle Dr A S Ranjeet Ophir
gpXcPlR_sak,channel,05-Mar-2021 | గ్రహాంతరవాసులను దేవుడు ఎందుకు సృష్టించాడు?? | QA_000361 | Apostle Dr A S Ranjeet Ophir
diAFaidtzqY,channel,05-Mar-2021 | రక్షణలేని సంఘపెద్దలు?! | QA_000361 | Apostle Dr A S Ranjeet Ophir
VkYBiO_tYRM,channel,05-Mar-2021 | యేసు మద్యపానాన్ని ప్రోత్సహించాడా? | QA_000360 | Apostle Dr A S Ranjeet Ophir
PU6qZ7E6BN8,channel,05-Mar-2021 | తలాంతులు అంటే కృపావరాలా?? | QA_000359 | Apostle Dr A S Ranjeet Ophir
03YHp0wPaRs,channel,05-Mar-2021 | ఆఫ్రికన్ దురాత్మలు?! | QA_000358 | Apostle Dr A S Ranjeet Ophir
Wod55Yiqh9M,channel,05-Mar-2021 | వాక్యమే దేవుడైతే తండ్రి అయిన దేవుడు ఏమిటి?? | QA_000357 | Apostle Dr A S Ranjeet Ophir
jZ0x5UmAXg4,channel,05-Mar-2021 | బైబిల్ చదివి రష్యా నశించకుండా జాగ్రత్తపడుతుందా?? | QA_000356 | Dr A S Ranjeet Ophir
WsaOr8g2X1E,channel,20-Apr-2021 | పాపము చేసిన యెడల? | Apostle Dr A S Ranjeet Ophir | Audio Messages
vrCMYprsy2c,channel,20-Apr-2021 | క్రైస్తవులైతే చాలదు జెరుబ్బాబెలులు కావాలి!! | Spiritual Warfare Series | Dr AS Ranjeet
MUZXC3skNzw,channel,05-Mar-2021 | ఇండోనేషియాలో రక్తపు వాన?! | QA_000355 | Apostle Dr A S Ranjeet Ophir
wyhRYBzdwBc,channel,"05-Mar-2021 | మార్కు సువార్తలోని ""పడుచువాడు"" ఎవరు?? | QA_000354 | Apostle Dr A S Ranjeet Ophir"
Aayg-9pMuVk,channel,05-Mar-2021 | తప్పిపోయిన కుమారుల పట్ల మన బాధ్యత ?! | QA_000353 | Apostle Dr A S Ranjeet Ophir
OiDTdElI_LE,channel,05-Mar-2021 | క్రైస్తవులు ఈతకల్లు తాగవచ్చా?! | QA_000352 | Apostle Dr A S Ranjeet Ophir
UbIVpOHj7dk,channel,05-Mar-2021 | సంపూర్ణ పరిశుద్ధత మనకు సాధ్యమేనా?? | QA_000351 | Apostle Dr A S Ranjeet Ophir
XJhaxNggsdY,channel,"05-Mar-2021 | అగ్నిలోనూ, పరిశుద్ధాత్మలోనూ బాప్తీస్మం ?! | QA_000350 | Apostle Dr A S Ranjeet Ophir"
cirhLXPm3cE,channel,05-Mar-2021 | క్రైస్తవులు యోగసాధన చేయొచ్చా?? | QA_000349 | Apostle Dr A S Ranjeet Ophir
_7WyT9jbuZc,channel,05-Mar-2021 | దావీదు బాల్యం ఎలా గడిచింది?? | QA_000348 | Apostle Dr A S Ranjeet Ophir
PMcczJsJJb4,channel,05-Mar-2021 |  దశమభాగాలు పాస్టర్లు ఎంజాయ్ చేయడానికా?! | QA_000347 | Apostle Dr A S Ranjeet Ophir
LnAeailCgBc,channel,05-Mar-2021 | కృపావరాలను ఎప్పుడు వాడుకోవాలి? | QA_000346 | Apostle Dr A S Ranjeet Ophir
vI9SWwg5Q6U,channel,19-Apr-2021 | షూలమ్మితీ యుద్ధ వ్యూహం....!! | Spiritual Warfare Series | Apostle Dr AS Ranjeet Ophir
tr0pgU0l_14,channel,18-Apr-2021 | ఆధ్యాత్మిక మానభంగం....!! | Sunday Service | Second Message | Apo Dr AS Ranjeet Ophir
Qm7PXGYEukU,channel,18-Apr-2021 | Part-1 | Sunday Service | Second Message | Central Church | Apo Dr AS Ranjeet Ophir
nAFNyw2T7aY,channel,18-Apr-2021 | మన క్షేమాధారం!! | Sunday Service | First Message | Apo Dr AS Ranjeet Ophir
dbDe12SnDQQ,channel,04-Apr-2021 | యేసు పరిశుద్ధతకు తిరుగులేని రుజువు!! | Apostle Dr AS Ranjeet Ophir
fr4EcXXnz88,channel,17-Apr-2021 | రక్తము వలన ధైర్యం!! | Apostle Dr A S Ranjeet Ophir | Audio Messages
y91x0cI1c8s,channel,17-Apr-2021 | నాశనమవుతున్న ఆర్థిక ఇబ్బందుల కొండ!! | Spiritual Warfare Series | Dr AS Ranjeet Ophir
aMt8sf3CuHg,channel,04-Mar-2021 | Dr Ophir's Grand Daughter (అపొ ఓఫీర్ గారి మనవరాలు) |  Baby Dharani's Birthday Ceremony
ELLzMcsuoUE,channel,16-Apr-2021 | సంపూర్ణులు ఎవరు? | Apostle Dr A S Ranjeet Ophir | Audio Messages
8WrRPFePgL4,channel,16-Apr-2021 | రెండు సేనలు...ఒకే పోరాటం...!! | Spiritual Warfare Series | Apostle Dr AS Ranjeet Ophir
kIMKw1I2f04,channel,15-Apr-2021 | ఆత్మాభిషేకం మీకు కావాలా?? | Part-2 | Gajwel | Apostle Dr AS Ranjeet Ophir
R1OEE1yV7Ew,channel,15-Apr-2021 | ఆత్మాభిషేకం మీకు కావాలా?? | Praise & Worship Meeting | Gajwel | Dr AS Ranjeet Ophir
XXxT3-NIMAM,channel,"22-Mar-2021| మేలుకొలుపు మహా సభలు,మొదటి రోజు రాత్రి సభ, పాయక రావు పేట   , తుని | Dr Ranjeet Ophir"
JDq4iTNeExo,channel,15-Apr-2021 | సాతానుని గూర్చి అబద్ధాలు చెప్పే కొండ!! | Spiritual Warfare Series | Dr AS Ranjeet
KMhmFnTnohw,channel,"14-Apr-2021 | సాతాను కుట్రకు దేవుని జవాబు!! | AFGC Malkajgiri, 8th Anniversary | Dr AS Ranjeet Ophir"
qYyfjHbo37o,channel,14-Apr-2021 | సిద్దపడుడి! | Apostle Dr A S Ranjeet Ophir | Audio Messages
jpt5gl2_Pcg,channel,14-Apr-2021 | జీవాన్ని సొంతం చేసుకుందాం...!! | Spiritual Warfare Series | Apo Dr A S Ranjeet Ophir
2OXOSzXZk5k,channel,13-Apr-2021 | స్త్రీలలో అధిక సుందరి! | Apostle Dr A S Ranjeet Ophir | Audio Messages
7wdnACf3JHg,channel,"13-Apr-2021 | ఈ గడియ మనది, ఇప్పుడు జయం మనది...!! | Spiritual Warfare Series | Dr A S Ranjeet Ophir"
Y-okDOBYyvI,channel,12-Apr-2021 | తండ్రి శిక్షించిన కుమారులు! | Apostle Dr A S Ranjeet Ophir | Audio Messages
qv_BQ4SP1x0,channel,12-Apr-2021 | మందిర నిర్మాణం ఆపడానికి బురద చల్లే కొండలు!? | Spiritual Warfare Series | Dr AS Ranjeet
Bp2BqlP9PGo,channel,11-Apr-2021| Sunday Service | Second Message | Central Church | Apostle Dr A S Ranjeet Ophir
Z8NvsLaC2aM,channel,11-Apr-2021 | Sunday Service | First Message | AFGC Malkajgiri | Apo Dr AS Ranjeet Ophir
ix4CvQWLwXg,channel,11-Apr-2021 | క్రైస్తవ విరోధ కొండపై దేవుని గండ్రగొడ్డలి!! | Spiritual Warfare Series | Dr AS Ranjeet
riWObCFzZqI,channel,10-Apr-2021 | ఉపవాస ఉద్దేశ్యములు!! | Apostle Dr A S Ranjeet Ophir | Audio Messages
OOzTIa2M-Ww,channel,10-Apr-2021 | కొండను పెకలించిన దావీదులు....!! | Spiritual Warfare Series | Apo Dr A S Ranjeet Ophir
T4n5Y8cF-oo,channel,10-Apr-2021 | స్తుతి ఆరాధన | Praise & Worship | Apostle Dr A S Ranjeet Ophir
6MBdq6TGhus,channel,09-Apr-2021 | వధువు కనీస అర్హత? | Apostle Dr A S Ranjeet Ophir | Audio Messages
O1-v9ChOkLM,channel,09-Apr-2021 | యుద్ధం చేయలేని యుద్ధసన్నద్ధులు...!! | Spiritual Warfare Series | Dr A S Ranjeet Ophir
QWMNYSva9J0,channel,09-Apr-2021 | సంపూర్ణ రాత్రి ప్రార్థన | Spiritual Warfare Series | Apostle Dr A S Ranjeet Ophir
GuCRZLCCf7c,channel,08-Apr-2021 | యేసే సూత్రధారి!! | Apostle Dr A S Ranjeet Ophir | Audio Messages
gozE_J26YWo,channel,08-Apr-2021 | సర్వాంగ కవచానికే కవచం....!! | Spiritual Warfare Series | Apostle Dr A S Ranjeet Ophir
2iobJEzR6qk,channel,07-Apr-2021 | ప్రార్థనే కాదు ప్రాణరక్షణ కూడా ఉండాలి! | Apostle Dr A S Ranjeet Ophir | Audio Messages
ChKJsklg6Io,channel,07-Apr-2021 | భక్తులందరి ప్రసంగాలకు పరమార్థం ఇదే!! | Spiritual Warfare Series | Dr AS Ranjeet Ophir
LfF-vKZ7_Ms,channel,06-Apr-2021 | ఉత్తమ భక్తుని హృదయ వాంఛలు! | Apostle Dr A S Ranjeet Ophir | Audio Messages
3TF43C1f3eM,channel,05-Apr-2021 | నీతిలేని తీర్పరులు | షార్ట్ ఫిల్మ్ | Ophir Ministries
EYX02giOEbs,channel,05-Apr-2021 | Apo Dr Ranjeet Ophir's 62nd Birthday Celebrations | Nizampet | Ophir Ministries
2evc3g60iMQ,channel,05-Apr-2021 | సంస్కరణ కారణం?  | Apostle Dr A S Ranjeet Ophir | Audio Messages
0D2ye9XWAfI,channel,05-Apr-2021 | కవచాల దొంగ సాతాను!! | Spiritual Warfare Series | Apostle Dr A S Ranjeet Ophir
3oHZUWo59J4,channel,04-Apr-2021 | Word Of God | Birthday Ceremony | Apo Dr A S Ranjeet Ophir
7Ub2QWWK0KE,channel,04-Apr-2021 | Easter Worship Service | Second Message | Central Church | Apo Dr A S Ranjeet Ophir
RHes0BI6-Wk,channel,04-Apr-2021 | Easter Worship Service | First Message | Central Church | Apostle Dr A S Ranjeet Ophir
wjEfrZElq3E,channel,04-Apr-2021 | సంపూర్ణ రాత్రి ప్రార్థన | Spiritual Warfare Series | Apostle Dr A S Ranjeet Ophir
MYEzWjikgC4,channel,04-Apr-2021 | స్తుతి ఆరాధన-సంపూర్ణ రాత్రి ప్రార్థన | Spiritual Warfare Series | Dr AS Ranjeet Ophir
Kroli1oJlns,channel,03-Apr-2021 | జ్ఞానము స్నానము!  | Apostle Dr A S Ranjeet Ophir | Audio Messages
VDOyfSEMzO4,channel,03-Apr-2021 | సత్యమనే దట్టీ ఎందుకు? | Spiritual Warfare Series | Apostle Dr A S Ranjeet Ophir
KKhrZAMy9n8,channel,03-Apr-2021 | స్తుతి ఆరాధన-సంపూర్ణ రాత్రి ప్రార్థన | Spiritual Warfare Series | Dr AS Ranjeet Ophir
fs50xx6iCfs,channel,02-Apr-2021 | క్షీరసాగర మధనం | అపొ డా ఓఫీర్ గారితో ప్రశ్నోత్తరి | Q&A With Dr A S Ranjeet Ophir
U3sv0lt09-M,channel,02-Apr-2021 | సిలువ నేర్పిన ఉత్తమ మానవత్వం!! | Good Friday Service | Apo Dr A S Ranjeet Ophir
1GnLUDSlAFI,channel,02-Apr-2021 | Good Friday Service | శుభ శుక్రవారపు ఆరాధన | Central Church | Apo Dr A S Ranjeet Ophir
rV9hNhQbphI,channel,02-Apr-2021 | విరాట్ పురుష యజ్ఞఫలాలు | Good Friday Service | Apostle Dr A S Ranjeet Ophir
rjvGNkD_PPM,channel,02-Apr-2021 | యెహోవా నీతి! | Apostle Dr A S Ranjeet Ophir | Audio Messages
Nj9BdpECVzE,channel,02-Apr-2021 | సిలువ చేత విజయోత్సవం....!! | Spiritual Warfare Series | Apostle Dr A S Ranjeet Ophir
9-UV_qoswEU,channel,01-Apr-2021 | క్షమకు కారణం! | Apostle Dr A S Ranjeet Ophir | Audio Messages
yf_TUkj3mfY,channel,01-Apr-2021 | భక్తుల చేతిలో వింత ఖడ్గం...!! | Spiritual Warfare Series | Apo Dr A S Ranjeet Ophir
FIYmvcSjnKY,channel,31-Mar-2021 | క్రీస్తు భవితవ్యం! | Apostle Dr A S Ranjeet Ophir | Audio Messages
CTQ8iz0PXBU,channel,31-Mar-2021 | సీయోను కొండ vs నాశన పర్వతం!! | Spiritual Warfare Series | Apostle Dr A S Ranjeet Ophir
U7oZL0B0Hjc,channel,30-Mar-2021 | కదులుతున్న ఆకాశశక్తులు!? | Apostle Dr A S Ranjeet Ophir | Audio Messages
Ft9TwootBGw,channel,30-Mar-2021 | నిరీక్షణని కాపాడుకుందాం....!! | Spiritual Warfare Series | Apo Dr A S Ranjeet Ophir
NcNx2IfgwAM,channel,29-Mar-2021 | కార్యసాధకుల లక్షణములు!! | Apostle Dr A S Ranjeet Ophir | Audio Messages
L2XO4igc5zk,channel,29-Mar-2021 | మ్రోగింది క్రీస్తు సైనికుల యుద్ధభేరి!! | Spiritual Warfare Series | Dr AS Ranjeet
PuTzoB1772I,channel,29-Mar-2021 | సంపూర్ణ రాత్రి ప్రార్థన | Spiritual Warfare Series | Apostle Dr A S Ranjeet Ophir
5jZsN3pZk2k,channel,28-Mar-2021 | నీతిలేని తీర్పరులు | షార్ట్ ఫిలిం - ట్రైలర్ | Ophir Ministries
pNIiIrG6s0U,channel,28-Mar-2021 | మట్టలాదివారపు ప్రాముఖ్యత!! | Sunday Service | Second Message | Dr A S Ranjeet Ophir
HbUwed-wMzg,channel,28-Mar-2021 | పశ్చాత్తాపం సరిపోదు...!! Sunday Service | First Message | Apo Dr A S Ranjeet Ophir
PnWsEzBFaQY,channel,28-Mar-2021 | రాత్రి ప్రార్థనలెందుకు? | Spiritual Warfare Series | Apostle Dr A S Ranjeet Ophir
9548ncUWMJA,channel,27-Mar-2021 | నిత్యమూ సత్యవంతులు ఎవరు? | నిజాంపేట చర్చ్  | Apostle Dr A S Ranjeet Ophir
EniZObs4MLw,channel,27-Mar-2021 | దేవుని చిన్నపిల్లలు | Apostle Dr A S Ranjeet Ophir | Audio Messages
JHzK2QU3jEs,channel,27-Mar-2021 | ఎదిరించడమే మన విజయం.....!! | Spiritual Warfare Series | Apostle Dr A S Ranjeet Ophir
HNgyoc1-EEc,channel,26-Mar-2021 | క్షీరసాగర మధనం | అపొ డా ఓఫీర్ గారితో ప్రశ్నోత్తరి | Q&A With Dr A S Ranjeet Ophir
edaz-Esp7jI,channel,26-Mar-2021 | చక్కగా నిలువబడుడి | Apostle Dr A S Ranjeet Ophir | Audio Messages
Pztx6SxqRpE,channel,26-Mar-2021 | వ్యూహం లేకపోవడమే సాతాను వ్యూహం...!! | Spiritual Warfare Series | Dr A S Ranjeet Ophir
a-GOs7ofVns,channel,25-Mar-2021 | Wedding Message | Apo Dr A S Ranjeet Ophir
BDINKl0T6LI,channel,25-Mar-2021 | సాతాను వ్యూహం... యుద్ధ విరమణ!! | Spiritual Warfare Series | Apo Dr A S Ranjeet Ophir
37y7kaWA6Hg,channel,24-Mar-2021 | రారాజు యేసు రాకడ | Audio Message | Apostle Dr A S Ranjeet Ophir
G1N_lJBcr7A,channel,23-Mar-2021 | భక్తికి అసలైన అర్థం!! | మేలుకొలుపు మహాసభలు | Payakaraopeta  | Apo Dr AS Ranjeet Ophir
fj8fySVCpcs,channel,"23-Mar-2021 | AFGC, మేలుకొలుపు మహా సభలు, బైబిల్ స్టడీ  | Apo Dr AS Ranjeet Ophir"
BxjPR_V74yE,channel,"23-Mar-2021 | AFGC, మేలుకొలుపు మహా సభలు, బైబిల్ స్టడీ  | Apo Dr AS Ranjeet Ophir"
EypFktwYN7c,channel,28-Feb-2021 | సత్య స్వరూపిని గూర్చిన సర్వసత్యం | Apostle Dr A S Ranjeet Ophir | Audio Messages
Z9fjYpRA0v0,channel,23-Mar-2021 | మనము చేయునదంతయు సఫలమగును....!! | Spiritual Warfare Series | Apo Dr AS Ranjeet Ophir
ZjbktbJbtjg,channel,"22-Mar-2021| మేలుకొలుపు మహా సభలు ,,పాయక రావు పేట , తుని  | Dr Ranjeet Ophir"
zYuBjYYgLyM,channel,"22-Mar-2021| మేలుకొలుపు మహా సభలు ,,పాయక రావు పేట , తుని  | Dr Ranjeet Ophir"
9p54ELkLUNY,channel,"22-Mar-2021| మేలుకొలుపు మహా సభలు ,,పాయక రావు పేట , తుని  | Dr Ranjeet Ophir"
MHznF3DBIo4,channel,"22-Mar-2021| బైబిల్ స్టడీ  ,AFGC ,పాయక రావు పేట , తుని  | Dr Ranjeet Ophir"
6O20qGOKtEc,channel,"22-Mar-2021 |అపో!ఓఫిర్ గారి గ్రంథ పరిచయం ,AFGC ,పాయక రావు పేట , తుని  | Dr Ranjeet Ophir"
dCBcGzK8OTA,channel,22-Mar-2021 | సంఘములో యెజెబెలు కార్యాలు | Audio Message | Apostle Dr A S Ranjeet Ophir
BL1Pz75ecEg,channel,22-Mar-2021 | అనుబంధాలు త్రెంచుకోవడమూ ఆధ్యాత్మిక యుద్ధమే!! | Spiritual Warfare Series | Dr Ranjeet
WT31btlMBhw,channel,21-Mar-2021 | జీవితా యాత్ర లో నాదు గురి నీవెగా | Jeevitha Yatralo Naadu | Dr AS Ranjeet Ophir Songs
DeQYder0qF4,channel,21-Mar-2021 | హల్లెలూయా యేసుప్రభున్ | Halleluya Yesu Prabhun | Apostle Dr AS Ranjeet Ophir Songs
KhagWqbDSNo,channel,21-Mar-2021 | దేవుడొక్క నగరము మనకొరకై | Devudokka Nagaram Mana Korakai | Dr AS Ranjeet Ophir Songs
P3w6hJbEwMQ,channel,21-Mar-2021 | దేవుని కోసం అన్నీ చేద్దాం!! | Sunday Service | Second Message | Dr AS Ranjeet Ophir
cONwnHq4PCU,channel,21-Mar-2021 | Sunday Service | Second Message | Central Church | Apostle Dr A S Ranjeet Ophir
kO5jhXWw-nQ,channel,21-Mar-2021 | మనవి కాని పాపాలు మనలో ఉన్నాయి!!?? | Sunday Service First Message | Dr AS Ranjeet Ophir
xgjxaB6V-Go,channel,21-Mar-2021 | సాతాను కంటిని వాడి వ్రేలితోనే పొడుద్దాం..!! | Spiritual Warfare Series | Dr AS Ranjeet
rE-Pzr18QFk,channel,21-Mar-2021 | స్తుతి ఆరాధన - సంపూర్ణ రాత్రి ప్రార్థన | Spiritual Warfare Series | Dr AS Ranjeet
DabCFbWuhvk,channel,"20-Mar-2021 |నకిరేకల్, అభిషిక్త సేవకుల సదస్సు  | Apostle Dr AS Ranjeet Ophir"
bwAJY64dR_Y,channel,20-Mar-2021 | క్రొత్త ఋజువులెందుకు | Audio Message | Apostle Dr A S Ranjeet Ophir
YCfjk4X6ZvY,channel,20-Mar-2021 | సౌలు ఈటెకు దొరకకండి....!! | Spiritual Warfare Series | Apostle Dr AS Ranjeet Ophir
9SLDMtZMB5A,channel,20-Mar-2021 | స్తుతి ఆరాధన-సంపూర్ణ రాత్రి ప్రార్థన | Spiritual Warfare Series | Dr AS Ranjeet Ophir
YW8EuIXawq4,channel,19-Mar-2021 | తెగింపు వెనుక రహస్యం | Audio Message | Apostle Dr A S Ranjeet Ophir
YTuf7w65jYM,channel,"19-Mar-2021 | మనస్సును జయిస్తే, విశ్వాన్ని జయిస్తాం!! | Spiritual Warfare Series | Dr AS Ranjeet"
-bEIqru5BPQ,channel,18-Mar-2021 | ప్రస్తుత యుగ ధర్మం | Audio Message | Apostle Dr A S Ranjeet Ophir
Ij0iVD_3dWc,channel,18-Mar-2021 | యెరికో వినాశనం.....!! | Spiritual Warfare Series | Apostle Dr A S Ranjeet Ophir
IuUHoKm12Z4,channel,17-Mar-2021 | Wedding Message | Apostle Dr AS Ranjeet Ophir
KdcHCkftd2Y,channel,17-Mar-2021 | క్రైస్తవుడి సమాధానము | Audio Message | Apostle Dr A S Ranjeet Ophir
DOwdilFfU74,channel,17-Mar-2021 | బలవంతులమవుదాం రండి....!! | Spiritual Warfare Series | Apostle Dr AS Ranjeet Ophir
I5E7-ouq5o0,channel,17-Mar-2021 | సంపూర్ణ రాత్రి ప్రార్థన | స్తుతి ఆరాధన | Spiritual Warfare Series | Dr AS Ranjeet
aScI315svWs,channel,12-Feb-2021 | దశమభాగాన్ని ఎలా నిర్ణయించాలి? | QA_000345 | Apostle Dr A S Ranjeet Ophir
8hHr9zpuS0U,channel,12-Feb-2021 | ప్రతి నేత్రం యేసుని ఎలా చూస్తుంది ?! | QA_000344 | Apostle Dr A S Ranjeet Ophir
NKeaRi6mF1Y,channel,12-Feb-2021 | క్రైస్తవ నాయకులలో పిరికితనమెందుకు?? | QA_000343 | Apostle Dr A S Ranjeet Ophir
pmRGGvxcz1g,channel,12-Feb-2021 | ఆశీర్వాదానికి యోగ్యమైన ఇల్లు? | QA_000342 | Apostle Dr A S Ranjeet Ophir
ScbsamI8tB0,channel,16-Mar-2021 | గర్భాలయ సహవాసం | Audio Message | Apostle Dr A S Ranjeet Ophir
stuQYUj8NHk,channel,16-Mar-2021 | దేవుణ్ణి గెలిపించే భక్తులు...!! | Spiritual Warfare Series | Apo Dr AS Ranjeet Ophir
cPGJ1E6Od1o,channel,26-Feb-2021 |  యోహాను మీదికి ఏలియా ఆత్మ ఎలా వచ్చింది?? | QA_000341 | Apostle Dr A S Ranjeet Ophir
dh4AvuLhK6U,channel,26-Feb-2021 | నిద్రపోవడం పాపమా?! | QA_000340 | Apostle Dr A S Ranjeet Ophir
6sHnXBXBM-k,channel,"26-Feb-2021 | ""స్వస్థత"" పూర్వాపరాలు!! | QA_000338 | Apostle Dr A S Ranjeet Ophir"
4eudy3KQhXI,channel,15-Mar-2021 | భక్తుల పతనానికి కారణం | Audio Message | Apostle Dr A S Ranjeet Ophir
OUkweomsVFc,channel,14-Mar-2021 | సిలువలో విశ్వవిజయోత్సవం!! | SMB Church | Vizianagaram | Dr AS Ranjeet Ophir
_TvoXvwhlVw,channel,14-Mar-2021| Sunday Worship | Vizianagaram | Apostle Dr A S Ranjeet Ophir
UZOjaRDVuco,channel,14-Mar-2021| Sunday Worship |SMB Church Vizianagaram | Apostle Dr A S Ranjeet Ophir
KQMyiKUjyvU,channel,14-Mar-2021| సంపూర్ణ రాత్రి  ప్రార్దన | Spiritual Warfare Series | Apostle Dr A S Ranjeet Ophir
r5tsPFmzSbA,channel,13-Mar-2021 | 3rd Day Night |సర్వ సత్య మహా సభలు |  వాకతిప్ప | Apostle Dr A S Ranjeet Ophir
uJwFJ02NtRo,channel,13-Mar-2021 | 3rd Day Night | ప్రవక్తకు సన్మానం!|  వాకతిప్ప | Apostle Dr A S Ranjeet Ophir
XB9FkzykHu8,channel,13-Mar-2021 | ఓఫీర్ బ్యూటీ పార్లర్...!! | బైబిల్ స్టడీ | వాకతిప్ప | Apostle Dr A S Ranjeet Ophir
1eIiAxyDOLQ,channel,26-Feb-2021 | మద్యపానాన్ని బైబిల్ ప్రోత్సహిస్తుందా?? | QA_000337 | Apostle Dr A S Ranjeet Ophir
EfaJMGEIGo8,channel,13-Mar-2021 | పరమకుమ్మరి సారె | Audio Message | Apostle Dr A S Ranjeet Ophir
N9LrLF-fWkw,channel,13-Mar-2021 | సంపూర్ణ  రాత్రి  ప్రార్ధన | Spiritual Warfare Series | Apostle Dr A S Ranjeet Ophir
r1gT8gN7oqc,channel,12-Mar-2021 | మన మహిమ స్వాస్థ్యం....!! | వాకతిప్ప | Second Day Night | Apostle Dr A S Ranjeet Ophir
15cUfwqnagk,channel,12-Mar-2021 | బైబిల్ స్టడీ   | సర్వసత్య మహాసభలు | వాకతిప్ప | Apo Dr A S Ranjeet Ophir
DA80CNlJZ_E,channel,"12-Mar-2021 | AFGC నూతన మంధిర ప్రతిష్ట సంజయ్ నగర్,  కాకినాడ  | Apostle  Dr A S Ranjeet Ophir"
XeMyD5p3Mtk,channel,"12-Mar-2021 | AFGC నూతన మంధిర ప్రతిష్ట సంజయ్ నగర్,  కాకినాడ  | Apostle  Dr A S Ranjeet Ophir"
M61iXGPtMJ4,channel,"12-Mar-2021 | AFGC నూతన మందిర ప్రతిష్ట సంజయ్ నగర్,  కాకినాడ  | Apostle  Dr A S Ranjeet Ophir"
gSPBpL3Luf0,channel,12-Mar-2021 | చేట - జల్లెడ | Audio Message | Apostle Dr A S Ranjeet Ophir
Tq2nd7M0fXo,channel,12-Mar-2021 | ఎలీషాలే అసలు సైన్యం !! | Spiritual Warfare Series | Apostle  Dr A S Ranjeet Ophir
VGnek_FuE_I,channel,11-Mar-2021 | క్రీస్తే ఎందుకు ప్రముఖుడు..?? | సర్వసత్య మహాసభలు | వాకతిప్ప | Apo Dr A S Ranjeet Ophir
O8fOaSbnmOo,channel,"26-Feb-2021 | హనోకు, ఏలియాలు పాపశరీరంతో ఎత్తబడ్డారా?? | QA_000336 | Apostle Dr A S Ranjeet Ophir"
PQgy9oNRff4,channel,26-Feb-2021 | అవిధేయులైన నాడే ఆదిపితరులు ఎందుకు చావలేదు?? | QA_000335 | Apostle Dr A S Ranjeet Ophir
_nj9c2H1JaQ,channel,26-Feb-2021 | పతనం తరువాత కూడా ఆదాముతో దేవుడు మాట్లాడాడా?? | QA_000334 | Apo Dr A S Ranjeet Ophir
ZApoas4jpKQ,channel,26-Feb-2021 | యూదుల మధ్య యేసుకు గౌరవం ఎందుకు లేదు? | QA_000333 | Apostle Dr A S Ranjeet Ophir
-a6xQrcZoRo,channel,26-Feb-2021 | సువార్తను నమ్మేవాళ్ళంతా అమాయకులా?! | QA_000332 | Apostle Dr A S Ranjeet Ophir
9lFlbH4O7G8,channel,26-Feb-2021 | కెరూబులకు చక్రాలుంటాయా?! | QA_000331 | Apostle Dr A S Ranjeet Ophir
tnzIo7Cawxg,channel,26-Feb-2021 | ఆపదలో ఉన్నవారిని యేసు అవమానిస్తాడా?! | QA_000330 | Apostle Dr A S Ranjeet Ophir
8i5YE08wOt8,channel,26-Feb-2021 | బాగుపడలేని భ్రష్టులెవరు?! | QA_000329 | Apostle Dr A S Ranjeet Ophir
C7UoUaxRTYs,channel,11-Mar-2021 | నడుముకు దట్టీలు లేని వ్యర్థ సైనికులు!!  | Spiritual Warfare Series | Dr AS Ranjeet
T--vZTqKdwY,channel,11-Mar-2021 | సంపూర్ణ రాత్రి ప్రార్ధన  | Spiritual Warfare Series | Apostle Dr A S Ranjeet Ophir
UYPZpTvDiFs,channel,11-Mar-2021 | సంపూర్ణ రాత్రి ప్రార్ధన  | Spiritual Warfare Series | Apostle Dr A S Ranjeet Ophir
D6LtoX0WfOs,channel,10-Mar-2021 | అసలు ఆత్మాభిషేకం ఎందుకు? | సాయంకాల సభ | Penamaluru | Apostle Dr AS Ranjeet Ophir
yK4g-6tOE9Q,channel,"10-Mar-2021 | పెంతకొస్తు మహాసభలు | Penamaluru, Vijayawada | Apostle Dr A S Ranjeet Ophir"
HpUf3OuSp08,channel,"10-Mar-2021 | పెంతకొస్తు మహాసభలు | Penamaluru, Vijayawada | Apostle Dr A S Ranjeet Ophir"
XtjSG76s0_s,channel,10-Mar-2021 | దేవుని పాలసీ నిర్ణయాలు | మధ్యాహ్న సభ | Penamaluru | Apostle Dr A S Ranjeet Ophir
qyGg6MiZsZ4,channel,10-Mar-2021 | మృగము యెక్క సంఖ్య | Apostle Dr A S Ranjeet Ophir | Audio Messages
pAZczNFYUtQ,channel,"10-Mar-2021 | భక్తుల కొంప ముంచుతున్న ""నీతి""!! | Spiritual Warfare Series | Apo Dr A S Ranjeet Ophir"
SqDmVWx_qGI,channel,"09-Mar-2021 | Prayer Meeting | KPHB Colony, Hyderabad | Apostle Dr A S Ranjeet Ophir"
alD7vZ_zLNU,channel,03-Mar-2021 | పాతనిబంధనలో కొత్తనిబంధన సత్యం!! | Bible Study | Velpuru | Apostle Dr A S Ranjeet Ophir
2JCqB5raGmk,channel,09-Mar-2021 | వారి కేకలే ఓడెను | Apostle Dr A S Ranjeet Ophir | Audio Messages
wChdzZjwJrw,channel,09-Mar-2021 | క్రిస్టియన్ గొల్యాతులు....!! | Spiritual Warfare Series | Apostle Dr A S Ranjeet Ophir
tdnq0TtLLIg,channel,08-Mar-2021 | నరకపాత్రులైన మంచివారు | Apostle Dr A S Ranjeet Ophir | Audio Messages
_mfksjk4y2g,channel,08-Mar-2021 | దేవుని ప్రజలలోని అంధకార సామ్రాజ్యం!! | Spiritual Warfare Series | Dr A S Ranjeet Ophir
DvkSdBD7JBA,channel,07-Mar-2021 | AFGC Tarnaka | Sunday Service | Second Message | Apo Dr A S Ranjeet Ophir
2urdaYnVY3Q,channel,07-Mar-2021 | AFGC Tarnaka | Sunday Service | First Message | Apo Dr A S Ranjeet Ophir
oGPQoR0v404,channel,07-Mar-2021 | Sunday Service | Second Message | Central Church | Apostle Dr A S Ranjeet Ophir
8CAQvgKd724,channel,07-Mar-2021 | Sunday Service | First Message | Central Church | Apostle Dr A S Ranjeet Ophir
TwMw1jCSDrQ,channel,07-Mar-2021 | సర్వాంగ కవచానికే పునాది....!! | Spiritual Warfare Series | Apo Dr A S Ranjeet Ophir
6dY-2nP3hi4,channel,06-Mar-2021 | నలుదిక్కుల పొంచి ఉన్న ప్రమాదాలు....!!| Spiritual Warfare Series | Dr A S Ranjeet Ophir
1610ZOJae1Q,channel,05-Mar-2021 | క్షీరసాగర మధనం | అపొ డా ఓఫీర్ గారితో ప్రశ్నోత్తరి | Q&A With Dr A S Ranjeet Ophir
kXH_Eg3fPA8,channel,05-Mar-2021 | వికలాంగులు అనునాంగులు | Audio Message | Apostle Dr A S Ranjeet Ophir
Hb_K67mvTUw,channel,"04-Mar-2021 | కృతజ్ఞత కూడిక | సువార్త సభ | వెనిగండ్ల, గుంటూరు | Apostle Dr A S Ranjeet Ophir"
w0WohUFDnqY,channel,"04-Mar-2021 | కృతజ్ఞత కూడిక | స్తుతి ఆరాధన | వెనిగండ్ల, గుంటూరు | Apostle Dr A S Ranjeet Ophir"
4LN9c5kB81o,channel,"04-Mar-2021 | కృతజ్ఞత కూడిక | వెనిగండ్ల, గుంటూరు | Apostle Dr A S Ranjeet Ophir"
Ok9DL_LwYVo,channel,04-Mar-2021 | నూతన బలమూ మా జన్మహక్కే....!!  | Spiritual Warfare Series | Apo Dr A S Ranjeet Ophir
EmYE5b96464,channel,04-Mar-2021 | సనాతన ధర్మమేది | Audio Message | Apostle Dr A S Ranjeet Ophir
VMt5HT9pvBk,channel,04-Mar-2021 | సంపూర్ణ రాత్రి ప్రార్ధన  | Spiritual Warfare Series | Apostle Dr A S Ranjeet Ophir
LtwMckEPWY0,channel,04-Mar-2021 | సంపూర్ణ రాత్రి ప్రార్ధన  | Spiritual Warfare Series | Apostle Dr A S Ranjeet Ophir
mfEFk6thRCc,channel,"03-Mar-2021 | సువార్త సభ  | వేల్పురు, గుంటూరు  జిల్లా | Apostle Dr A S Ranjeet Ophir"
_8AbxU5gK-w,channel,"03-Mar-2021 | సువార్త సభ  | వేల్పురు, గుంటూరు  జిల్లా | Apostle Dr A S Ranjeet Ophir"
ya2YaUAqm4M,channel,"03-Mar-2021 | సువార్త సభ  | వేల్పురు, గుంటూరు  జిల్లా | Apostle Dr A S Ranjeet Ophir"
k9wQZrUkkzg,channel,"03-Mar-2021 | సువార్త సభ  | వేల్పురు, గుంటూరు  జిల్లా | Apostle Dr A S Ranjeet Ophir"
dvVwfh2ixwM,channel,"03-Mar-2021 | సువార్త సభ  | వేల్పురు, గుంటూరు  జిల్లా | Apostle Dr A S Ranjeet Ophir"
2gpc_GGLnsA,channel,"03-Mar-2021 | అనేక మందిరాలు - రెండు బలిపీఠాలు | వేల్పురు, గుంటూరు  జిల్లా | Apo Dr A S Ranjeet Ophir"
oUBKRY74niE,channel,03-Mar-2021 | భారతదేశములో మతముయెక్క పరిణామ క్రమము | Audio Message | Apostle Dr A S Ranjeet Ophir
nbPtcQmAMEg,channel,03-Mar-2021 | భయాన్ని తరిమి కొట్టండి!! | Spiritual Warfare Series | Apostle Dr A S Ranjeet Ophir
b607H2aPJpg,channel,02-Mar-2021 | దుఃఖములో మేలు! | Audio Message | Apostle Dr A S Ranjeet Ophir
5owpMgb6PIQ,channel,02-Mar-2021 | ఏదెను తోటలో ఈనాటి హవ్వ....!! | Spiritual Warfare Series | Apostle Dr A S Ranjeet Ophir
qffQo0GG4hs,channel,23-Feb-2021 | కడవరి ఘడియలో దేవుని హెచ్చరిక...! | JCFG Church | Bhimavaram | Apo Dr AS Ranjeet Ophir
2WchF7DpgCg,channel,01-Mar-2021 | దేవుడు మాట్లాడే విధానము | Audio Message | Apostle Dr A S Ranjeet Ophir
RqxQdIEdwNI,channel,01-Mar-2021 | నిశాచారుల కోరలు పీకేద్దాం!! | Spiritual Warfare Series | Apostle Dr A S Ranjeet Ophir
RZFcwVvXllU,channel,28-Feb-2021 | అపొస్తలుని పరిచర్య | Audio Message | Apostle Dr A S Ranjeet Ophir
ZcaJ-BuGb_0,channel,28-Feb-2021 | అత్యవసరమైన సువార్త | Audio Message | Apostle Dr A S Ranjeet Ophir
YGg1tl16knM,channel,28-Feb-2021 | ప్రీతికరమైన సేవ ఏది? | Audio Message | Apostle Dr A S Ranjeet Ophir
_XEZU8-HGVs,channel,28-Feb-2021 | డినామినేషన్లు ఎందుకు | Audio Message | Apostle Dr A S Ranjeet Ophir
KKcVwr4Ujiw,channel,28-Feb-2021 | నిర్జల మేఘములు ఎవరు | Audio Message | Apostle Dr A S Ranjeet Ophir
5ldBskYVRBI,channel,28-Feb-2021 | దేవుడిచ్చిన ఈవులు ఎవరు | Audio Message | Apostle Dr A S Ranjeet Ophir
z9Gi_WGxgGs,channel,28-Feb-2021 | మొదటి అపొస్తలుడు | Audio Message | Apostle Dr A S Ranjeet Ophir
wkGk5CRYrAc,channel,28-Feb-2021 | పరమగీత మధురధార  |  Vol 4 | Audio Message Series | Apo Dr A S Ranjeet Ophir
nMGt9uXc58w,channel,28-Feb-2021 | పరమగీత మధురధార  |  Vol 7 | Audio Message Series | Apo Dr A S Ranjeet Ophir
CwXXI2IHQUI,channel,28-Feb-2021 | పరమగీత మధురధార  |  Vol 6 | Audio Message Series | Apo Dr A S Ranjeet Ophir
_mFCcSo1zaw,channel,28-Feb-2021 | పరమగీత మధురధార  |  Vol 5 | Audio Message Series | Apo Dr A S Ranjeet Ophir
JWueanOUizo,channel,28-Feb-2021 | పరమగీత మధురధార  |  Vol 3 | Audio Message Series | Apo Dr A S Ranjeet Ophir
VKlcHFiTO2A,channel,28-Feb-2021 | పరమగీత మధురధార  |  Vol 2 | Audio Message Series | Apo Dr A S Ranjeet Ophir
WQVNN3VMN2M,channel,28-Feb-2021 | పరమగీత మధురధార  |  Vol 1 | Audio Message Series | Apo Dr A S Ranjeet Ophir
0N3t91Jmj9c,channel,28-Feb-2021 | దేవుని సంకల్పపు సంపూర్ణత |  Vol 9 | Audio Message Series | Apo Dr A S Ranjeet Ophir
dNscSUhgMh0,channel,28-Feb-2021 | దేవుని సంకల్పపు సంపూర్ణత |  Vol 8 | Audio Message Series | Apo Dr A S Ranjeet Ophir
EyajO-Kw3Sc,channel,28-Feb-2021 | దేవుని సంకల్పపు సంపూర్ణత |  Vol 7 | Audio Message Series | Apo Dr A S Ranjeet Ophir
3l-i7pAcWGc,channel,28-Feb-2021 | దేవుని సంకల్పపు సంపూర్ణత |  Vol 6 | Audio Message Series | Apo Dr A S Ranjeet Ophir
1WaTTIzahJ4,channel,28-Feb-2021 | దేవుని సంకల్పపు సంపూర్ణత |  Vol 5 | Audio Message Series | Apo Dr A S Ranjeet Ophir
7sGfuhQiwGM,channel,28-Feb-2021 | దేవుని సంకల్పపు సంపూర్ణత |  Vol 4 | Audio Message Series | Apo Dr A S Ranjeet Ophir
e7xf15tqNxo,channel,28-Feb-2021 | దేవుని సంకల్పపు సంపూర్ణత |  Vol 3 | Audio Message Series | Apo Dr A S Ranjeet Ophir
bihlfHA4d28,channel,28-Feb-2021 | దేవుని సంకల్పపు సంపూర్ణత |  Vol 2 | Audio Message Series | Apo Dr A S Ranjeet Ophir
iulj-UTXKaM,channel,28-Feb-2021 | దేవుని సంకల్పపు సంపూర్ణత |  Vol 1 | Audio Message Series | Apo Dr A S Ranjeet Ophir
-oUXtQV3zO8,channel,28-Feb-2021 | దేవుని పిల్లల బంగారు భవిష్యత్తు!! | Sunday Service Second Message| Dr AS Ranjeet Ophir
EPekB2GtGl0,channel,28-Feb-2021 | మంచోళ్ల కైనా స్నానం అవసరమే!! | Sunday Service | First Message | Dr A S Ranjeet Ophir
pNM9AQGOSP4,channel,28-Feb-2021 | వాక్య ఖడ్గం ఎలా దొరుకుతుంది??? | Spiritual Warfare Series | Apo Dr A S Ranjeet Ophir
V1wZbWN44L8,channel,27-Feb-2021 | Wedding Ceremony | Central Church | Apostle Dr AS Ranjeet Ophir
yMnSj6iEfJM,channel,27-Feb-2021 | విశ్వాసికి వ్యతిరేకంగా లేఖన బాణాలు?!?! | Spiritual Warfare Series |Dr AS Ranjeet Ophir
pE7-VNfSSn0,channel,26-Feb-2021 | క్షీరసాగర మధనం | అపొ డా ఓఫీర్ గారితో ప్రశ్నోత్తరి | Q&A With Dr A S Ranjeet Ophir
Ryy-KGLET3k,channel,26-Feb-2021 | దేవుని సేవ.....ఆషామాషీ కాదు....!! | Ophir Ministries | Shorts | Dr AS Ranjeet Ophir
hn8Kyok3DJw,channel,26-Feb-2021 | ఇదేనా ఆధ్యాత్మిక యుద్ధం....? | Spiritual Warfare Series | Apostle Dr A S Ranjeet Ophir
IjykvomWtWY,channel,26-Feb-2021 | అధిక నీతి కుతంత్రం!! | Spiritual Warfare Series | Apostle Dr A S Ranjeet Ophir
NmeDvS4mBUU,channel,25-Feb-2021 | Womens Fellowship | KPHB Colony | Ophir Ministries
YkL4_8hktIE,channel,25-Feb-2021 | మన శత్రువు చేతిలో వింత ఆయుధాలు....!! | Spiritual Warfare Series | Dr AS Ranjeet Ophir
PyFqqEoDiuY,channel,12-Feb-2021 | జీవ వృక్షానికి  ప్రాధాన్యత ఎందుకు?? | QA_000328 | Apostle Dr A S Ranjeet Ophir
0PEbzw7OF-Y,channel,12-Feb-2021 | హిందూ పండితులముందు రంజిత్ గారు చేతులేత్తేసారా ?? | QA_000327 | Apo Dr AS Ranjeet Ophir
RIlbK9xt5B4,channel,24-Feb-2021 | యెహోవా సేనాధిపతి లక్షణం....!! | Spiritual Warfare Series | Apostle Dr AS Ranjeet Ophir
w9OFUp_UU7I,channel,23-Feb-2021 |  దేవుని రెక్కల క్రిందికి దారి....! | Gospel Meeting | Bhimavaram | Dr AS Ranjeet Ophir
Q6YB-lpsd3k,channel,23-Feb-2021 | పాపాన్ని ద్వేషించేవారే దేవుని సైనికులు!! |Spiritual Warfare Series|Dr AS Ranjeet Ophir
WT-IBNbsLv0,channel,22-Feb-2021 | ఏ దూర తీరాలో - ఏ దరికి చేరాలో | Pastor G Peter Singh | Apo Dr AS Ranjeet Ophir Songs
ZS5Rd9hAQTo,channel,12-Feb-2021 | క్రైస్తవులపై దాడులకు పరిష్కారం? | QA_000326 | Apostle Dr A S Ranjeet Ophir
SXXUYZQpFcc,channel,21-Feb-2021 | విశ్వాసి మనసులో వేరొక దేవుడు ?!?! | AFGC Malkajgiri | Apostle Dr AS Ranjeet Ophir
nmV8g62X5q8,channel,22-Feb-2021 | ప్రతి సమస్యా దుష్టుని ఆయుధమే....!! | Spiritual Warfare Series | Dr A S Ranjeet Ophir
AgfCqscyamQ,channel,21-Feb-2021 | సర్వశక్తుని ప్రేమకథ....!! | Sunday Service | Second Message | Apo Dr AS Ranjeet Ophir
b0nDPvgx5j8,channel,21-Feb-2021 | జీవనమే ఆధ్యాత్మిక పోరాటం...!! | Spiritual Warfare Series | Apo Dr A S Ranjeet Ophir
IE7-qRxfXtE,channel,20-Feb-2021 | సాతాను ఎదుట పాపాలు ఒప్పుకోకండి!! | Spiritual Warfare Series | Apo Dr A S Ranjeet Ophir
PPEzRhxS2iU,channel,19-Feb-2021 | Word Of God  & Wedding Ceremony @ Mangalagiri | Apostle Dr A S Ranjeet Ophir
IoyPnJb-8Pc,channel,18-Feb-2021 | మన విజయం అనివార్యం...!! | AFGC Suravaram | 3rd Anniversary | Apo Dr A S Ranjeet Ophir
t7jKHd9sevE,channel,18-Feb-2021 | Ophir Yuva Sena - Announcement | Tuni | Apostle Dr A S Ranjeet Ophir
0RJvs0fCoJQ,channel,18-Feb-2021 | Songs | AFGC Suravaram | 3rd Anniversary | Ophir Ministries
8ZIw5CR0kFQ,channel,14-Feb-2021 | సైంటిఫిక్ దైవభక్తి!! | Sunday Service | Second Message | Apostle Dr A S Ranjeet Ophir
zsQKb6A2MyM,channel,18-Feb-2021 | Wedding ceremony @ Tuni  | Apostle Dr A S Ranjeet Ophir
PWZRY56JqSI,channel,17-Feb-2021 | ఎలాంటి వారు అడిగితే ఇవ్వబడును?? | Central Church | Apostle Dr A S Ranjeet Ophir
K4KjMLE1KAo,channel,17-Feb-2021 | పాతాళ పాశాలపై ప్రార్థన గొడ్డలి వ్రేటు!! |Spiritual Warfare Series| Dr AS Ranjeet Ophir
30OABJewSaw,channel,16-Feb-2021 | స్తుతిఆరాధన | Apostle Dr AS Ranjeet Ophir
rdhGKalFfoE,channel,16-Feb-2021 | క్రైస్తవుల ఐక్యత కోసం చిట్కా వైద్యం!! | KPHB Pastors Fellowship |  Dr AS Ranjeet Ophir
APaSIqGPy2k,channel,16-Feb-2021 | KPHB Pastors Fellowship | Central Church | Apostle Dr AS Ranjeet Ophir
19jCMX4O0_k,channel,16-Feb-2021 | నేటి సమ్సోనులు!! | Spiritual Warfare Series | Apostle Dr A S Ranjeet Ophir
gpNc3lTTeXA,channel,15-Feb-2021 | మనుషులంతా తోలుబొమ్మలే!! | Spiritual Warfare Series | Apostle Dr A S Ranjeet Ophir
Ue2bRV4ipqI,channel,14-Feb-2021 | సంపూర్ణ రాత్రి ప్రార్థన | Spiritual Warfare Series | Apostle Dr A S Ranjeet Ophir
TiLygQmfQ0E,channel,13-Feb-2021 | సంపూర్ణ రాత్రి ప్రార్థన | Spiritual Warfare Series | Apostle Dr A S Ranjeet Ophir
0tEYgvKW4GA,channel,12-Feb-2021 | క్షీరసాగర మధనం | అపొ డా ఓఫీర్ గారితో ప్రశ్నోత్తరి | Q&A With Dr A S Ranjeet Ophir
ya8cJD4yQkI,channel,12-Feb-2021 | బలవంతులం కావడం మన జన్మహక్కు!! | Spiritual Warfare Series | Apo Dr A S Ranjeet Ophir
_yCXMjmKYBo,channel,11-Feb-2021 | అమావాస్యలో పండువెన్నెల!! | Spiritual Warfare Series | Apostle Dr A S Ranjeet Ophir
UNUSPAxRpus,channel,10-Feb-2021 | సంపూర్ణ రాత్రి ప్రార్థన | Spiritual Warfare Series | Apostle Dr A S Ranjeet Ophir
ogYHC_AvJ-w,channel,09-Feb-2021 | క్రైస్తవులారా మహాశ్రమలకు భయపడకండి!! | Apostle Dr A S Ranjeet Ophir
6KGaQT33sqk,channel,08-Feb-2021 | Word Of God | Holy Matrimony | Apostle Dr A S Ranjeet Ophir
HzBEiASGNis,channel,08-Feb-2021 | లయకర్తకు వినాశమస్తు!! | Spiritual Warfare Series | Apostle Dr A S Ranjeet Ophir
EMOqRA_uZkM,channel,"07-Feb-2021 | మన తరానికి మన సేవ!! | Second Message | AFGC, Tarnaka | Apostle Dr AS Ranjeet Ophir"
ttp1dSRNnaY,channel,07-Feb-2021 | క్రీస్తు మూలంగా జీవిద్దాం!! | New Church Dedication | Tarnaka | Dr A S Ranjeet Ophir
6e0o9Z6UnRg,channel,07-Feb-2021 | Part-2 | దుష్టులకు భయం పుట్టిద్దాం!! | Sunday Service | Dr A S Ranjeet Ophir
1vXDGDI_9bA,channel,07-Feb-2021 | దుష్టులకు భయం పుట్టిద్దాం!! | Sunday Service | Second Message | Dr A S Ranjeet Ophir
sNeJV1mRzzY,channel,07-Feb-2021 | జన్మపాపికి స్వర్గప్రాప్తి!! | Sunday Service | First Message | Dr A S Ranjeet Ophir
HuNhsb8JRYM,channel,07-Feb-2021 | Songs | Central Church | Ophir Ministries
-JHEz-xJUf0,channel,07-Feb-2021 | యుద్ధరంగంలోకి దేవుణ్ణి పిలుద్దాం!! | Spiritual Warfare Series | Dr AS Ranjeet Ophir
-tC3XauBFzA,channel,06-Feb-2021 | Word of God - 40days Fasting Prayer | BHEL | Apo Dr A S Ranjeet Ophir
oDkwgX5kcPs,channel,06-Feb-2021 | Word of God - 40days Fasting Prayer | BHEL | Apo Dr A S Ranjeet Ophir
pWpEYQ_mj4g,channel,06-Feb-2021 | కారణం లేని వేదనకు పరిష్కారం...!! | Spiritual Warfare Series | Apo Dr A S Ranjeet Ophir
5CQWy1Vy6II,channel,05-Feb-2021 | Word Of God | Twin Cities Agape Women's Meeting | Hyderabad | Apo Dr A S Ranjeet Ophir
zForMk-Ag8s,channel,05-Feb-2021 | Songs | Twin Cities Agape Women's Meeting | Central Church | Apo Dr A S Ranjeet Ophir
awooero8CGc,channel,05-Feb-2021 | Word Of God | Twin Cities Agape Women's Meeting | Hyderabad | Apo Dr A S Ranjeet Ophir
ZpjTNBTk7E8,channel,05-Feb-2021 | పక్షిరాజులు ఎవరు ?? | Spiritual Warfare Series | Apostle Dr A S Ranjeet Ophir
gH2Wtsva3Gc,channel,04-Feb-2021 | Word Of God | Pr Sam's Wedding Anniversary | Apostle Dr A S Ranjeet Ophir
uCmbJashI8U,channel,04-Feb-2021 | పక్షిరాజులే పావురాలు....!! | Spiritual Warfare Series | Dr A S Ranjeet Ophir
d-x3DhaMnUM,channel,04-Feb-2021 | పక్షిరాజులే పావురాలు....!! | Spiritual Warfare Series | Dr A S Ranjeet Ophir
6TcuakQddOQ,channel,03-Feb-2021 | అపవాదిని చితుకత్రోక్కిన సత్యవాది..!! | Spiritual Warfare Series | Dr A S Ranjeet Ophir
ddvHrm-Rk-U,channel,02-Feb-2021 | ఇద్దరు రాజుల వాస్తవ గాధ....!! | Spiritual Warfare Series | Apo Dr A S Ranjeet Ophir
miTb53hQj54,channel,01-Feb-2021 | ఆధ్యాత్మిక పోరాటంలో వివిధ అంతస్తులు!! | Spiritual Warfare Series | Dr AS Ranjeet Ophir
I98tKxSiuRQ,channel,31-Jan-2021 | భూమి కదులుతోందా లేదా?! | Sunday Service | Second Message | Apostle Dr AS Ranjeet Ophir
16kK-u6tZ4w,channel,31-Jan-2021 | Sunday Service | Part-2 | Second Message | Central Church | Apo Dr A S Ranjeet Ophir
zWfsNVApLEY,channel,31-Jan-2021 | Sunday Service | Second Message | Central Church | Apo Dr A S Ranjeet Ophir
3TPWiNEJsnI,channel,31-Jan-2021 | Sunday Service | Central Church | Apo Dr A S Ranjeet Ophir
eSYkzzeLt9g,channel,31-Jan-2021 | దేవుని కొరకైన రోషమే ఆయుధం....!! | Spiritual Warfare Series | Apo Dr A S Ranjeet Ophir
EB2QQAxyZXo,channel,30-Jan-2021 | ద్వేషాన్ని అస్సలు జయించకండి.... | Spiritual Warfare Series | Apo Dr A S Ranjeet Ophir
0Zz4aGYV6PA,channel,29-Jan-2021 | Tabala Raju Engagement - Message | Apo Dr Ranjeet Ophir
QeMr50vBUA4,channel,29-Jan-2021 | క్షీరసాగర మధనం | అపొ డా ఓఫీర్ గారితో ప్రశ్నోత్తరి | Q&A With Dr A S Ranjeet Ophir
ttcYdWbrQSc,channel,"29-Jan-2021 | సంవత్సరములు గడచుచుండగా....?!?! | AFGC ZHB, 9th Anniversary | Apo Dr A S Ranjeet Ophir"
X8ZFeWKFBaY,channel,29-Jan-2021 | సువార్త ఖడ్గమే తిరుగులేని ఆయుధం | Spiritual Warfare Series | Apo Dr A S Ranjeet Ophir
DYlKxjf5frY,channel,28-Jan-2021 | మన గొప్ప శత్రువులు | Spiritual Warfare Series | Apostle Dr A S Ranjeet Ophir
joZyHC-a_a0,channel,27-Jan-2021 | ప్రేమను గెలిపిద్దాం....!! | Spiritual Warfare Series | Apostle Dr A S Ranjeet Ophir
uTvtEudFzsc,channel,26-Jan-2021 | Word of God | Family Prayer | Apostle Dr Ranjeet Ophir
6esQjAxgx5E,channel,26-Jan-2021 | క్రీస్తు ప్రేమికులకు విజయం తథ్యం...!! | Spiritual Warfare Series | Dr AS Ranjeet Ophir
0evEZRj6Bn0,channel,07-Jan-2021 | సేవాసక్తిపరులకు అపొస్తలుని సూచనలు! | Ordination Ceremony | Apo Dr A S Ranjeet Ophir
hb7E5eL9d_o,channel,"25-Jan-2021 | వాక్యం, ఖడ్గం ఎందుకయ్యింది....?? | Spiritual Warfare Series | Apo Dr A S Ranjeet Ophir"
DXBrAyrr_yk,channel,24-Jan-2021 | Sunday Service | Second Message | Central Church | Apostle Dr AS Ranjeet Ophir
j_P4eiQGSZ0,channel,24-Jan-2021 | Sunday Service | First Message | Central Church | Apostle Dr AS Ranjeet Ophir
mnr88roiSEc,channel,24-Jan-2021 | స్పష్టతతో ఆధ్యాత్మిక యుద్ధం...!! | Spiritual Warfare Series | Apo Dr A S Ranjeet Ophir
lq2r0xX-0xE,channel,23-Jan-2021 | క్రీస్తు భక్తుల లాభసాటి బేరం....!? | Nizamabad | Apostle Dr A S Ranjeet Ophir
5lVjeyqSk9Y,channel,23-Jan-2021 | సంపూర్ణ రాత్రి ప్రార్థన | Spiritual Warfare Series | Apostle Dr A S Ranjeet Ophir
yA_PwWAR4l8,channel,22-Jan-2021 | క్షీరసాగర మధనం | అపొ డా ఓఫీర్ గారితో ప్రశ్నోత్తరి | Q&A With Dr A S Ranjeet Ophir
PaUryQyEr0E,channel,22-Jan-2021 | భౌతిక ప్రపంచంలో ఆధ్యాత్మిక యుద్ధం..!! | Spiritual Warfare Series| Dr A S Ranjeet Ophir
N_8D-CjLQFc,channel,08-Jan-2021 | అక్షయుడైన దేవుడు మరణించడమేమిటి?? | QA_000327 | Apo Dr A S Ranjeet Ophir
NDhM-XLY9zY,channel,"08-Jan-2021 | క్రీస్తు రెండవ రాకడకు 2021 కి ""లింక్"" ఉందా?? | QA_000326 | Apo Dr A S Ranjeet Ophir"
fqp01KUtZ3U,channel,21-Jan-2021 | Ladies Meeting |  Apostle Dr A S Ranjeet Ophir
cJ69MEISp4k,channel,21-Jan-2021 | వాగ్దానభూమిలో నిలిచి పోరాడుదాం!! | Spiritual Warfare Series | Apo Dr A S Ranjeet Ophir
eCc2KS_7RCI,channel,20-Jan-2021 | అంతరంగంలో యుద్ధరంగం....!! | Spiritual Warfare Series | Apostle Dr A S Ranjeet Ophir
CdXmeqeQNTA,channel,19-Jan-2021 | తృప్తికరమైన దీర్ఘాయుష్షు....!! | Dr Satyaranjan's Birthday | Apo Dr A S Ranjeet Ophir
QZGH_R47Wb8,channel,18-Jan-2021 | సంపూర్ణ రాత్రి ప్రార్థన | Spiritual Warfare Series | Apo Dr A S Ranjeet Ophir
7uj0hTi0jII,channel,17-Jan-2021 | Sunday Service | Second Message | Central Church | Apostle Dr AS Ranjeet Ophir
GF2CZnS4wBU,channel,17-Jan-2021 | Sunday Service | Second Message | Central Church | Apostle Dr AS Ranjeet Ophir
3XUPC8OS8k4,channel,17-Jan-2021 | Sunday Service | Testimonies & Greetings | Central Church | Ophir Ministries
PJ4QyaIa3Ho,channel,17-Jan-2021 | మనమీద జాలిపడుతున్న దేవుడు!! | First Message | Sunday Service | Apo Dr AS Ranjeet Ophir
HpSNZ20Hs5w,channel,"17-Jan-2021 | AFGC, Malkajgiri | Sunday Service | Apostle Dr AS Ranjeet Ophir"
JeubCXArRVM,channel,17-Jan-2021| ఆధ్యాత్మిక యుద్ధానికి దారితీసిన వివాదం!! |Spiritual Warfare Series |Dr AS Ranjeet Ophir
ymaWtT4zUBU,channel,01-Jan-2021 | సంవత్సరానికి కిరీటం ఏమిటి?? | QA_000325 | Apostle Dr A S Ranjeet Ophir
YenMqBBJc1E,channel,01-Jan-2021 | బైబిల్ ఎలా చదవాలి? | QA_000324 | Apostle Dr A S Ranjeet Ophir
ACKOMi7juo0,channel,"01-Jan-2021 | ""పరిశుద్ధాత్మను దుఃఖపరచకుడి"" అంటే?? | QA_000323 | Apostle Dr A S Ranjeet Ophir"
tV3WJnnL_gU,channel,16-Jan-2021 | విశ్వాసి అవిశ్వాసానికి 3 కారణాలు!! | Spiritual Warfare Series |Apo Dr AS Ranjeet Ophir
b9W5SjXlrDM,channel,01-Jan-2021 | భక్తుల పాదాలు పట్టుకొని ప్రార్థనలా?! | QA_000322 | Apostle Dr A S Ranjeet Ophir
iqkIHn7YzFo,channel,15-Jan-2021 | సందేహాసురుణ్ణి చంపేద్దాం!! | Spiritual Warfare Series | Apostle Dr A S Ranjeet Ophir
nUku-x4U858,channel,14-Jan-2021 | Part-3 | ఉపవాస ప్రార్థన | Central Church | Apostle Dr A S Ranjeet Ophir
CDy9xCjPOmI,channel,14-Jan-2021 | Part-2 | ఉపవాస ప్రార్థన | Central Church | Apostle Dr A S Ranjeet Ophir
of2gZrDvZ48,channel,14-Jan-2021 | ఉపవాస ప్రార్థన | Central Church | Apostle Dr A S Ranjeet Ophir
9LsI6_yt3EM,channel,14-Jan-2021 | సంపూర్ణ రాత్రి ప్రార్థన | Spiritual Warfare Series | Apostle Dr A S Ranjeet Ophir
wL6EEsv54_o,channel,13-Jan-2021 | Ophir Publications - Books | Brief Intro | Ophir Ministries
EqRmjZxNN1Y,channel,13-Jan-2021 | సంపూర్ణ రాత్రి ప్రార్థన | Spiritual Warfare Series | Apostle Dr A S Ranjeet Ophir
HpBR5ZQLvzY,channel,11-Jan-2021 | Pavan & Anusha's Wedding | Sattupalli | Apostle Dr A S Ranjeet Ophir
cvEPRJBw1zU,channel,11-Jan-2021 | సంపూర్ణ రాత్రి ప్రార్థన | Spiritual Warfare Series | Apostle Dr A S Ranjeet Ophir
97wPuNISh3o,channel,01-Jan-2021 | సువార్త విరోధుల వ్యర్థ ప్రేలాపనలు!! | QA_000321 | Apostle Dr A S Ranjeet Ophir
Dv0CN6fUE1o,channel,01-Jan-2021 | వాగ్దానాల లాటరీ మంచిదేనా?! | QA_000320 | Apostle Dr A S Ranjeet Ophir
OhKao6A9FXU,channel,10-Jan-2021 | Sunday Service | Second Message | Central Church | Apostle Dr A S Ranjeet Ophir
T7-F7C9UKR8,channel,10-Jan-2021 | సంపూర్ణ రాత్రి ప్రార్థన | Spiritual Warfare Series | Apostle Dr A S Ranjeet Ophir
3zriK-_HSuc,channel,01-Jan-2021 | జనవరి 1 క్రైస్తవ పండుగా?? | QA_000319 | Apostle Dr A S Ranjeet Ophir
X_5SZYQQI90,channel,09-Jan-2021 | Prayer Meeting  | AFGC Beeramguda | Apostle Dr A S Ranjeet Ophir
yZ5G1lZQFkk,channel,09-Jan-2021 | Ordination Ceremony | AFGC Beeramguda | Apostle Dr A S Ranjeet Ophir
r3QTvfwapjQ,channel,09-Jan-2021 | Baptisms | AFGC Beeramguda | Apostle Dr A S Ranjeet Ophir
OwpuHVoMenI,channel,09-Jan-2021 | సంపూర్ణ రాత్రి ప్రార్థన | Spiritual Warfare Series | Apostle Dr A S Ranjeet Ophir
gykjC8nc7B4,channel,"29-Dec-2020 | పెను ప్రమాదంలో మన విశ్వాస నావ...!! | Yetimoga, AP | Apostle Dr A S Ranjeet Ophir"
LOD2LA_jdh8,channel,08-Jan-2021 | క్షీరసాగర మధనం | అపొ డా ఓఫీర్ గారితో ప్రశ్నోత్తరి | Q&A With Dr A S Ranjeet Ophir
zqpJHqdYppk,channel,07-Jan-2021 | సైనికులారా! మీ శిరస్త్రాణాలెక్కడ??! | Spiritual Warfare Series | Dr AS Ranjeet Ophir
JEVf1oHOK6I,channel,06-Jan-2021 | త్వరలో సగానికి తగ్గనున్న ప్రపంచ జనాభా!! | Apostle Dr AS Ranjeet Ophir
kpD_uu30xdo,channel,06-Jan-2021 | తయారీలో ఉన్న సజీవ రాళ్ళు....!! | Church Dedication | Apo Dr AS Ranjeet Ophir
dWG8NMBnGH4,channel,06-Jan-2021 | సాత్వికులే విజేతలు.... | Spiritual Warfare Series | Apostle Dr AS Ranjeet Ophir
UvPx2_tIx80,channel,05-Jan-2021 | Cradle Ceremony | Bro Chandrasekhar's Daughter | Apostle Dr AS Ranjeet Ophir
YNMZ3zBqSZI,channel,05-Jan-2021 | దేవుని శిబిరంలో సాతాను ప్రతినిధులు!! | Spiritual Warfare Series | Dr AS Ranjeet Ophir
1FJXBTLG5s4,channel,01-Jan-2021 | Testimonies | New Year Service | Central Church | Ophir Ministries
iNtl4g44aDU,channel,"04-Jan-2021 | ఆధ్యాత్మిక యుద్ధంలో ఎత్తులు, పై ఎత్తులు!! | Spiritual Warfare Series | Dr AS Ranjeet"
z6bSV36kZY0,channel,"03-Jan-2021 | Ek Bharath Sthresth Bharat | Seminar, IPI Academy | Apostle Dr A S Ranjeet Ophir"
yQonWjkhbOM,channel,03-Jan-2021 | ప్రపంచ భవిష్యత్తు - క్రైస్తవుని ధర్మం | Sunday Service  |  Apo Dr AS Ranjeet Ophir
7GgL1gV3yLY,channel,03-Jan-2021| యెహోవా యందు భక్తుల ఆనందం.....!! | Sunday Service | Apostle Dr A S Ranjeet Ophir
X5Q4MTfTjLc,channel,03-Jan-2021 | ఆధ్యాత్మిక యుద్ధ చరిత్ర...!! | Spiritual Warfare Series | Apostle Dr A S Ranjeet Ophir
gZvFVa7CT-g,channel,02-Jan-2021 | సంపూర్ణ రాత్రి ప్రార్థన | Spiritual Warfare Series | Apostle Dr A S Ranjeet Ophir
2BtWUXizaa8,channel,01-Jan-2021 | క్షీరసాగర మధనం | అపొ డా ఓఫీర్ గారితో ప్రశ్నోత్తరి | Q&A With Dr A S Ranjeet Ophir
QSsQT5HgqmM,channel,01-Jan-2021 | అజేయ క్రైస్తవం....| New Year Morning Service |Second Message| Apo Dr A S Ranjeet ophir
0tjXoCivRns,channel,"01-Jan-2021 | ఆరాధన ఎక్కడ చేయాలి....???? |New Year Service, First Message | Apo Dr A S Ranjeet Ophir"
Jvh5ouUZS7U,channel,"01-Jan-2021 | New Year Service -2 | Central Church, Hyderabad | Apo Dr A S Ranjeet Ophir"
1n43U2-mVzI,channel,"01-Jan-2021 | New Year Service -1 | Central Church, Hyderabad | Apo Dr A S Ranjeet Ophir"
vjGfYDFSnlQ,channel,31-Dec-2020 | మన క్షేమం ఒక అద్భుతం....!! | Watch Night Service | Apostle Dr A S Ranjeet Ophir
S3tzt5cL5vs,channel,31-Dec-2020 |  Church Dedication | Apostle Dr A S Ranjeet Ophir
xfL_WU8D-r4,channel,31-Dec-2020 |  Church Dedication | Apostle Dr A S Ranjeet Ophir
gWDRuogCp5Y,channel,31-Dec-2020 | Baptisms in Central Church | Apostle Dr A S Ranjeet Ophir
GGC9zgyhfnA,channel,31-Dec-2020 | సంపూర్ణ రాత్రి ప్రార్థన | Spiritual Warfare Series | Apostle Dr A S Ranjeet Ophir
uupi9Y7QBZ4,channel,30-Dec-2020 |  Apo Dr A S Ranjeet Ophir
QzM9dOE40pw,channel,30-Dec-2020 | ఆత్మఖడ్గం ఎక్కడ దొరుకుతుంది..??? | Spiritual Warfare Series | Apo Dr A S Ranjeet Ophir
DNvPfJFVOCE,channel,"29-Dec-2020 | Part-2 | కృతజ్ఞత కూడిక | Yetimoga, Kakinada | Apostle Dr A S Ranjeet Ophir"
qJ0bmsviHFY,channel,"29-Dec-2020 | కృతజ్ఞత కూడిక | Yetimoga, Kakinada | Apostle Dr A S Ranjeet Ophir"
J1cKqjNV0Ow,channel,29-Dec-2020 | వెండి బూరలు ఎక్కడున్నాయి....??? | Spiritual Warfare Series | Apo Dr A S Ranjeet Ophir
FDC-IcBDdO4,channel,28-Dec-2020 | అత్యవసర పరిస్థితి....!! | Spiritual Warfare Series | Apostle Dr A S Ranjeet Ophir
m5pcqeVOBZU,channel,"19-Dec-2020 | Youth Christmas Celebrations | Tellapur, Hyderabad | Ophir Ministries"
kz3h-bkRpBw,channel,27-Dec-2020 | మెళకువ కలిగి నిద్రపోదాం!! | Sunday Service | Second Message | Apo Dr A S Ranjeet Ophir
w8Cc06AhZ30,channel,27-Dec-2020 | మారని వాస్తవాలు - మన స్థిరమైన పునాదులు! | Sunday Service | Apo Dr A S Ranjeet Ophir
_CpnxBJcLoU,channel,27-Dec-2020 | ఆరాధకులదే అంతిమ విజయం.....!! | Spiritual Warfare Series | Apostle Dr A S Ranjeet Ophir
kG6VMoNX3r4,channel,26-Dec-2020 | విశ్వాసం అనే డాలు అంటే ఏమిటి....? | Spiritual Warfare Series | Dr A S Ranjeet Ophir
bKUQ1zXzIf8,channel,25-Dec-2020 | సంభవామి ఇదే యుగే!! | Christmas Message | Central Church | Apostle Dr A S Ranjeet Ophir
rIOal3gmEcA,channel,25-Dec-2020 | క్షీరసాగర మధనం | అపొ డా ఓఫీర్ గారితో ప్రశ్నోత్తరి | Q&A With Dr A S Ranjeet Ophir
fkQ2vO3O9lI,channel,"25-Dec-2020 | Christmas Worship Service | Central Church, Hyderabad | Ophir Ministries"
N7Puixwh8Ug,channel,"25-Dec-2020 | Christmas Worship Service | Central Church, Hyderabad | Ophir Ministries"
SEUgdcWZamA,channel,24-Dec-2020 | Suraram Christmas Celebrations | Hyderabad | Ophir Ministries
3a1XYe1zNQM,channel,24-Dec-2020 | సర్వాంగ కవచాన్ని ఇలా ధరించండి....!!! | Spiritual Warfare Series | Dr A S Ranjeet Ophir
ZjsuaLIR3B8,channel,23-Dec-2020 | Christmas Celebrations | ACE Club | Central Church | Ophir Ministries
as9CnuUAGrk,channel,23-Dec-2020 | సాతాను సరుకులు మోయనివాళ్ళే క్రీస్తు సైనికులు....! | Apostle Dr A S Ranjeet Ophir
1KhtYD1cqBY,channel,"22-Dec-2020 | Christmas Celebrations | CRPS, Bobbili | Ophir Ministries"
m9Pn2ckCFT8,channel,"22-Dec-2020 | Christmas Celebrations | CRPS, Bobbili | Ophir Ministries"
ajvXVU_gVz0,channel,"22-Dec-2020 | Christmas Celebrations | CRPS, Bobbili | Ophir Ministries"
KWlIUecQ0mQ,channel,"22-Dec-2020 | Christmas Celebrations | CRPS, Bobbili | Ophir Ministries"
16Fj30Hj26g,channel,22-Dec-2020 | Marrriage Message | Bobbili | Apostle Dr A S Ranjeet Ophir
eVn0ZJ2hJjc,channel,21-Dec-2020 | Christmas Message | AFGC Hiramandalam | Apostle Dr A S Ranjeet Ophir
yl3t0iqqiZ8,channel,21-Dec-2020 | Christmas Celebrations | AFGC Hiramandalam | Ophir Ministries
AePtT4mCLC0,channel,21-Dec-2020 | 24th Anniversary Celebrations | Ophir Ministries North Andhra | Hiramandalam
OoNu0RatPPk,channel,21-Dec-2020 | సంపూర్ణ రాత్రి ప్రార్థన | Spiritual Warfare Series | Apostle Dr A S Ranjeet Ophir
LtUtAa4UFo8,channel,20-Dec-2020 | దేవునికి ఉపయోగపడే దావీదులు!! | Sunday Service | Apostle Dr A S Ranjeet Ophir
YywvTm-GMUI,channel,20-Dec-2020 | రక్షణ పొందుచున్నవారి లక్షణములు!! | Sunday Service | Apostle Dr A S Ranjeet Ophir
yMn4ny654r0,channel,"19-Dec-2020 | Youth Christmas Celebrations | Tellapur, Hyderabad | Apostle Dr A S Ranjeet Ophir"
acaTBSA3z-k,channel,"19-Dec-2020 | Youth Christmas Celebrations | BHEL, Hyderabad | Ophir Ministries"
EJkjvsAa5ac,channel,"19-Dec-2020 | Youth Christmas Celebrations | BHEL, Hyderabad | Ophir Ministries"
TPsm8gEhuHE,channel,17-Dec-2020 | యేసు జననం మాత్రమే ప్రపంచానికి పండుగ....!! | AFGC Malkajgiri | Apo Dr A S Ranjeet Ophir
C68cf_1C2Xc,channel,19-Dec-2020 | దేవుడు దిగిరావాలంటే యెషయాలు పిలవాలి!! | Spiritual Warfare Series | Dr AS Ranjeet Ophir
JpzrK6_ZY6E,channel,18-Dec-2020 | Part-2 | Christmas Celebrations | AFGC Gutta | Ophir Ministries
xWWvQBsiqqI,channel,18-Dec-2020 | Christmas Celebrations | AFGC Gutta | Ophir Ministries
1BcIr1MhJeg,channel,18-Dec-2020 | క్షీరసాగర మధనం | అపొ డా ఓఫీర్ గారితో ప్రశ్నోత్తరి | Q&A With Dr A S Ranjeet Ophir
Eh8sm_1Rtmk,channel,18-Dec-2020 | స్తుతిలో అంత శక్తి ఎందుకు ఉంది? | Spiritual Warfare Series | Apo Dr A S Ranjeet Ophir
qhK1tqU8jOw,channel,17-Dec-2020 | Christmas Message | AFGC Malkajgiri | Apostle Dr A S Ranjeet Ophir
gjvOtBBP4EA,channel,17-Dec-2020 | Christmas Celebrations | AFGC Malkajgiri | Ophir Ministries
5rPJgFTOt-Y,channel,17-Dec-2020 | Christmas Celebrations | AFGC Malkajgiri | Ophir Ministries
gr_8DI_AX30,channel,17-Dec-2020 | Christmas Celebrations | AFGC Malkajgiri | Ophir Ministries
APTAhlmJMic,channel,17-Dec-2020 | మనల్ని మనమూ క్షమించుకోవాలి!! | Spiritual Warfare Series | Apo Dr A S Ranjeet Ophir
P2EzWyf7UpQ,channel,11-Dec-2020 | దేవుని సేవకులు అగ్నిజ్వాలలు కావడం ఏమిటి?? | QA_000318 | Apostle Dr A S Ranjeet Ophir
XQ1iPPLWg0c,channel,11-Dec-2020 | సంవత్సరానికి ఒక్క వాగ్దానం న్యాయమేనా?! | QA_000317 | Apostle Dr A S Ranjeet Ophir
ZMdTkye9Evo,channel,16-Dec-2020 | భక్తుల ప్రార్థనలో అబద్ధాలు....!! | Spiritual Warfare Series | Apo Dr A S Ranjeet Ophir
fg1v3m1uNlg,channel,15-Dec-2020 | భక్తుల ప్రార్థన - దేవుని క్రీడ....!!! | Spiritual Warfare Series | Dr AS Ranjeet Ophir
AE0Hzp4WXlg,channel,11-Dec-2020 | అల్లరితో కూడిన ఆటపాటలు అంటే!! | QA_000316 | Apostle Dr A S Ranjeet Ophir
btlFlkNhw-Y,channel,11-Dec-2020 | మన పరిశుద్ధతకు కొలబద్ద ఏది? | QA_000315 | Apostle Dr A S Ranjeet Ophir
jZrFCYc_glQ,channel,04-Dec-2020 | భాషలకు అర్థం చెప్పే వరం ఈనాడు ఎందుకు లేదు? | QA_000313 | Apostle Dr A S Ranjeet Ophir
sy8MajFgafE,channel,14-Dec-2020 | సంపూర్ణ రాత్రి ప్రార్థన | Spiritual Warfare Series | Apostle Dr A S Ranjeet Ophir
ed5WQtLLPec,channel,13-Dec-2020 | అసలైన జ్ఞానులు!! | Sunday Service | Apostle Dr A S Ranjeet Ophir
eOhRI_I-kME,channel,13-Dec-2020 | మన నమ్మకాలలో తికమక - మన అతిపెద్ద శత్రువు!! | Sunday Service | Apo Dr A S Ranjeet Ophir
HeDq74HLr4Y,channel,13-Dec-2020 | భక్తుడు పలికెను ఆ ప్రకారమాయెను!! | Spiritual Warfare Series | Apo Dr A S Ranjeet Ophir
DOH9cK4fyYA,channel,11-Dec-2020 | అనుమానానికి పరిష్కారం?! | QA_000314 | Apostle Dr A S Ranjeet Ophir
t6aWUuwwhxc,channel,04-Dec-2020 | దేవుడు మరణం నుండి ఎందుకు తప్పిస్తాడు?! | QA_000311 | Apostle Dr A S Ranjeet Ophir
tS7eQ-ajsoo,channel,04-Dec-2020 | విశ్వాసి పాపం చేస్తే పరిశుద్ధాత్మ వెళ్లిపోతాడా? | QA_000312 | Apo Dr A S Ranjeet Ophir
Mvd9maO03Vg,channel,11-Dec-2020 | క్రిస్మస్ సంబరము | Karimnagar | Apostle Dr A S Ranjeet Ophir
5imZhItvZa4,channel,11-Dec-2020 | క్రిస్మస్ సంబరము | Karimnagar | Apostle Dr A S Ranjeet Ophir
t_u65DgeYfo,channel,11-Dec-2020 | క్రిస్మస్ సంబరము | Karimnagar | Apostle Dr A S Ranjeet Ophir
Y2T70uXxbNQ,channel,11-Dec-2020 | క్షీరసాగర మధనం | అపొ డా ఓఫీర్ గారితో ప్రశ్నోత్తరి | Q&A With Dr A S Ranjeet Ophir
SP4Lj63fuJk,channel,04-Dec-2020 | మన తలంపులకూ దేవుడు తథాస్తు అంటాడా? | QA_000310 | Apostle Dr A S Ranjeet Ophir
qpB90-38uTs,channel,04-Dec-2020 |  అమేన్ దేవుడు ఉన్నాడా?! | QA_000310 | Apostle Dr A S Ranjeet Ophir
wN82W0-evME,channel,11-Dec-2020 | ప్రార్థనా సమయం - అపరిమిత శక్తి ప్రపంచం!! | Spiritual Warfare Series | Dr AS Ranjeet
0R-28bV43c4,channel,"05-Dec-2020 | యేసే సనాతనుడు!! | Christmas Message | Madhapur, Nizamabad | Apo Dr A S Ranjeet Ophir"
Rd7hG3YeO-w,channel,04-Dec-2020 | ఆలోచన మనలో ఎక్కడ పుడుతుంది? | QA_000309 | Apostle Dr A S Ranjeet Ophir
cPZIl6hvAMk,channel,10-Dec-2020 | దేవుని వాక్యప్రవాహమే భక్తుల ప్రార్థన....!!  | Spiritual Warfare Series | Dr AS Ranjeet
1ZlT32KQYkk,channel,09-Dec-2020 | ఆనందమూ ఆయుధమే!! | Spiritual Warfare Series | Apostle Dr A S Ranjeet Ophir
QCQj7HKgWio,channel,08-Dec-2020 | కృపామహిమ....!! | AFGC Enkoor | Apostle Dr A S Ranjeet Ophir
72GDZ_z3dcY,channel,08-Dec-2020 | RKP Cricket Cup | Announcement | Apostle Dr A S Ranjeet Ophir
x3izJG0UZPc,channel,08-Dec-2020 | యుద్ధంలో బలవంతులం అవుదాం....!! | Spiritual Warfare Series | Apo Dr A S Ranjeet Ophir
RsS8p2l8KQA,channel,06-Dec-2020 | అసమానుడు ఈ ప్రేమమూర్తి....!! | Sunday Service | Apostle Dr A S Ranjeet Ophir
4syccW6mDMU,channel,07-Dec-2020 | True Gospel | Apostle Dr A S Ranjeet Ophir
AAmzIg00Px0,channel,07-Dec-2020 | అసలైన యుద్ధ సన్నద్ధత....!! | Spiritual Warfare Series | Apostle Dr A S Ranjeet Ophir
rlPvu81-tbw,channel,06-Dec-2020 | పరిమితులు లేని విశ్వాసం!! | Spiritual Warfare Series | Apostle Dr A S Ranjeet Ophir
fIb_xI6xJqQ,channel,06-Dec-2020 | విశ్వసిస్తే జయం మనదే!! | Sunday Service | Apostle Dr A S Ranjeet Ophir
RODvPg612_k,channel,05-Dec-2020 | కృపలో నిలిస్తేనే విజయం సాధిస్తాం....!! | Spiritual Warfare Series| Dr AS Ranjeet Ophir
gGp3KSshIsE,channel,04-Dec-2020 | క్షీరసాగర మధనం | అపొ డా ఓఫీర్ గారితో ప్రశ్నోత్తరి | Q&A With Dr A S Ranjeet Ophir
2zhhMbZ4Zg8,channel,04-Dec-2020 | దేవుని ప్రేమ ప్రత్యక్షత - అసలైన ఆయుధం!! | Spiritual Warfare Series | Dr A S Ranjeet
TNPW7o6qBlI,channel,03-Dec-2020 | ప్రార్థనలో ఉన్న ప్రచండ శక్తి....!! | Spiritual Warfare Series | Dr A S Ranjeet Ophir
yxxXF_f2Rj0,channel,02-Dec-2020 | పరిమితులు లేని యుద్ధశూరుడు...!! | Spiritual Warfare Series | Apo Dr A S Ranjeet Ophir
AbZjZgPiG7M,channel,01-Dec-2020 | సైనికులారా ధైర్యం తెచ్చుకోండి...!! | Spiritual Warfare Series | Dr A S Ranjeet Ophir
YgR9ZhkKaOg,channel,01-Dec-2020 | Special Song | Apostle Dr A S Ranjeet Ophir
6q6BOnzVn34,channel,01-Dec-2020 | Spiritual Warfare Series | Apostle Dr A S Ranjeet Ophir
_tJl77oW_fI,channel,30-Nov-2020 | మనోవేదన సాతాను ఆయుధమే!! | Spiritual Warfare Series | Apostle Dr A S Ranjeet Ophir
gRRnGqwhKQg,channel,29-Nov-2020 | ప్రార్థనే ప్రాణవాయువు! | Spiritual Warfare Series | Apostle Dr A S Ranjeet Ophir
f8gInHfLQbw,channel,29-Nov-2020 | నష్టపోయి గర్విస్తున్న సైన్యం...! | Sunday Service | Apostle Dr A S Ranjeet Ophir
b3i-JK_eGv0,channel,29-Nov-2020 | బాధితులకు ఉల్లాసవస్త్రం! | Sunday Service | Apostle Dr A S Ranjeet Ophir
i_uud6VRNnM,channel,28-Nov-2020 | చావైతే నష్టము!! | Spiritual Warfare Series | Apo Dr A S Ranjeet Ophir
SuhHeY3RU20,channel,27-Nov-2020 | క్షీరసాగర మధనం | అపొ డా ఓఫీర్ గారితో ప్రశ్నోత్తరి | Q&A With Dr A S Ranjeet Ophir
3p_dH6WpigY,channel,27-Nov-2020 | భయాన్ని చంపేద్దాం రండి.....!! | Spiritual Warfare Series | Apo Dr A S Ranjeet Ophir
10TUBWYcTH0,channel,26-Nov-2020 | మనం చేయవలసిన అత్యవసర ప్రార్థన! | Spiritual Warfare Series | Apo Dr A S Ranjeet Ophir
sqt8saXap1U,channel,25-Nov-2020 | భూమ్యగాధంలో మహాప్రవక్తలు!! | Spiritual Warfare Series | Apostle Dr A S Ranjeet Ophir
CLB2gAw2qbY,channel,24-Nov-2020 | వేదనలో పుట్టిన విజయగీతం...!! | Spiritual Warfare Series | Apostle Dr A S Ranjeet Ophir
8Sec1ZgHFEU,channel,20-Nov-2020 | క్రైస్తవులు ప్రార్థించాలంటే పాస్టర్లు ఏమిచేయాలి?? | QA_000308 | Dr A S Ranjeet Ophir
jpci0wcHTy8,channel,"20-Nov-2020 | యేసు ""కుమారు"" డైతే దేవుడు కాడా?! | QA_000307 | Apostle Dr A S Ranjeet Ophir"
u9hUXIf1EE0,channel,20-Nov-2020 | తోటనుండి కోటలోనికి...!! | Bro Chandrasekhar's House Warming Ceremony
PDemumDRZ4E,channel,20-Nov-2020 | పరలోకంలో యేసు దేనికోసం ప్రార్థిస్తున్నాడు?? | QA_000306| Q&A With Dr A S Ranjeet Ophir
DRijejVXOrE,channel,20-Nov-2020 | అసలు ప్రార్థన చేయడమెందుకు!! | QA_000305 | Apo Dr A S Ranjeet Ophir
CRXmLbU7bKs,channel,22-Nov-2020 | మన రక్షణాధారుడు....!! | Sunday Service | Dr A S Ranjeet Ophir
P8KRV7xwpXg,channel,20-Nov-2020 | క్షీరసాగర మధనం | అపొ డా ఓఫీర్ గారితో ప్రశ్నోత్తరి | Q&A With Dr A S Ranjeet Ophir
0-Yom7I1GXs,channel,06-Nov-2020 | బంగారు నగలు విశ్వాసులు ధరించవచ్చా? | QA_000304 | Dr A S Ranjeet Ophir
BvOF8ta7iic,channel,06-Nov-2020 | పాస్టర్లకు సొంత ఆస్తులెందుకు?? | QA_000303 | Dr A S Ranjeet Ophir
j71rs2MlpGY,channel,16-Oct-2020 | లోకజ్ఞానుల కుయుక్తులను క్రైస్తవులు ఎలా ఎదుర్కోవాలి?? | QA_000302| Dr A S Ranjeet Ophir
803Ti3qVkWQ,channel,16-Oct-2020 | ఇద్దరు పురుషుల మధ్య పెళ్ళి - బైబిల్ కాంతిలో!! | QA_000301 | Dr A S Ranjeet Ophir
fdImGGpKvvI,channel,16-Oct-2020 | ఆకాను తప్పు చేస్తే అనేకులు చావడమేమిటి?! | QA_000300 | Dr A S Ranjeet Ophir
PW9lDEUXDY4,channel,16-Oct-2020 | అహరోను పాపాన్ని దేవుడు ఎందుకు శిక్షించలేదు?? | QA_000299 | Dr A S Ranjeet Ophir
ptoU2RWPzMA,channel,23-Oct-2020 | పరిపాలనలో న్యాయం లేనప్పుడు రూల్స్ ఉల్లంఘించవచ్చా?! | QA_000298 | Dr A S Ranjeet Ophir
r8cMXSh7vW8,channel,"23-Oct-2020 | పాత - కొత్త, రెండు నిబంధనల అవసరమేమిటి? | QA_000297 |  Dr A S Ranjeet Ophir"
ZuqoALedQoU,channel,15-Nov-2020 | దేవుడు మాత్రమే చేయగలిగిన శత్రుసంహారం!! | Sunday Service | Apo Dr A S Ranjeet Ophir
s6tAEKLUWX0,channel,#OM_QA_000296 గ్రహాంతరజీవులూ మరణిస్తారా ??
Vtv6x2eIHrI,channel,#OM_QA_000295 రోజుకు ఎన్నిసార్లు ప్రార్థన చేయాలి ??
AstR9U2WLZI,channel,09-Sep-2020 | భయాన్ని జయిద్దాం రండి !! | Moosapet | Apo Dr A S Ranjeet Ophir
oHjpmdxg6MY,channel,08-Nov-2020 | శిఖరం మీదికి ప్రశ్నల మెట్లు !! | Sunday Service | Apo Dr A S Ranjeet Ophir
JPcyUArfghM,channel,08-Nov-2020 | భక్తులు తొట్రిల్లడానికి కారణం?? | Sunday Service | Apo Dr A S Ranjeet Ophir
lHWpH6VtvyA,channel,#OM_QA_000294 యేసుప్రభువు వారు కలహకారణుడా ?!
aYrGnO7daFw,channel,"#OM_QA_000293 ఓఫీర్ ""ఇజం"" ఎందుకు??"
QlI50Url4aQ,channel,06-Nov-2020 | క్షీరసాగర మధనం | అపొ డా ఓఫీర్ గారితో ప్రశ్నోత్తరి | Ophir Ministries
5iqFPaOh4IQ,channel,#OM_QA_000292 యూదులు క్రైస్తవులా అన్యులా??
5mvNMPtPexw,channel,#OM_QA_000291 పరదైసులో ఉన్న ఆత్మల దినచర్య?!
6He-UKddyCY,channel,#OM_QA_000290 ప్రతిక్రైస్తవుడూ సేవ చేసితీరాలా?!
iZ7-s3IWxeY,channel,#OM_QA_000289 క్రైస్తవులు ఏమిచేసినా  పర్వాలేదా?!
X8Q6_dRasOU,channel,01-Nov-2020 | మతోన్మాదమే సాతాను తంత్రం!! | Sunday Service Second Message  | Apo Dr A S Ranjeet Ophir
DK1pGD5lPWY,channel,01-Nov-2020 | భక్తహృదయాల రక్షకుడు!! | Sunday Service | Apo Dr A S Ranjeet Ophir
HDtq9u4tuB8,channel,31-Oct-2020 | Rev K J Ishakar's Memorial Service | Ophir Ministries
zT3GE-BtW3Y,channel,27-Oct-2020 | Women's Fellowship - Moosapet | 5th Anniversary | Apo Dr A S Ranjeet Ophir
MnkAMtOrlL4,channel,#OM_QA_000288  క్రైస్తవులు ఆస్తులు సంపాదించుకోకూడదా??
ftpQOPUg5RY,channel,#OM_QA_000286 మూలపాఠాలు పట్టించుకొనక్కరలేదా?!
f_LplPczviU,channel,#OM_QA_000287 కష్టాలు పడినవాళ్ళే భక్తులా?!
tkyJmUAIJYY,channel,#OM_QA_000285 అపొస్తలుని చిహ్నాలు ఏమిటి??
Q7f9CcV4E78,channel,#OM_QA_000284 నెరవేరని ప్రవచనాలు అబద్ధ ప్రవక్తల లక్షణమా?!
0KCgIZdREtw,channel,25-Oct-2020 | దేవునితో కాపురం !! | Sunday Service | Central Church | Apo Dr A S Ranjeet Ophir
tBUDruV6eWg,channel,25-Oct-2020 | కోరలులేని ఆది మహాఘటసర్పము!! | Sunday Service | Apo Dr A S Ranjeet Ophir
WBf8gw3c5r8,channel,23-Oct-2020 | క్షీరసాగర మధనం | అపొ డా ఓఫీర్ గారితో ప్రశ్నోత్తరి | Q&A With Dr A S Ranjeet Ophir
gWb_A2mKOUw,channel,"16-Oct-2020 | మూడు సం""ల ఎడబాటు విడాకులతో సమానం అంటే బైబిల్ ఒప్పుకుంటుందా?! | QA_000283 | Dr Ranjeet"
gWOQeHxjYZk,channel,16-Oct-2020 | సిలువను మోయడం అంటే?? | QA_000282 | Apostle Dr A S Ranjeet Ophir
rKMoP2y3cBU,channel,"#OM_QA_000281 హిందువులు, క్రైస్తవులు సోషల్ మీడియాలో బురద జల్లుకోవడమెందుకు?!"
2RSXsRdG5Fg,channel,18-Oct-2020 | దేవుడు బాగుండాలి !! | Sunday Service | Ophir Ministries | Apo Dr A S Ranjeet Ophir
P3m-mgHobbk,channel,18-Oct-2020 | తర్క విజయం | Central Church | Sunday Service Second Message | Apo Dr A S Ranjeet Ophir
byo17c-RPQM,channel,11-Oct-2020 | ఇదిగో దేవుని రాజ్యం!! | Central Church | Ophir Ministries | Apo Dr A S Ranjeet Ophir
0h-UGkEJ5d4,channel,16-Oct-2020 | క్షీరసాగర మధనం | అపొ డా ఓఫీర్ గారితో ప్రశ్నోత్తరి | Ophir Ministries
fgMIPTrF1Ow,channel,"04-Oct-2020 | ""యేసును జ్ఞాపకము చేసికొనుటకై""!! | Ophir Ministries | Apo Dr A S Ranjeet Ophir"
QnVT5hvsy1c,channel,11-Oct-2020 | కోపించుచు సహాయము చేయువాడు!! | Ophir Ministries | Apo Dr A S Ranjeet Ophir
6ugWOUgyKDg,channel,OPHIR LIVE TV(A0979/aq
Fl_n42Eu5Vw,channel,OPHIR LIVE TV(B1060)సర్వసత్యసువార్త  మహాసభలు( కడప)మొదటి రోజు రాత్రి సభ
HLLZ2KSP7mE,channel,OPHIR LIVE TV
SPZsqYnz10A,channel,OPHIR LIVE TV(B1103) విశాఖపట్నం లైవ్
l61ANZT27Fc,channel,OPHIR LIVE TV(B1136)8/4/18/1st day
zV2IwaJRlh0,channel,OPHIR LIVE TV(B1289) 23/12/18 / ప్రీక్రిస్మస్ పండుగ లైవ్
H4Dpwg-izOY,channel,OPHIR LIVE TV (B1512)14|4|19|| ఆదివారం ఆరాధన లైవ్||
vj39QMqPdng,channel,"#ranjith ophir# sundaymsg #OPHIR LIVE TV /9|8|19|ఆశీర్వద కరమైన కూడిక ,మేడ్చల్  లైవ్..."
TKkP4oAYGyk,channel,#Ranjith_ophir#sunday_msg #OPHIR LIVE TV 29|9|19|ఆదివారం  మొదటి సందేశం  లైవ్....
uAONjrTJtVg,channel,OPHIR  LIVE TV ||14||10|20|19||  శాత్రాజుపల్లి వేములవాడ లైవ్ ......
DOt2T9pXyXU,channel,"OPHIR LIVE TV | 27  .12 .2019 | సత్యవాక్య ఉపదేశతరగతి ,విశాఖపట్నం లైవ్ ....."
YDGWsYf91c0,channel,OPHIR LIVE TV | 8 .3.2020 |  2ND MESSGES SUNDAY WORSHIP LIVE ..............................
L9O1VHVo5VY,channel,OPHIR LIVE TV ||16.4 .2020||  గురువారం అగాపే స్త్రీల సహవాస కూడిక లైవ్ ...........
rS1__LNzIBo,channel,OPHIR LIVE TV||25.4.2020|| విజ్ఞాపన ప్రార్ధన సందేశం లైవ్ ......
NU4kPoJwVqE,channel,07-Aug-2020 | క్షీరసాగర మధనం | అపొ డా ఓఫీర్ గారితో ప్రశ్నోత్తరి | Q&A With Dr A S Ranjeet Ophir
1YPJ3FB2Jn8,channel,ఆస్తికవాద ము  హైందవ క్రైస్తవం
UU45bu9V8Nk,channel,OPHIR LIVE TV(B1273)
jdI5zXQPCeg,channel,OPHIR LIVE TV(B1273)
hF1JkTPwnbA,channel,OPHIR LIVE TV(B1507(27/3/19/ 39దేవదర్శన దినోత్సవం లైవ్ నిజాంపేట చర్చ్ గ్రౌండ్
Ky9WR3IHZMM,channel,OPHIR  LIVE TV ||14||10|20|19||  శాత్రాజుపల్లి వేములవాడ లైవ్ ......
0rvN4u-Oijw,channel,OPHIR LIVE TV | 12.3.2020 వరంగల్  లైవ్
eTNYsmqusSA,channel,OPHIR LIVE TV |02.2.2020 | SUNDAY WORSHIP 2ND MESSAGE LIVE..........
mjRnnTnkuZA,channel,OPHIR LIVE TV ||5.4.2020||SUNDAY WORSHIP &DR RANJITH OPHIR 61 BIRTHA DAY
lPWr1r9TuIE,channel,15-May-2020 | అంత్యదినాలలో యెరూషలేము నుండి దేవుని వాక్కు? | QA_000030 | Apostle Dr A S Ranjeet Ophir
_uI4FEUtqtI,channel,05-Oct-2020 | సాతాను ద్వారా కూడా అద్భుతాలు జరుగుతాయా? | QA_000052 | Q&A With Dr A S Ranjeet Ophir
DAkqBK8rzvI,channel,#OM_QA_000076 ఆదివారం రొట్టె విరుచుట - అర్థరాత్రి దాటితే ఓకే నా?
7ryZXJ_wPZ0,channel,BroSudarshan
dAKV0IoZT7M,channel,13-Jun-2022 | భ్రష్టత్వానికి కారణం!  | Apostle Dr A S Ranjeet Ophir | Audio Messages
E-Kg59ccDj0,channel,09-Aug-2020 | మొదటి మూల పాఠాలు | 14 ఆడియో సందేశాల పరంపర | ప్లేలిస్ట్ ఇప్పుడు లభ్యం | Apo Dr Ophir
CLPRHybndSc,channel,20-Sep-2020 | దేవునిలో మనకిష్టముకానివి ?? | Sunday Service | First Message | Ophir Ministries
chuFgfcZwbQ,channel,04-Oct-2020 | మహాశ్రమల కాలంలో దేవుని సైన్యం!! | Sunday Second Message | Apostle Dr A S Ranjeet Ophir
HcewTjgqf2M,channel,27-Sep-2020 | నిర్భయ క్రైస్తవం!! | Central Church | Ophir Ministries
Z9UqJiDjE24,channel,02-Oct-2020 | క్షీరసాగర మధనం | అపొ డా ఓఫీర్ గారితో ప్రశ్నోత్తరి | Ophir Ministries
eEKQpzulyg4,channel,#OM_QA_000280 ఆత్మాభిషిక్తులు శరీరసంబంధులు కావడం ఏమిటి ??
KrRF6gkosCc,channel,#OM_QA_000279 రెండవ రాకడలో ప్రతినేత్రం ఏకకాలంలో యేసుని ఎలా చూస్తుంది ??
S2YFY3Joeag,channel,#OM_QA_000278 అయ్యగారు అనడమూ పాపమేనా ?!
BQ6we2oCm_k,channel,#OM_QA_000277 బత్షెబతో పాపం చేసినప్పుడు దావీదు మనస్సాక్షి ఏమైపోయింది ??
djlbEE9Zu7k,channel,#OM_QA_000276 పశువులను వధించే వృత్తి పాపం అవుతుందా ??
5_Z_87MRe7g,channel,#OM_QA_000275 యోనాతాను ఎందుకు మరణపాత్రుడయ్యాడు ??
6FAGBXymBD0,channel,29-Sep-2020 | కరోనాతో ఇలా పోరాడండి!! | Tips To Fight Corona | Apo Dr A S Ranjeet Ophir
jyAIgYuTdQg,channel,#OM_QA_000274 పరిశుద్ధ  అబద్ధాలు !!
FsCxzgXTiWQ,channel,"#OM_QA_000273 ""వాణ్ణి తన్నండి"" అన్న ఓఫీర్ పిలుపు వాక్యానుసారమేనా??"
KrfAOk_7OCo,channel,#OM_QA_000272 అమరగాయకులు ఎస్పీ బాలసుబ్రహ్మణ్యం గారికి అద్దంకి రంజిత్ గారి నివాళి....
v9eAr7zeEhg,channel,27-Sep-2020 | దేవుడు మనిషిలా పోరాడటం ఏమిటి? | Sunday Service Message |  Apostle Dr AS Ranjeet Ophir
k6fIKd0MB7U,channel,#OM_QA_000271 అద్భుతాలు చేసింది మోషే కర్రా? అహరోనును కర్రా?
56hgnQPJC44,channel,#OM_QA_000270 సున్నతిని గూర్చిన సమగ్ర సమాచారం!
ueZxtvH3GLg,channel,#OM_QA_000269 గుట్టుదాచడమూ భక్తిసాధనే!
CaDVBo5nuVs,channel,25-Sep-2020 | క్షీరసాగర మధనం | Part-2 | అపొ డా ఓఫీర్ గారితో ప్రశ్నోత్తరి | Ophir Ministries
_-7BGa4cdQo,channel,25-Sep-2020 | క్షీరసాగర మధనం | అపొ డా ఓఫీర్ గారితో ప్రశ్నోత్తరి | Ophir Ministries
UJ-0gM9gyMY,channel,#OM_QA_000268 యూదాను దేవుడు ఎందుకు కోరుకున్నాడు??
3gRVSK59P9w,channel,"#OM_QA_000267 ""భయభక్తులు"" అంటే ?!"
OX095tMx1aM,channel,24-Sep-2020 | Men's Fellowship | Central Church | Ophir Ministries
UgvjE3CIAhw,channel,#OM_QA_000266 ఓఫీరిస్టులు ఇతర దైవజనులను గౌరవించరా?!
rZ--dtLepwA,channel,#OM_QA_000265 కొందరి వెంట పాపాలు వెళ్ళడం ఏమిటి??
ouj94IPrlls,channel,23-Sep-2020 | హింస క్రైస్తవ సిద్ధాంతం కాదురా వెధవాయిల్లారా!! | Apo Dr A S Ranjeet Ophir
c85tEbZUHv8,channel,#OM_QA_000264  క్రీస్తు శరీరం ఒకసారి తింటే చాలదా?
w4eJJm_wdns,channel,#OM_QA_000263 కయానుకి దేవుడు వేసిన గురుతు ఏమిటి?
CVCCjgZgQLw,channel,#OM_QA_000261 విశ్వాసి తప్పులు న్యాయపీఠం ఎదుటికి వస్తాయా?
GI-5jYpDu0Q,channel,#OM_QA_000260 సూచకక్రియలను ఎలా వివేచించాలి?
oeIXylxOp0M,channel,#OM_QA_000259 దైవజనులకు వ్యాపారం నిషిద్ధమా??
LQNpVVlCTMw,channel,#OM_QA_000262 పరిశుద్ధతకు నిర్వచనం!!
Kx0rADwrrdY,channel,20-Sep-2020 | కరోనా చెప్పిన సువార్త!! | Sunday Service | Central Church | Ophir Ministries
20sqFLWghf0,channel,"#OM_QA_000258  ""యుగాంతం"" పై ఏసన్న గారి వైఖరిపై ఓఫీర్ స్పందన!"
cZlSnL7T4rA,channel,#OM_QA_000257 విశ్వాసి నోట దేవదూషణలా?!
4i2Hka6qIMw,channel,#OM_QA_000256 జీవగ్రంథము నుండి పేర్లు కొట్టివేయబడుతాయా?
rflcXTHoBPA,channel,18-Sep-2020 | క్షీరసాగర మధనం | అపొ డా ఓఫీర్ గారితో ప్రశ్నోత్తరి | Ophir Ministries
x9xEYPlr8T4,channel,#OM_QA_000255 రక్షణ నిశ్చయత కొందరిలో ఎందుకు లేదు??
KRBqjsihexM,channel,#OM_QA_000254 చర్చిలో అయ్యప్పను అవమానించిన మూర్ఖుడు!!
XAP1D1k1I_M,channel,#OM_QA_000253 దేవాలయ రథం తగలబెట్టడంపై నిప్పులు కక్కిన రంజిత్!!
nVMLjFK-Ttg,channel,#OM_QA_000252 మతప్రచారానికి పోలిస్ పర్మిషన్???
Zc4SPdEUIXU,channel,"16-Sep-2020 | ""యుక్తముగా ప్రార్ధించడం"" ఎలా?? | 40 Day Chain Prayer | Ophir Ministries"
VBV45AoDdAw,channel,10-Sep-2020 | త్రేతాయుగంలో కలియుగమానవుడు - రివ్యూ  | Apo Dr A S Ranjeet Ophir
_gMgzkCgYJA,channel,13-Sep-2020 | Bro. Noble Babu Runjala | Memorial Service | Ophir Ministries
aVP0p3zeeoc,channel,13-Sep-2020 | Sunday Service | Central Church | Ophir Ministries
mDUFtfodCIY,channel,11-Sep-2020 | క్షీరసాగర మధనం | అపొ డా ఓఫీర్ గారితో ప్రశ్నోత్తరి | Ophir Ministries
EuYmcv3diHE,channel,#OM_QA_000251 మోషే సమాధి దగ్గర సాతాను అభ్యంతరం ఏమిటి?
Bk9IQAYkf1s,channel,09-Aug-2020 | మొదటి మూల పాఠాలు | 14 వాల్యూమ్స్  ఆడియో సందేశాల ప్లేలిస్ట్ | Apo Dr A S Ranjeet Ophir
kAZoouC9S98,channel,#OM_QA_0000250 మంత్రగత్తె పిలిస్తే భక్తుల ఆత్మలు వస్తాయా?
7RUtayf-_6c,channel,10-Sep-2020 | దేవునితో నిరంతర  సహజీవనం! | Sunday Second Message | Apo Dr A S Ranjeet Ophir
3n9-6Q5wHMg,channel,30-Aug-2020 | మాటలాడుచున్న ప్రభువా!! | Telugu Christian Song | Apo Dr A S Ranjeet Ophir
ivW-xP-yqlo,channel,#OM_QA_000249 పాస్టర్లని చంపినవారిని కూడా యేసు రక్షిస్తాడా??
g5H4OzRW7Ok,channel,#OM_QA_000247 పోస్టర్ పై పేలలేక తుస్సుమన్న గోలి!!
aFRrkHZtsz0,channel,#OM_QA_000248 మునిపుంగవులకైనా యేసే రక్షణ మార్గమా?!
SNVgEB7zQD8,channel,#OM_QA_000246 ఒక ఊరంతా మతం మారితే ఊరి సమస్యలన్నీ పోతాయా?!
FtAZUYfavr4,channel,#OM_QA_000245 యేసు పూర్వీకులకు రక్షకుడెవరు?
5-3Cwjy_fco,channel,#OM_QA_000244 మంచివాళ్ళు మతం మార్చుకొని పాపం చేస్తున్నారా?!
DR2injus0zY,channel,#OM_QA_000243 మతం మార్చుకోవడం పాపమా?
aAkudq5kvy0,channel,#OM_QA_000242 మతోన్మాదుల కుసంస్కారానికి రంజిత్ చెప్పుదెబ్బ!
vd4Mpx2D5YQ,channel,"06-Sep-2020 | ""మతమార్పిడి"" అనే మూర్ఖ సిద్ధాంతం!! | Sunday Service Message | Apo Dr AS Ranjeet Ophir"
vZ7-LsV43XA,channel,04-Sep-2020 | క్షీరసాగర మధనం | అపొ డా ఓఫీర్ గారితో ప్రశ్నోత్తరి | Ophir Ministries
rdh6Xm0JV2w,channel,#OM_QA_000252 జీవమరణాలు నాలుక వశం ఎలా అవుతాయి?
k4lzqMQ_1qo,channel,#OM_QA_000241 ఏర్పరచబడినవారు కొందరే - ఎందుకు?!
gc1MgPjsuxk,channel,#OM_QA_000240 నక్షత్రాలు రాలుతున్నాయి; ఆ ప్రపంచాలూ నశిస్తున్నాయా?!
lgI4vl5Xz0I,channel,#OM_QA_00239 గుడ్ ఫ్రైడే - ఈస్టర్ పారంపర్యం సరైనదేనా??
OyMnNJGP2pY,channel,#OM_QA_000238 సంఘకాపరి తన ఇష్టానుసారంగా సంఘాన్ని నడిపించొచ్చా?
j5PFezDLLoU,channel,#OM_QA_000237 కర్మసిద్ధాంతం వర్సెస్ క్రీస్తు సువార్త!!
UPhW-3DB7OY,channel,30-Aug-2020 | కృప కలుగునుగాక !! | Krupa Kalugunu Gaka | Telugu Christian Song | Apo Dr Ranjeet Ophir
E8OuwACg9CE,channel,30-Aug-2020 | నా జీవిత యాత్రలో | Naa Jeevitha Yatralo | Apo Dr AS Ranjeet Ophir Songs
4aGqhY2Z13I,channel,#OM_QA_000236 అన్యులకు సువార్త ఎలా చెప్పాలి?
rLtuSHSCO-g,channel,#OM_QA_000235 బైబిల్ పై సమగ్ర వ్యాఖ్యానం ఎలా చెప్పగలం?
IXmtt6ceXFM,channel,#OM_QA_00234 ఆత్మాభిషేకానికి కొలతలుంటాయా?!
iZ9uZgDnwlc,channel,#OM_QA_000233 అగ్నిబాప్తిస్మము అంటే ఏమిటి??
NDTuBj4OzL8,channel,#OM_QA_000232 దయ్యాలని వెళ్ళగొట్టే అధికారం ఎలా వస్తుంది?
5AFSzGMyY-8,channel,#OM_QA_000231 వెయ్యేండ్ల రాజ్యపౌరులు పరలోకానికి ఎందుకు అనర్హులు??
OBb-gVkXrS4,channel,"#OM_QA_000230 ధ్వజస్తంభాలు, బొడ్రాయిలు లేకపోతే అరిష్టమా?"
bMs1npz4rGI,channel,#OM_QA_000229 ఉత్తమ ప్రసంగికులకు కృపావరాలు ఎందుకు ఉండటం లేదు??
103kV5KrCZI,channel,#OM_QA_000228 ఓఫీర్ మినిస్ట్రీస్లో రెండో అపొస్తలుడు?!
Iuy5lVCe2SE,channel,#OM_QA_000227 నిత్యనరకం ఎలా న్యాయమౌతుంది?
yw-jvcpz65k,channel,30-Aug-2020 | మానవజాతిని గూర్చిన తిరుగులేని నిజాలు!! | Central Church | Ophir Ministries
kLb02Fb2OKw,channel,29-Aug-2020 | మనుషులలో హస్తరేఖలు వేరువేరుగా ఎందుకుంటాయి? | QA_000326 | Apostle Dr A S Ranjeet Ophir
dj0sI8HBEiw,channel,28-Aug-2020 | క్షీరసాగర మధనం | అపొ డా ఓఫీర్ గారితో ప్రశ్నోత్తరి | Ophir Ministries
uCiv3PIKr3g,channel,25-Aug-2020 | జీవితయాత్రలో నాదు గురి నీవేగా | Telugu Christian Song | Apo Dr A S Ranjeet Ophir
OBN5uTS9WWs,channel,25-Aug-2020 | హల్లెలుయా యేసుప్రభున్ | Telugu Christian Song | Apo Dr A S Ranjeet Ophir
aoOgyBPFtCc,channel,#OM_QA_000226 ఏడుగురు స్త్రీలు ఒక పురుషుణ్ణి పెళ్లిచేసుకోమని బైబిల్ చెబుతుందా?!
Dv47oT6bjd8,channel,#OM_QA_000225 తొట్రిల్లే క్రైస్తవులు పరిశుద్ధులా?!
7GBTfrc2BiM,channel,#OM_QA_000224 కొంచెం దుర్మార్గులం కావచ్చా?
1EvwxnycxnU,channel,#OM_QA_000223 దేవుని సేవకులు మనుషుల సేవ చేయాలా?
Px2Ig5VgjQo,channel,#OM_QA_000221  దేవుణ్ణి రుచిచూడడం అంటే??
UwFVQEegbV0,channel,#OM_QA_000222  దేవుని నామమును వ్యర్థంగా ఉచ్ఛరించడం అంటే??
5D-xjjQFSbs,channel,#OM_QA_000220  క్రైస్తవులు విడాకులు తీసుకోవడం వాక్యసమ్మతమా?
2SBm9nH4ym4,channel,23-Aug-2020 | అందాల చందమామలో మచ్చలున్నాయి!! | Sunday Service | Ophir Ministries
EFGLwkGCPV0,channel,23-Aug-2020 | The Secret of Our Sanctification | AFGC Sydney | Sunday Service
wI2pMRuG7vw,channel,16-Aug-2020 | పరలోకము నా దేశము | Paralokamu Naa Desamu | Apostle Dr AS Ranjeet Ophir Songs
7CDlxRrJzRE,channel,21-Aug-2020 | క్షీరసాగర మధనం | అపొ డా ఓఫీర్ గారితో ప్రశ్నోత్తరి | Ophir Ministries
ZU6k89RnM5A,channel,#OM_QA_000219 యోసేపు శకునము చూసాడా?!
8gEXQXoQAJ8,channel,#OM_QA_000218 ప్రసంగి 12:3-6 వచనాలలో లేఖనం ఏమి చెబుతున్నది??
5oWYTfbhspc,channel,#OM_QA_000217 చర్చికి వెళితే తెల్లని వస్త్రాలే వేసుకోవాలా?!
j531Q8OVCmg,channel,"#OM_QA_000216 దేవుని రాజ్యమును, నీతిని వెదకడం అంటే?!"
N2kMnlu_240,channel,#OM_QA_000215 తల్లిదండ్రులను పట్టించుకొనని వారిపై బైబిల్ తీర్పు!!
ODLs6TggBmU,channel,#OM_QA_000214 పడిపోయిన దేవదూతల ఆహారం ఏమిటి?!
Gg-te4Q6xzw,channel,#OM_QA_000213 ఆహాబును దేవుడు మోసం చేసాడా?
_dpu950BrUY,channel,#OM_QA_000212 పునర్జన్మ సిద్ధాంతానికి లాజికల్ రుజువు???
iP5UruSDx18,channel,#OM_QA_000211 నపుంసకులు దేవునికి అసహ్యులా?
DuTMHw4oM4U,channel,16-Aug-2020 | మంచివాటినీ వదిలేద్దాం!! | Sunday Service | Apo Dr A S Ranjeet Ophir | Ophir Ministries
-INbLZRz9Go,channel,#OM_QA_000210 క్రైస్తవులు డ్రగ్స్ ఉపయోగించి మతమార్పిడి చేస్తున్నారా?
fNZqCRPTyzQ,channel,14-Aug-2020 | క్షీరసాగర మధనం | అపొ డా ఓఫీర్ గారితో ప్రశ్నోత్తరి | Ophir Ministries
i84rmjKTymg,channel,09-Aug-2020 | 74th Independence Day Celebrations | Apo Dr A S Ranjeet Ophir | Ophir Ministries
gvXC0kj0fSE,channel,#OM_QA_000209 సువార్త పనిని పరిశుద్ధాత్మ ఆటంకపరచడమేమిటి??
5BB01w74iXw,channel,#OM_QA_000208 దేవుని ప్రణాళిక నెరవేర్చే గ్రంథాలివిగో!
cZGV2mN0w-M,channel,09-Aug-2020 | జీవన పోరాటంలో అసహాయ శూరులు!! | Sunday Service | Central Church | Ophir Live TV
LSWWins11_I,channel,మొదటి మూల పాఠాలు Vol-14 | అనుభవ జ్ఞానము లోనికి ...| Apo Dr A S Ranjeet Ophir | Ophir Ministries
y3fmsu8JSyo,channel,మొదటి మూల పాఠాలు Vol-13 | పునాదుల పునఃశ్చరణ | Apo Dr A S Ranjeet Ophir | Ophir Ministries
D2HVnORW6Yc,channel,మొదటి మూల పాఠాలు Vol-12 | ప్రత్యక్షతయే మూలం!! | Apo Dr A S Ranjeet Ophir | Ophir Ministries
xZSEkNFLDyI,channel,మొదటి మూల పాఠాలు Vol-11 | విశ్వాసి కర్మేంద్రియాలు!! | Apo Dr A S Ranjeet Ophir | Ophir Ministries
pu6BdTBgTZ0,channel,మొదటి మూల పాఠాలు Vol-10 | విశ్వాసి జ్ఞానేంద్రియాలు!! | Apo Dr A S Ranjeet Ophir | Ophir Ministries
C5RrhZfTn-A,channel,మొదటి మూల పాఠాలు Vol-9 | పునరుత్థానమునకు దారి!! | Apo Dr A S Ranjeet Ophir | Ophir Ministries
4X4rq9dcmWE,channel,మొదటి మూల పాఠాలు Vol-8 | మూడు వ్యక్తిగత పునరుత్థానములు | Apo Dr A S Ranjeet Ophir | Ophir Ministries
95jFF1R9GFs,channel,మొదటి మూల పాఠాలు Vol-7 | రెండవ తెరకు ఆవల!! | Apo Dr A S Ranjeet Ophir | Ophir Ministries
xBpe5xTeeGs,channel,మొదటి మూల పాఠాలు Vol-6 | అబ్రాహాము పిల్లలకు అత్యవసర సందేశం |  Apo Dr A S Ranjeet Ophir
Wsa4tgwCrjY,channel,మొదటి మూల పాఠాలు Vol-5 | అనుదిన బాప్తీస్మము | Apo Dr A S Ranjeet Ophir | Ophir Ministries
Ex61RMI5sc0,channel,మొదటి మూల పాఠాలు Vol-4 | పరిశుద్ధాత్మ కార్యపు పరాకాష్ట | Apo Dr A S Ranjeet Ophir | Ophir Ministries
ZdCmspiS9tA,channel,మొదటి మూల పాఠాలు Vol-3 | రెండు మారుమనస్సులు!! | Apo Dr A S Ranjeet Ophir | Ophir Ministries
PJVP4pkt44w,channel,మొదటి మూల పాఠాలు Vol-2 | Apo Dr A S Ranjeet Ophir | Ophir Ministries
S-vasF0Xrlo,channel,మొదటి మూల పాఠాలు Vol-1 | Apo Dr A S Ranjeet Ophir | Ophir Ministries
GxmFbLsZPYc,channel,#OM_QA_000207 దశమ భాగం ఎందుకివ్వాలి?
TOov0XBjpoU,channel,#OM_QA_000206 బైబిల్ హింసను ప్రేరేపించే బూతు గ్రంథమా?!
wip8n610djY,channel,07-Aug-2020 | Part-2 | క్షీరసాగర మధనం | అపొ డా ఓఫీర్ గారితో ప్రశ్నోత్తరి | Ophir Live TV
GVu0YU2mb34,channel,07-Aug-2020 | క్షీరసాగర మధనం | అపొ డా ఓఫీర్ గారితో ప్రశ్నోత్తరి | Ophir Live TV
xHAHZtLyUEY,channel,07-Aug-2020 | క్షీరసాగర మధనం | అపొ డా ఓఫీర్ గారితో ప్రశ్నోత్తరి | Ophir Live TV
GrpDhXdLZ-c,channel,07-Aug-2020 | క్షీరసాగర మధనం | అపొ డా ఓఫీర్ గారితో ప్రశ్నోత్తరి | Ophir Live TV
G8zMqznQz1U,channel,07-Aug-2020 | క్షీరసాగర మధనం | అపొ డా ఓఫీర్ గారితో ప్రశ్నోత్తరి | Ophir Live TV
c4jF_MwPjp4,channel,#OM_QA_000205 పౌలు తాను అవివేకి అని ఎందుకన్నాడు??
tTFLQMsPTeA,channel,#OM_QA_000204 భక్తిసాధన ఎలా చేయాలి??
9Szbf2TEv2M,channel,#OM_QA_000203 తరానికి ఒక్క అపొస్తలుడేనా?
knnad7TmHsY,channel,#OM_QA_000202 పరిశుద్ధమైనది కుక్కలకు పెట్టడం ఏమిటి?
qG1YDknZ6nE,channel,#OM_QA_000201 యేసు మహిమ దేహంలో గాయాలు ఉండడం ఏమిటి?!
HdlA7ConANQ,channel,04-Aug-2020 | Closing Session | Fasting Prayer Day | Apo Dr A S Ranjeet Ophir | Ophir Ministries
24OCosWjGPM,channel,04-Aug-2020 | Fasting Prayer Day | Apo Dr A S Ranjeet Ophir | Ophir Ministries
noQGaDN8quI,channel,#OM_QA_000200 దేవుని మహిమ మనుష్యుల మధ్య నివసించడం అంటే??
myCHERvDQLA,channel,#OM_QA_000199 పేతురును సాతాను అని యేసు ఎందుకు పిలిచాడు?
MxWYmpvMRKc,channel,02-Aug-2020 | అపొ డా ఓఫీర్ గారి ఉపవాస ప్రార్థనా పిలుపు | Apo Dr Ophir's Call For Fasting Prayer
VpdrtlEHZAg,channel,02-Aug-2020 | దావీదులలోనుండి కయీనును వెళ్ళగొడదాం!! | Sunday Service | Central Church | Ophir Live TV
6iwIzWvqa5w,channel,31-Jul-2020 | క్షీరసాగర మధనం | అపో డా ఓఫీర్ గారితో ప్రశ్నోత్తరి | Ophir Live TV
nWso-rl84AI,channel,#OM_QA_000198 విశ్వాసులు వెయ్యేండ్ల రాజ్యంలో పాపం చేయగలరా??
tKmIHN8-Xjo,channel,#OM_QA_000197 సున్నతి పోగొట్టుకోవడమేమిటి?!
8GAvszGxiEQ,channel,#OM_QA_000196 వెయ్యేండ్ల పరిపాలనలో పౌరులెవరు?
iNTcdeaha9k,channel,#OM_QA_000195 సత్యం అంటే ఏమిటి? సత్యసంబంధులెవ్వరు??
T83zJsN_RQU,channel,#OM_QA_000194 భక్తుల నోటినుండి దేవదూషణలు ఎందుకు వస్తాయి ?!
VZeqqbDuYc4,channel,#OM_QA_000193 మనప్రక్కన పదివేలమంది కూలడం ఏమిటి?
-xssIakzF8w,channel,#OM_QA_000192 క్రైస్తవ దంపతులు కూడా అన్నాచెల్లెళ్ళేనా?!
HeKmvGpd0_U,channel,#OM_QA_000191 విధవరాలు పునర్వివాహం చేసుకోవొచ్చా?
HtNBGgAjiA4,channel,#OM_QA_000190 బైబిల్ ప్రామాణికతను ప్రశ్నిస్తే దానికి జవాబు ఏమిటి??
5PKcaNCE-wA,channel,#OM_QA_000189 భర్త సంసారానికి అనర్హుడైతే స్త్రీలు ఏమి చేయాలి??
lMhzwN_keDQ,channel,"#OM_QA_000188 చిట్ ఫండ్, ఇన్ష్యురెన్స్, వడ్డీ వ్యాపారం క్రైస్తవులకు తగునా?!"
wFPfN9N9lVo,channel,"#OM_QA_000187 ""నీతి ఆయనకు ముందు నడచును"" అంటే??"
PBkkptK-ar0,channel,#OM_QA_000186 ఆయుష్కాలం వ్యర్థమని ప్రసంగి ఎందుకన్నాడు?
xEWLEkD2kak,channel,#OM_QA_000185 లూసీఫర్ కంటే ముందు కొందరు దూతలు ఎలా పడిపోయారు??
XpHx2sP44cE,channel,#OM_QA_000184 చనిపోయినవారి ఆత్మలతో మాట్లాడించే టెక్నాలజీ ఉందా??
22qSf7_rBHU,channel,#OM_QA_000183 అహరోనును దేవుడు ఎందుకు ఎన్నుకున్నాడు??
0n05JSbH2hI,channel,#OM_QA_000182 దూడను చేసిన అహరోనును దేవుడు ఎందుకు క్షమించాడు??
ubYljy6r658,channel,#OM_QA_000181 లాక్డౌన్ లో ప్రభురాత్రి భోజనం ఎలా?
I3KggIUqZwA,channel,#OM_QA_000180 ప్రజల చేతికి బైబిల్ దొరకడం ఇంత ఆలస్యమెందుకు??
xmlEs0M17uE,channel,#OM_QA_000179 వేదాలు కూడా దేవుని వాక్యమేనా??
2QealKZIOWU,channel,#OM_QA_000171 ఇక్కడే మన పాపాలు క్షమించబడితే న్యాయపీఠం ఎందుకు?!
QWzDTaX_F8Y,channel,#OM_QA_000168 సువార్త విరోధులపై క్రైస్తవులు ఎదురుదాడి చేయొచ్చా?
JnCoD7THMl0,channel,#OM_QA_000170 పురుషులు తమ భార్యలను కొట్టవచ్చా?
Cmm_XcMLTGQ,channel,#OM_QA_000169 యేసు మరణవేదనలు పొందటం ఏమిటి?
Z5-TYYIkB94,channel,26-Jul-2020 | అదృశ్యలోకంతో సహజీవనం!! | Sunday Service | Central Church | Ophir Live TV
RpHdtFAcILQ,channel,#OM_QA_000178 గ్రుడ్డివారు చదవడం చెవిటివారు వినడం అంటే?!
L2DKf0EVKwQ,channel,#OM_QA_000177  క్రైస్తవులు రమ్మీ ఆడొచ్చా?
LiC1INs2CDY,channel,"#OM_QA_000176 జ్ఞానవాక్యం, బుద్ధివాక్యం వరాల వివరణ!"
EF56ECu-Kik,channel,24-Jul-2020  | క్షీరసాగర మధనం | అపో ఓఫీర్ గారితో ప్రశ్నోత్తరి | Ophir Live TV
dX7GapoFb9Q,channel,19-Jul-2020 | కృపలో జీవిద్దాం రండి...!! | Sunday Service | AFGC Sydney | Ophir Live TV
YhHe5JCE7z8,channel,#OM_QA_000175 అబ్రాహాముకు నిత్యజీవాన్ని గూర్చి తెలుసా??
Qfulb0ds5eA,channel,#OM_QA_000173 వెయ్యేండ్ల పాలనలో బైబిల్ ఉంటుందా?
m8b_3KjNO2k,channel,#OM_QA_000174  క్రైస్తవ పరిసయ్యులు సాగదీస్తున్న హస్తప్రయోగ వివాదం!!
mtNs6RymcwQ,channel,#OM_QA_000172 వెయ్యేండ్ల పరిపాలన ఎందుకు??
WFfR90gAiFg,channel,22-Jul-2020 | రెవ.డా. కొత్తపల్లి ఇషాకర్ (అపో ఓఫీర్ గారి గాడ్ ఫాదర్) గారి అంతిమ యాత్ర | Ophir Live TV
nG7XVuIlPAQ,channel,19-Jul-2020 | పనికిమాలిన పర్ఫెక్షనిజం!! | Sunday Service | Central Church | Ophir Live TV
Lj_AwH8Diqw,channel,02-Jul-2020 | దేవుడే మనదగ్గరికి వస్తే ?! | Ladies Fellowship | Central Church | Ophir Live TV
BgEyLPddmw8,channel,17-Jul-2020 | Part-3 | క్షీరసాగర మధనం | అపో ఓఫీర్ గారితో ప్రశ్నోత్తరి | Ophir Live TV
HQ9ZgTsmNgo,channel,17-Jul-2020 | Part-2 | క్షీరసాగర మధనం | అపో ఓఫీర్ గారితో ప్రశ్నోత్తరి | Ophir Live TV
0gKREbhDrbU,channel,17-Jul-2020 | క్షీరసాగర మధనం | అపో ఓఫీర్ గారితో ప్రశ్నోత్తరి | Ophir Live TV
yoBT04DVIws,channel,#OM_QA_000171 సకలజనులు యూదులను కాకాపట్టడం ఎప్పుడు?
NaJLDQvFjSs,channel,#OM_QA_000170 వెయ్యేండ్ల పరిపాలనలో క్రీస్తు భక్తులు ఎక్కడుంటారు?
Fpoz1nMmdr4,channel,#OM_QA_000168 పురాణాలను ఓఫీర్ గారు నమ్ముతున్నారా?
os_TQ3MrM24,channel,#OM_QA_000169 వెయ్యేండ్ల పాలనలో మనుషులు పుడుతూ చస్తూ ఉంటారా?
dsffUx7Rtzo,channel,#OM_QA_000167 నియోమ్ సిటీని అబద్ధక్రీస్తు వాడుకుంటాడా?
A0vHVfE7Wj8,channel,#OM_QA_000166 పిల్లలపేరిట మనం పరలోకంలో ధనం కూర్చవచ్చా?
u5qr5Sxukhc,channel,#OM_QA_000165 పరలోకంలో ధనం కూర్చుకోవడం ఎలా?
2cKOK5pMJkA,channel,"#OM_QA_000164 ""ఇది యెహోవా ఏర్పాటు చేసిన దినం"" అంటే ఏమిటి?"
bpYacVshecE,channel,#OM_QA_000163 మనోయజ్ఞం ఎందుకాలస్యమైంది?
CvxC4HQWNZY,channel,#OM_QA_000162 కొండలు రసధారలు కావడమేమిటి?
_f-FKqFu1ug,channel,#OM_QA_000161 కర్మఫలం ఏలీయాను వెంటాడుతుందా?!
K3eDwUEcEiU,channel,#OM_QA_000160 బీదలు ఎందుచేత ధన్యులు!!
Rhli8vFHzEI,channel,#OM_QA_000159 పాస్టర్ పదవి వారసత్వంగా వస్తుందా?!
Rl3rECNjzdE,channel,#OM_QA_000158 ఆడవాళ్ళందరూ మోసగత్తెలని బైబిల్ చెబుతుందా?!
fiUGcfQGNZc,channel,#OM_QA_000157 ఆత్మహత్య చేసుకోవడానికి మంచోళ్ళకు లైసెన్సుందా?
spGmh_7lREM,channel,#OM_QA_000156 రెండవరాకడ దినం పరిశుద్ధాత్మకు తెలియదా?!
3SG5jhrXT08,channel,#OM_QA_000155 పరమభక్తులకు కొన్ని సత్యాలు ఎందుకు తెలియదు?
XwpC-WufkNs,channel,#OM_QA_000154 న్యాయవాద వృత్తి క్రైస్తవులకు తగినదేనా?
S9-PSj2BdOI,channel,#OM_QA_000153 స్టాక్ మార్కెట్ క్రైస్తవులకు నిషిద్ధమా?
rMyav5EE_5w,channel,#OM_QA_000152 అన్యాయాన్ని ఎదిరించమని బైబిల్ చెప్పలేదా?!
9KYvqBJMc18,channel,#OM_QA_000151 అత్యాచారాలను ఆపలేనివాడు దేవుడెలా అవుతాడు?
dp7cCB5AyoE,channel,12-Jul-2020 | ఆర్కేపి కార్యకర్తలకు అధినేత పిలుపు..... | Ophir Live TV
3FjhFTkLuh0,channel,12-Jul-2020 | ప్రజాపతి కౌగిలిలోకి రాజమార్గం!! | Sunday Service | Central Church | Ophir Live TV
2mFOHfd4dUA,channel,05-Jul-2020 | మనపక్షమందున్న దేవుడు !! | AFGC Sydney | Sunday Service | Ophir Live TV
Ib3Y_fB8HeA,channel,10-Jul-2020 | క్షీరసాగర మధనం | అపో ఓఫీర్ గారితో ప్రశ్నోత్తరి | Ophir Live TV
dCfJxG4fGfE,channel,#OM_QA_000150 తండ్రుల పాపం పిల్లల మీదికి వస్తుందా?
SfDYLksL9sA,channel,#OM_QA_000149 క్రూర మృగాలను చిన్నపిల్లలు తోలడమేమిటి??
fRxwkhTimbk,channel,#OM_QA_000148 దేవదూతలకూ స్త్రీల ముసుగుకూ సంబంధమేమిటి?
_QcLNzhivuU,channel,#OM_QA_000147 బాప్తిస్మ విధానంలో పొరపాటు దొర్లితే??
nydPdWn-b6s,channel,#OM_QA_000146 కొడుకు తండ్రిని కొట్టవచ్చా?
hkNIL7DjzLU,channel,#OM_QA_000145 రంజిత్ ఓఫీర్ గారు లిబరల్ క్రిస్టియనా?
7fMSMaMVgQw,channel,#OM_QA_000144 మనం ఎత్తబడితే మన బట్టలూ ఎత్తబడుతాయా?
ne2zAwokWhQ,channel,"#OM_QA_000143 బ్రహ్మచారులు ఎత్తబడితే, పరలోకంలో పెళ్ళవుతుందా?"
S1IkzSZ1I-g,channel,#OM_QA_000142 రామ్ గోపాల్ వర్మ వ్యాఖ్యలపై రంజిత్ ఓఫీర్ స్పందన!
xMBAXV9Wj7U,channel,#OM_QA_000141 పరిశుద్ధాత్మాభిషేకం ఎలా పొందాలి?
nVyelIOlZCI,channel,#OM_QA_000140 మహాశ్రమల మధ్య ఎవరైనా రక్షణ పొందుతారా?
_w1CAMzIhms,channel,#OM_GS_000001 ఇశ్రాయేలీయుల దేవుడు భారతీయులకెందుకు??
b79Dr8T_Uvg,channel,"#OM_QA_000139 144,000 మంది ఎవరు?"
80xzyZe7ZX4,channel,#OM_QA_000138 క్రైస్తవులు అన్యుల అంత్యక్రియలకు వెళ్ళొచ్చా?
xyXirUn4XQU,channel,#OM_QA_000137 ముదిగొండ శివప్రసాద్ వ్యర్థ ప్రేలాపనలు!!
Am-5wl3MK5Y,channel,#OM_QA_000136 మనం దేవునితో నడుస్తున్నామని ఎలా తెలుసుకోగలం?
DM6t8bVtQvo,channel,#OM_QA_000135 తీర్పు జరగకముందే ధనవంతుడు నరకానికి ఎలా వెళ్ళాడు?
M0CQWUmZ9oA,channel,#OM_QA_000134 కాల్వినిజంని సవరించడానికి ఓఫీరిజం!!
kC4IanpXi_o,channel,#OM_SL_000001 విశ్వాసానికి అసలైన నిర్వచనం!!
1uNcl4guRgE,channel,05-Jul-2020 | విజయానికి రాజమార్గం!! | Sunday Service | Central Church | Ophir Live TV
pYi6-YwlWto,channel,#OM_QA_000133  క్రింది లోకాలలో జ్ఞానులెవరు?
mVM3HtmHB4w,channel,"#OM_QA_000132 ప్రాణానికి, ఆయుష్షుకి సంబంధం ఏమిటి?"
kXl1NAoKFPg,channel,#OM_QA_000131 అర్థంకాని కలలను ఏమిచేయాలి?
PdUmWouTNYs,channel,#OM_QA_000126 పాపమరణముల నియమం నుండి విడుదల ఎప్పుడు??
viclqXCYYzs,channel,03-Jul-2020 | క్షీరసాగర మధనం | అపో ఓఫీర్ గారితో ప్రశ్నోత్తరి | Ophir Live TV
gYbuz_6Ewgk,channel,#OM_QA_000130 ప్రార్థన చేస్తే ఏమి జరుగుతుంది?
1Y_znLcXNaA,channel,#OM_QA_000129 క్రీస్తు పొందిన శ్రమలు అసంపూర్ణమా?
Z3KdarbccVY,channel,#OM_QA_000128 విగ్రహారాధనే జీవనోపాధి అయితే??
UZ98BOX2Qu0,channel,#OM_QA_000127 దేవుణ్ణి మహిమపరచడం అంటే??
cVZX-I68E8I,channel,#OM_QA_000126 పాపమరణ నియమం నుండి విడుదల ఎప్పుడు??
lJf4EdJmyhY,channel,#OM_QA_000125 పరిశుద్ధంగా ఉండటం అంటే??
Es5dwQnyc9Q,channel,#OM_QA_000124 అత్యాచారాలను ఆపలేనివాడు దేవుడా?!
1BcPwLqSAMA,channel,#OM_QA_000123 ఆకాశానికి వాకిళ్ళేమిటి? స్తంభాలేమిటి?
nYJu_DYnTkU,channel,#OM_QA_000122 ఆకాశం తెరువబడటం అంటే?
a0DW-XcIjFo,channel,#OM_QA_000121 నాస్తికత్వంలో పెరిగి దేవుణ్ణి తెలుసుకోగలరా?
E5FYysweR0Q,channel,#OM_QA_000120 క్యాథలిక్కులు దేవుని కోసం శ్రమపడటమా?!
W-xVmLDg7E0,channel,#OM_QA_000119 రక్షణ ఉచితమైతే మారుమనస్సు ఎందుకు?
t6n8ZhSxmG0,channel,#OM_QA_000118 గుప్తనిధులు కదులుతాయా?
v3kPMwthCJg,channel,#OM_QA_000117 మంత్రతంత్రాలు సైన్సు అవుతాయా?
7utpw0bg4hs,channel,#OM_QA_000116 కయీను మనకు మాదిరి పురుషుడా?!
AXMvNk-nbwo,channel,#OM_QA_000115  మళ్లీ బాప్తీస్మం పొందాల్సి వస్తే??
ghoTJ6WDHtY,channel,#OM_QA_000114 ప్రభుత్వాన్ని విమర్శించడం పాపమా?
KQeBmd2-Ngo,channel,#OM_QA_000113 లూసిఫర్ చేసిన అన్యాయం ఏమిటి?
o1ZBhQLAuNo,channel,#OM_QA_000112 యేసుక్రీస్తు సృష్టింపబడినవాడా?
00WTJBdQSqc,channel,#OM_QA_000111 క్రైస్తవులు సిగరెట్లు అమ్మొచ్చా?
VAs9kBXIIB4,channel,28-Jun-2020 | మన బంగారు భవితవ్యం!! | Sunday Service | Second Message | Apo Dr AS Ranjeet Ophir
d6O5l_zSNbs,channel,28-Jun-2020 | Sunday Service | Central Church | Ophir Live TV
MycOXAvtKh8,channel,#OM_QA_000110 యెహెఙ్కేలు 39 లోనిది ఏ యుద్ధం?
7rOPpKYHYQ4,channel,#OM_QA_000109 విశ్వాసులకు తండ్రిగా దేవుడు అబ్రాహామునే ఎందుకు ఎన్నుకున్నాడు?
x5VpZQhquXo,channel,#OM_QA_000108 యేసు రెండవ రాకడకు ఇంకా ఎంత సమయముంది?
dGz85ttbuag,channel,#OM_QA_000106 ప్రేమమూర్తి సంఘమునుండి వెలివేతలా?!
uHbSAzLrIEU,channel,#OM_QA_000105  క్రైస్తవులు జాతకాలు చెప్పొచ్చా?
L43eZL2r9AI,channel,#OM_QA_000104 దైవసేవకుడు కరోనాతో మాట్లాడవచ్చా?
YgiKZoeocVA,channel,26-Jun-2020 | క్షీరసాగర మధనం | అపో ఓఫీర్ గారితో ప్రశ్నోత్తరి | Ophir Live TV
mf9i4qeAy0Y,channel,#OM_QA_000103 అన్యభాషలతో ప్రార్థిస్తే అక్కర తీరుతుందా?
4A4_DPnnCtA,channel,25-Jun-2020 | పురుషులారా పురుషులు కండి!! | Men's Fellowship |  Central Church | Ophir Live TV
Wru2S1ApaYY,channel,#OM_QA_000102 క్రీస్తును లోకం చూస్తుందా? చూడదా?
2VjpZSk5Kno,channel,#OM_QA_000101 ఓఫీర్ గారి బోధకు లేఖనాధారం లేదా?
l0NGX0lRZwI,channel,#OM_QA_000100 హనోకు మారణాన్ని జయించాడా?
aLWl-qjxf-I,channel,#OM_QA_000099 శుభశుక్రవారం నాడు తెరువబడిన సమాధులు!!
A44lu_vSvck,channel,#OM_QA_000098 అబ్రాహాముకు యెహోవా నామము తెలుసా? తెలియాదా?
7Nlq6_pu05M,channel,#OM_QA_000097 లూసిఫరుకు త్రిత్వం తెలియదా?!
RyBiV0KmKcE,channel,#OM_QA_000096 పరిశుద్ధాత్మ ఎప్పుడు పుట్టాడు?
QFNJ_JrwONA,channel,#OM_QA_000095  అబద్ధ క్రీస్తు ముద్ర వచ్చేసిందా?!
Jy0V7sv3rfk,channel,#OM_QA_000094 హస్తప్రయోగం చేయనివారు పరిశుద్ధులా?!
uIQXNhUVyXk,channel,#OM_QA_000093 ఆత్మహత్యలను హత్యచేద్దాం రండి!!
9OeIDbnz2JA,channel,21-Jun-2020 | మధ్యవర్తులు మనకెందుకు?? | Sunday Service | Ophir Live TV
45lrjfOVJHQ,channel,19-Jun-2020 | క్షీరసాగరమధనం | అపో డా ఓఫీర్ గారితో ప్రశ్నోత్తరి కార్యక్రమం | Ophir Live TV
xYOiRk30fsw,channel,19-Jun-2020 | Part-2 | క్షీరసాగరమధనం | అపో డా ఓఫీర్ గారితో ప్రశ్నోత్తరి కార్యక్రమం | Ophir Live TV
e9S0iznkIFI,channel,#OM_QA_000092  ఓఫీరిజం సినిమాలు చూడమని ప్రోత్సహిస్తుందా?
22u1KDh_Uas,channel,#OM_QA_000091 ఓఫీర్ గారు సినిమాలు చూస్తారా?
n0vU2kBtYIs,channel,#OM_QA_000090 నొప్పించకుండా సువార్త చెప్పడం సాధ్యమా?
-B2s197n6SY,channel,18-Jun-2020 | బలహీనులకు శుభవార్త !! | Women's Fellowship | Central Church | Ophir Live TV
NRgeU4VrKb0,channel,#OM_QA_000089 దేవుడు పశ్చాత్తాపపడతాడా?
mPRnqqpe0WE,channel,#OM_QA_000088 దేవుని మర్మాలను దేవుడు పరిశోధించడం ఏమిటి?
3UJnM7YwA0I,channel,16-Jun-2020 | దుర్మరణం నేపథ్యంలో అద్భుత సువార్త!! | Pastor Durgam Prasad's Memorial Service
_1r42XWtWSk,channel,#OM_QA_000086 మేఘాల మీద సంఘం ఎత్తబడటం అంటే?
bLIGHaQ7NWk,channel,#OM_QA_000087 క్రైస్తవులు సినిమా ఫీల్డ్ లో ఉండొచ్చా?
T2-RFxB34Ck,channel,"#OM_QA_000085 డ్రైవర్లు, పైలట్లు ఎత్తబడితే, ప్రయాణికులేమవుతారు?"
ddees8voa90,channel,#OM_QA_000084 బాప్తీస్మం పొందకుండా చనిపోయిన విశ్వాసి పరిస్థితి ఏంటి?
hiHkaBqg_JE,channel,#OM_QA_000083 ఒక వ్యక్తిలో రక్షణ కార్యం ఎప్పుడు జరుగుతుంది?
CouUs19O2Q4,channel,#OM_QA_000082 కన్యత్వ పరీక్ష ఈ కాలానికి వర్తిస్తుందా?
1C9Fdt0HwRM,channel,#OM_QA_000081 స్ఖలనం జరిగిన వ్యక్తి అపవిత్రుడా??
yjHs3KtenS4,channel,#OM_QA_000080 మోహపు చూపులు చూడడం ఓఫీరిజమా?
bT3VdQ6s2TU,channel,14-Jun-2020 | అసంపూర్ణ పరిపూర్ణతావాదం!! | Sunday Service | Ophir Live TV
WUtlSs8ZTXU,channel,12-Jun-2020 | క్షీరసాగరమధనం | అపో డా ఓఫీర్ గారితో ప్రశ్నోత్తరి కార్యక్రమం | Ophir Live TV
EXA6yVjNyyc,channel,#OM_QA_000079  టిక్ టాక్ లో సువార్త చేయవచ్చా?
wIvHWf27fuI,channel,#OM_QA_000078 తలకొరివి పెట్టడం విగ్రహారాధన అవుతుందా??
9hsMyMT_mjo,channel,#OM_QA_000077 ప్రసాదం విషయంలో ఓఫీర్ గారు హిందువులను కించపరిచారా?
fXdUdD9QnUE,channel,#OM_QA_000075 బ్రదరన్ బోధకు బైబిల్ సమాధానం
4JcxoDMvl8c,channel,#OM_QA_000074 దేవుడు కొందరిని ముందుగా నిర్ణయించడం న్యాయమా?
219Z4zmDjiI,channel,#OM_QA_000073 మొన్నటి మిడతల దండు యేసు రాకడ సూచన అనుకోవాలా?
2Zy_AIYUQ5Y,channel,#OM_QA_000072 మోహపు చూపు చూసిన వారు నరకానికి వెళ్తారా?
1QC_hKIatqQ,channel,07-Jun-2020 | దారుణంగా మోసపోతున్న భక్తిసాధకులు!! | Sunday Service Message |  Apo Dr AS Ranjeet Ophir
cIeUjWn7S7s,channel,07-Jun-2020 | తీర్థప్రసాదాలు లేని ఆరాధనలేమిటి? | Ophir Live TV
WvDcGPBG05o,channel,#OM_QA_000071 హస్తప్రయోగ వివాదం -- న్యాయపీఠం యెదుట.... !!
gcA7w2nt_4M,channel,05-Jun-2020 | Q&A with Apo Dr. A S Ranjeet Ophir | Ophir Live TV
1j5ZmcLZFEU,channel,#OM_QA_000070  క్రీస్తు శిష్యులు ఇశ్రాయేలీయుల వద్దకే పంపబడ్డారా?
aLiHup7yBnc,channel,Ranjith Ophir Talks About The Coming World Dictator| యుగాంతం గ్రంథకర్త | Disha TV Interview
NcVR40BjGlo,channel,రాబోయే రోజుల్లో విషం తప్ప నీళ్లు దొరకవు  'యుగాంతం' గ్రంథకర్త | Ranjith Ophir | Disha TV Interview
XWMXobsk8P8,channel,PM Modi | Entire world is praising PM Modi's way of handling | Ranjith Ophir   Disha TV Interview
-fYS4ggUo3s,channel,#OM_QA_000069  రొట్టె విరుచుట సాధారణ భోజనం కావొచ్చుకదా!?
F5oIrZ_Pv8U,channel,#OM_QA_000068  క్రైస్తవులు వాస్తు పాటించవచ్చా?
rYK3_-UPyjg,channel,#OM_QA_000067 కరోనా నేపథ్యంలో దేవుడు ఎక్కడ??
nkituo7Mg5Y,channel,#OM_QA_000066 అన్యభాషలలో రకాలు ఎన్ని?
OIusOxCKG18,channel,#OM_QA_000065 నొసళ్లయందు దేవుని ముద్ర అంటే ఏమిటి ?
qqP-K6ywtHk,channel,#OM_QA_000064  ప్రభురాత్రి భోజనం ధర్మశాస్త్ర వ్యతిరేకమా !!??
Dhkdpo-r4kc,channel,31-May-2020 | Sunday Worship Service | Central Church | Ophir Live TV
KmR6hlY5nD0,channel,Q&A with Apostle Dr A S Ranjeet Ophir
ll5pfKf0udM,channel,#OM_QA_000063 బైబిల్ పఠనమే బ్రహ్మాస్త్రం.... !!
ZDCr7fw-FmU,channel,#OM_QA_000062 దేవుడు యెలా మాట్లాడుతాడు??
vpwTWUes79s,channel,"#OM_QA_000061 ""గురుర్ బ్రహ్మ"" అయితే మానవ గురువులెందుకు !!??"
spDavoX49Ps,channel,Ophir Live Tv | 27.May.2020 | ఇదిగో అసలైన ఏలీయా! కర్మేలు సందేశం!
wCD1A5JkjeA,channel,Ophir Live Tv | 24.May.2020|మన భక్తి సాధన....  ఎవరి బాధ్యత???? Sunday Worship
iDiaou7bpNM,channel,#OM_QA_000060 అదృష్టాన్ని నమ్ముకోవాలా? కృషి చెయ్యాలా?
KnF_xN1kAHs,channel,#OM_QA_000059 రక్షణ పొందినవారు తలకొరివి పెట్టవచ్చా?
zc8vW-4brN4,channel,#OM_QA_000058 యేసును నమ్మినవారు బాప్తిస్మము పొందకుండా చనిపోతే ఎక్కడికెళ్తారు?
Rr2kgJt8zZs,channel,#OM_QA_000057 లైంగిక విషయాలు గోప్యంగా ఎందుకు ఉంచాలి?
ETHJQo8Q4zw,channel,#OM_QA_000056 నిద్రలో వీర్య స్ఖలనం దేవుని దృష్టిలో పాపమా?
njTtHR9Sp6Q,channel,#OM_QA_000055 సొలొమోను మహారాజు పరలోకానికి యోగ్యుడు ఎలా అవుతాడు?
pJYc2ytLd-Y,channel,#OM_QA_000054 మరియమ్మ యేసును కనేవరకూ యోసేపు ఆమెను ఎందుకు ముట్టుకోలేదు?
DtwWWzx6nmc,channel,#OM_QA_000053 అశ్లీల చిత్రాలు చూడటం పాపమా?
0YKICzBYyEk,channel,22-May-2020 | Ksheerasagara Madhanam | క్షీర సాగర మధనం! | Q&A With A S Ranjeeth Ophir Gaaru | Part 2
QsZp5m2FZqE,channel,22-May-2020 | Ksheerasagara Madhanam | క్షీసాగరమధనం | Live Q&A With A S Ranjeeth Ophir Garu | Part 1
fbOyhn_qn_I,channel,#OM_QA_000051 అద్భుతాలు చేయకపోతే మనుష్యులు రక్షణ పొందరా
YWlmrZr_RUk,channel,#OM_QA_000050 ప్రార్థన చేసి క్రింద పడేసే పరిచర్యను బైబిల్ సమర్థిస్తుందా?
7DZmf9TbWgU,channel,#OM_QA_000049 దేవుడు కనిపిస్తాడా? మాట్లాడతాడా?
fnehOT4-idc,channel,#OM_QA_000048 క్రైస్తవులు చనిపోయిన వాళ్ళను బ్రతికిస్తారా?
UMD_-54Coj8,channel,Ophir Live Tv | 20 May.2020 | Carmelu Prayer Message
4ZfBukDQs9k,channel,#OM_QA_000041 నరకానికి వెళ్లిన మనవాళ్లను గూర్చి పరలోకంలో మనం ఏడుస్తామా?
CzWaNPTaPM8,channel,#OM_QA_000047  RIP అని క్రైస్తవులు అనవచ్చా?
fUfv_ljrqMg,channel,#OM_QA_000046 అదోనియాను సొలొమోను ఎందుకు చంపించాడు?
dmyOyycn328,channel,#OM_QA_000045 సాతాను వెలుగు దూతగా ఎలా మోసం చేస్తాడు
n9eIScUjE00,channel,#OM_QA_000044 బుద్ధిమాంద్యము గలవారు ఎలా రక్షణ పొందుతారు?
frJd1EgfMGY,channel,#OM_QA_000043 యోబు దేవుణ్ణి దూషించాడా?
j_Tl_OhvnWg,channel,#OM_QA_000042 దైవత్రిత్వంలో ఎవరికి ప్రార్థించాలి?
O0YIMxaaeTI,channel,#OM_QA_000040 బర్త్ డేలు చేసుకోవొచ్చా?
AQPo0yMq9to,channel,#OM_QA_000039 ఆదికాండములో ఐగుప్తీయులు ఎక్కడ నుండి వచ్చారు?
8PPZwdKTthw,channel,#OM_QA_000037  బైబిల్లోని ఏమాటా కొట్టివేయబడదు అంటే అర్థం ఏమిటి?
tTT3sHG8IEM,channel,#OM_QA_000038 అప్పుతీర్చని వాళ్ళు రాకడలో ఎత్తబడతారా?
sO3g1glnisg,channel,#OM_QA_000036 లూసిఫర్ పతనాన్ని చూసి ఆశ్చర్యపోయిన వారెవరు?
2kG8u89512s,channel,#OM_QA_000035  మొదటి శతాబ్దపు సమిష్టి వ్యవస్థ క్రైస్తవులలో ఇప్పుడెందుకు లేదు??
7sVqtBcLcro,channel,"#OM_QA_000027 పెళ్లి చేసుకోవడానికి సరైన ""వరస"" ఏది?"
jwBzh0IRIf8,channel,#OM_QA_000034 సర్ప సంతానము అంటే ఏమిటి?
lNfrGjyaHUQ,channel,#OM_QA_000033 భూమ్మీది ప్రాణులను రక్షించడానికి నోవహు ఓడ ఎలా సరిపోయింది?
sWSjoocQYO8,channel,#OM_QA_000032 చనిపోయిన ఆత్మలకి సువార్త ప్రకటింపబడుతుందా?
yFaTend5fSM,channel,#OM_QA_000026 అబ్రాహాముకు నాలుగవ తరము వారు కనానుకు వచ్చారా?
X6dObI-GrFk,channel,Ophir Live TV | 17-May-2020 | దేవునితో సమ్మతించని సత్య సంబంధులు ...!
LsX0XJrdOFE,channel,#OM_QA_000031 జొన్నవిత్తులను ఓఫీర్ గారు సమర్థించారా?
xXFkxIYtY1g,channel,#OM_QA_000029 విమర్శకులకు గడ్డిపెట్టిన ఓఫీరు గారు!!
uJCQL3C41bQ,channel,"#OM_QA_000028 యెహోవా వేరు, యేసు వేరా?"
-LqWVp7asRE,channel,Ophir LiveTv|| 17 May 2020|| దేవునితో సమ్మతించని సత్య సంబంధులు .. .. !! SundayWorship Messeage...
Ro348laVux8,channel,Ophir Live Tv||17May2020||బోధకులారా ! దేవుని తో  సమ్మతించారా??
uMcH1x_JJ6Q,channel,17-May-2020 | Sunday Worship Message
5eu4v836mAU,channel,Ophir LiveTV | 17-May-2020 || తన పిల్లలకు ఓఫీర్ గారి  ఆరోగ్య సూచనలు !!
tIqM3NfeujE,channel,#OM_QA_000025 టీవీ5 డిబేట్లో ఓఫీర్ గారు ఓడిపోయారా? | Dr Ophir's Brutal Response To The Critics
9S2zyz7Jwwc,channel,15-May-2020 | క్షీరసాగర మధనం | అపొ డా ఓఫీర్ గారితో ప్రశ్నోత్తరి | Q&A With Dr A S Ranjeet Ophir
7JTrSHjZ5Gg,channel,08 .05.2020 | క్రైస్తవులు పగ తీర్చుకోవచ్చా? | Apo Dr A S Ranjeet Ophir
7aPum-9RaSk,channel,13-May-2020 | ప్రార్ధన ఫలించాలంటే...??? | కర్మెలు ప్రార్ధన సందేశం | | Apo Dr A S Ranjeet Ophir
LMSALSGkggo,channel,#OM_QA_000024  కనాను ఎందుకు శపించబడ్డాడు?
kUPJMB0UYWM,channel,#OM_QA_000023 సత్య ప్రవక్తను ఎలా గుర్తుపట్టాలి?
X7dx8MvzJCI,channel,#OM_QA_000022 పరలోకంలో విశ్వాసులు పనిలేని సోమరులా?
RoHntwuf_RY,channel,"#OM_QA_000021 బైబిల్లో కులాలు లేనప్పుడు పరిసయ్యులు, సద్దూకయ్యులు ఎవరు?"
rCdWVcpTJIc,channel,#OM_QA_000020 ఆత్మ విషయమై దీనులు అంటే ఎవరు?
AZEyPXGvB2E,channel,#OM_QA_000019  సాతానును భయపెట్టే క్రైస్తవుడు!!
JYrR9ftSIdk,channel,#OM_QA_000018 విరోధుల మధ్య క్రైస్తవుడు ఎలా జీవించాలి?
_ul-iDS7hHg,channel,10-May-2020 | Sunday Worship Message
-Qf5haLTK7U,channel,OPHIR LIVE TV | 10 .05.2020|| దుర్దినాలకు ముందు క్షేమకాలం!Sunday Worship సందేశం!
GyyJ-wiVi6g,channel,OPHIR LIVE TV||09-05-2020 | Intercessory Prayer - Full Video
8VG0VNkcyqM,channel,OPHIR LIVE TV | 08.05.2020||క్షీర సాగర మధనం!
WHNZvRM2SgY,channel,OM_QA_000017 మద్యం దేవునికిష్టమా?
i5MyM2gF1G4,channel,#OM_QA_000016  పిల్లలను కంటే స్త్రీలకు రక్షణ ??
DdMeH2qmWDM,channel,OM_QA_000015  ఏది మోసకరమైన బోధ??
UAlkzGouU0w,channel,#OM_QA_000014 పరలోక రాజ్యం బలాత్కారంగా పట్టబడటమా?!
SRuj_MigWTQ,channel,OPHIR LIVE TV | 06 .05.2020|| కర్మేలు ప్రార్ధన  సందేశం ..........
wPb-RkJ9Lfc,channel,OPHIR LIVE TV | 06 .05.2020|| కర్మేలు ప్రార్ధన  సందేశం ..........
KYwaJr4_lkw,channel,"#OM_QA_000013 ""రాత్రి మొదటి జాముకు"" సంపూర్ణ వివరణ!!"
AB6XBHUOph0,channel,#OM_QA_000012 భూమి పుట్టక మునుపే దేవుడు కొందరిని కోరుకున్నాడా?!
OziqwIdqMhY,channel,#OM_QA_000011 పాప పరిహారార్థ బలి కాకుండా ఇతర బలులెందుకు?
oQsOBBsW0Hw,channel,OM_QA_000010 సాతాను కలిగించే ఆటంకాలను ఎలా అధిగమించాలి??
I12BfziwMDQ,channel,#OM_QA_000009 ఓఫీర్ గారి రచనల్లో స్పష్టత లోపించిందా?!
D81SuOy67ds,channel,OPHIR LIVE TV||4.5.2020|| కరోనా తో దేవుడు పాపులను శిక్షిస్తున్నాడా....?!?!
ACLdxMRl7Q0,channel,"#OM_QA_000008  హృదయం - మనస్సు, వాటి చిరునామా!!"
rVfhf6nxqR8,channel,#OM_QA_000007 అవిశ్వాసికంటే చెడ్డ క్రైస్తవుడు!!
Pe02rC9_g14,channel,#OM_QA_000006 క్రైస్తవులు చనిపోయిన వారిని కూడా లేపుతారా?!
_BThiVqvW0k,channel,OPHIR LIVE TV | 3.5.2020|| SUNDAY WORSHIP LIVE
JSUsZKZTJjM,channel,"#OM_QA_000005  భూమి మీదే ఉన్న సాతాను రావటం, పోవటం ఏమిటి?"
S7tb29D01LI,channel,#OM_QA_000004 తన రెండవ రాకడ టైం యేసుకెందుకు తెలీదు?
bjuS1Bgz9C0,channel,#OM_QA_000003 క్రొత్త నిబంధన యుగంలోని ప్రవక్తల పేర్లు ఏమిటి?
ofWJEhMPBjc,channel,OPHIR LIVE TV||01.5.2020|క్షీర సాగర మథనం
iv8CX3el_F4,channel,"#OM_QA_000002 ""యిర్మియా ప్రవక్తకు యెహోవా పేరు!!"""
CYhjQNft5ns,channel,OPHIR LIVE TV |  Ksheerasaagara Madhanam | 1.May.2020
Z633W39RSbg,channel,OPHIR LIVE TV |  Ksheerasaagara Madhanam | 1.May.2020
6xChN-JgoYw,channel,ACE Club students lockdown performance  30 April 2020
hPM1AZvAI18,channel,OPHIR LIVE TV||29.4.2020||  కర్మెలుసందేశం లైవ్
FIdaUCn3MGM,channel,OPHIR LIVE TV||29.4.2020||  కర్మెలు ప్రార్ధన సందేశం లైవ్
HJ7BpyeVUxs,channel,OPHIR LIVE TV ||16.4 .2020||  గురువారం అగాపే పురుషుల  సహవాస సమావేశం లైవ్ ......
vHWdXN_bsSY,channel,OPHIR LIVE TV ||16.4 .2020||  గురువారం అగాపే పురుషుల  సహవాస సమావేశం లైవ్ ......
6nx8jiVUzBo,channel,OPHIR LIVE TV ||16.4 .2020||  గురువారం అగాపే పురుషుల  సహవాస సమావేశం లైవ్ ......
E6fPLa6h0FQ,channel,OPHIR LIVE TV ||16.4 .2020||  గురువారం అగాపే పురుషుల  సహవాస సమావేశం లైవ్ ......
BR_4dOLSTs8,channel,OPHIR LIVE TV||26.4.2020||రాగదె- శ్రీయేస రంజిల్లమహేశ-!!సాంగ్ బై రంజిత్ ఓఫిర్ గారు!
yuCQtYhtbGw,channel,OPHIR LIVE TV||26.4.2020||అంత్య దృశ్యాలు గనిపించేనే-అల్ల యేసయ్యచనుదెంచునే!సాంగ్ బై రంజిత్ఓఫిర్ గారు
GHu7q0p8s7A,channel,OPHIR LIVE TV||26.4.2020||లాజరులారా బయటికి రండి....!! ఆదివారం ఆరాధన సందేశం లైవ్
2dGWd8Q2VwY,channel,OPHIR LIVE TV||26.4.2020|| ఆదివారం ఆరాధన సందేశం లైవ్
AVkJo9fMSe0,channel,26 Apr 2020 | ఓఫిరిస్టులకు మననాయకుడు రంజిత్ ఓఫిర్ గారి అత్యవసర సందేశం!👍
0Dee-BKINSE,channel,25.4.2020 | విజ్ఞాపన ప్రార్ధన సందేశం | Apo Dr A S Ranjeet Ophir
MiFj9xaFPRA,channel,24.4.2020|క్షీర సాగర మథనం |  Full Episode
ko21kUoEU5c,channel,OPHIR LIVE TV ||23.4 .2020|  లేడీస్ మీటింగ్ సందేశం
X5Mr8sdn1aA,channel,OPHIR LIVE TV ||22.4 .2020|కర్మెలు సందేశం
9eF3i1RMook,channel,Please Like 👍Share and subscribe OPHIR LIVE TV and also OPHIR MINISTRIES INTERNATIONAL Facebook page
H9zO6Qo0lIU,channel,Please Like 👍Share and subscribe OPHIR LIVE TV and also OPHIR MINISTRIES INTERNATIONAL Facebook page
WHieYQIb0y0,channel,Please Like 👍Share and subscribe OPHIR LIVE TV and also OPHIR MINISTRIES INTERNATIONAL Facebook page
f2blud3-p-Q,channel,Please Like 👍Share and subscribe OPHIR LIVE TV and also OPHIR MINISTRIES INTERNATIONAL Facebook page
NIY_V2HdSzw,channel,Please Like 👍Share and subscribe OPHIR LIVE TV and also OPHIR MINISTRIES INTERNATIONAL Facebook page
cQaQaD6M1pw,channel,Please Like 👍Share and subscribe OPHIR LIVE TV and also OPHIR MINISTRIES INTERNATIONAL Facebook page
eJzYr9_sPj8,channel,Please Like 👍Share and subscribe OPHIR LIVE TV and also OPHIR MINISTRIES INTERNATIONAL Facebook page
KnffhpDZIt4,channel,Please Like👍Share and subscribe OPHIR LIVE TV and also OPHIR MINISTRIES INTERNATIONAL Facebook page
LfqTsvkrHtU,channel,Please Like 👍Share and subscribe OPHIR LIVE TV and also OPHIR MINISTRIES INTERNATIONAL Facebook page
Ezr5veEtfKY,channel,|20.4.2020|| చింత పడకుమొయి సాంగ్ |  రంజిత్ ఓఫిర్ గారు
57lDUikzFYo,channel,OPHIR LIVE TV||20.4.2020|| దైవంబై శ్రీయేసువా! సాంగ్ బై రంజిత్ ఓఫిర్ గారు
90THBpxC5GQ,channel,OPHIR LIVE TV ||19.4 .2020|| ఆదివారం సందేశం లైవ్
MFGV42SSHb4,channel,#OM_QA_00001 #Part-2 యేసుక్రీస్తు మూడు రాత్రింబగళ్ళు సమాధిలో ఉన్నాడా???
ofs6KPJV1yc,channel,OPHIR LIVE TV||19.4.2020||అతి గొప్ప మూర్ఖులు.....!!!SUNDAY WORSHIP SANDESAM  LIVE
piy0NpAYq6Q,channel,OPHIR LIVE TV ||18.4 .2020|| విజ్ఞాపన ప్రార్ధన సందేశం లైవ్ .......
8vxRKjlxK3k,channel,#OM_QA_00001 యేసుక్రీస్తు మూడు రాత్రింబగళ్ళు సమాధిలో ఉన్నాడా???
kKKZuCQ-kKM,channel,OPHIR LIVE TV ||17.4 .2020|| క్షీర సాగర మధనం Q&A
03Zo6Lc-sCo,channel,OPHIR LIVE TV ||16.4 .2020||  గురువారం అగాపే పురుషుల  సహవాస సమావేశం లైవ్ ......
OJ0OwVro0cc,channel,15.4.2020||మానుష్య జీవము  సాంగ్ | రంజిత్ఓఫీర్
4f6HSN1-GLo,channel,16.4.2020|| రంజిత్ ఓఫీర్ గారి తాతగారు RV KV జాకబ్ గారు రాసిన పాట#ప్రభుయేసా ! పాప నాశా !
_uSzC3m0MjI,channel,OPHIRLIVE TV||16.4.2020||గురు వారం స్త్రీల సహవాస కూటం లైవ్
eIj4ZO3DIVk,channel,OPHIR LIVE TV ||15.4 .2020||కర్మే ల్ సందేశం
c9p-oWEWH9g,channel,OPHIR LIVE TV ||12.4.2020|| సందేశం!ఈస్టర్ ఆదివారం ఆరాధన సందేశం
VgeCO7VPJGI,channel,12.4.2020|దేశ క్షేమము కొరకుప్రార్ధన !కరోన (కోవిడ్19) వైరస్  తొలగి పోవునట్లు ప్రార్ధన !
IIh4nkSXh2g,channel,OPHIR LIVE TV ||12.4.2020||ఈస్టర్ ఆదివారం ఆరాధన పాటలు!
8UFdfwrN24w,channel,12-Apr-2020 | రారాజు యేసు విజయగాధ వినగరారండి ! | Apo Dr A S Ranjeet Ophir Songs |
S2-97b50hHA,channel,12.4.2020||విజయ గీతముల్ పాడరే - క్రీస్తుకు జయ విజయ గీతముల్ సాంగ్ | రంజీత్ ఓఫీర్
PGdNRc8GFAw,channel,12.4.2020 || జీవోదయమై జీవముకలిగిన-- జీవపు తెరలేచే సాంగ్ | రంజీత్ ఓఫిర్ గారు
CoMtPj0yq1k,channel,OPHIR LIVE TV ||12.4.2020||గీతం గీతం జయజయగీతం!ఈస్టర్ ఆరాధన
C4ZlwPHm0fU,channel,12-Apr-2020 | లేచినాడురా సమాధి గెలిచినాడురా!! | ఈస్టర్ ఆరాధన పాటలు | Apo Dr AS Ranjeet Ophir
x8kp7lfEG8o,channel,OPHIR LIVE TV ||10.4.2020|| శుభ శుక్ర వారపు  ఆరాధన  లైవ్ సందేశం ......
Qh2l4-f-orI,channel,OPHIR LIVE TV ||10.4.2020|| శుభ శుక్ర వారపుఆరాధన ప్రసంగం పార్ట్2.
7c1ymVps3SA,channel,OPHIR LIVE TV ||10.4.2020|| శుభ శుక్ర వారపు  ఆరాధన సందేశం!పార్ట్1
mjmQSTfZSIg,channel,OPHIR LIVE TV ||10.4.2020| శుభ శుక్రవారం ప్రభువుసిలువపైపలికిన ఏడుమాటలు!
BEwocytz9QA,channel,OPHIR LIVE TV ||104.2020| శుభ శుక్రవారం ప్రసంగానికి ముందు మాట!
YqOV2QYJYXc,channel,OPHIR LIVE TV ||10.4.2020| శుభ శుక్ర వారపు ఆరాధన గీతాలు
FOpLxv4oe2Y,channel,OPHIR LIVE TV||9.4.2020||పురుషుల కూటం సందేశం
21OzCYsWqL0,channel,OPHIR LIVE TV ||9.4.2020| పురుషుల కూటం  సందేశం
U9WYyUPHPZ0,channel,OPHIR LIVE TV ||9.4.2020|బలహీనులారా_ఆనందించండి!స్త్రీ ల సమాజ కూడిక లైవ్ ......
vhKZ9HzCPYA,channel,OPHIR LIVE TV ||8.4.2020||కర్మేలు ప్రార్ధన  సందేశం లైవ్ ..................
Qv8IYKLYixE,channel,08-Apr-20 | కర్మేలు ప్రార్ధన  సందేశం ! | Apo Dr A S Ranjeet Ophir
JbeEcp5aAlY,channel,OPHIR LIVE TV ||27.3.2020|40 సంవత్సరాల సేవాప్రస్థానం !!
oUbyIT0RG8I,channel,OPHIR LIVE TV ||5.4.2020|రంజిత్ ఓఫిర్ గారి పుట్టిన రోజు సందర్భంగా వివిధ నాయకుల గ్రీటింగ్స్
NhaVzJBXkIs,channel,OPHIR LIVE TV ||NEW SONG ||5.4.2020||SUNDAY WORSHIP &DR RANJITH OPHIR 61 BIRTHDAY
bsHXC_0ckTc,channel,OPHIR LIVE TV ||SANDESAM ||5.4.2020||SUNDAY WORSHIP &DR RANJITH OPHIR 61 BIRTHDAY
NMcv8kYPGCk,channel,5.4.2020|ప్రధానమంత్రి గారి ప్రకటనకు రంజిత్ ఓఫిర్ గారి వివరణ!SUNDAY WORSHIP
g2GCJITJyus,channel,3.4.2020|| క్షిర సాగర మధనం!! ఫుల్ ఎపిసోడ్
IU8n7OhH2Ic,channel,OPHIR LIVE TV ||3.4.2020||LIVE
IOiXi_FAst4,channel,OPHIR LIVE TV ||2.4.2020||LIVE
tpXQR-7iSgs,channel,OPHIR LIVE TV ||2.4.2020||LIVE
w3-J07wacXI,channel,"OPHIR LIVE TV ||29 .3.2020|ఆదివారం  సందేశం  లైవ్ ,,,,,,,,,,,,,,,,,,,,"
cPBYu5R2fM4,channel,OPHIR LIVE TV ||29|3|2020|SUNDAY WORSHIP SANDESAM
0YDafNW6uJ4,channel,"OPHIR LIVE TV ||29 .3.2020|ఆదివారం  సందేశం  లైవ్ ,,,,,,,,,,,,,,,,,,,,"
FGJ-BITrB0g,channel,OPHIR LIVE TV ||29 .3.2020|sunday worship
bV4msEYhmEE,channel,29 .3.2020|రండి సితార నాదముతో సాంగ్ బై రంజిత్ ఓఫిర్ గారు
mO2hoJ4Wko8,channel,"OPHIR LIVE TV ||29 .3.2020|ఆదివారం పార్ట్1,"
KrUKkqWucjg,channel,29-Mar-2020 | కరొన వైరస్ విషయంలో ....కేంద్ర రాష్ట్ర ప్రభుత్వానికి రంజిత్ ఓఫిర్ గారి సలహా !
ZPqx89U90Xk,channel,మానవ సమాజం సనాతన ధర్మము నుండి తప్పిపోయినందుకే కరోనా వంటి వ్యాధులు వస్తున్నాయా???
5KnvU6k7xQQ,channel,"యుగాంతం"" గ్రంధం నెరవేర్పు కాలంలో ఈ 40వ దేవదర్శన దినోత్సవం జరుగుతుంది. అందరూ చెవులు రిక్కించి వినండి!"
eAXJnkNvh9g,channel,29-Mar-2020 | కరొన వైరస్ విషయం లో ....కేంద్ర రాష్ట్ర ప్రభుత్వాలకు అభిమానులకు Dr రంజిత్ ఓఫిర్ సలహా??
4BHRCXpzOMs,channel,OPHIR LIVE TV ||28 .3.2020|విజ్ఞాపన ప్రార్ధన  సందేశం !
sWcJv7Ra_ZA,channel,"OPHIR LIVE TV ||27.3.2020|,40 వ దేవదర్శన దినోత్సవ సందేశం లైవ్ KPHB,,,,"
ecNnQwXn8aU,channel,OPHIR LIVE TV ||27.3.2020|40 సంవత్సరాల సేవాప్రస్థానం !!
GGYSITw07r4,channel,ఉన్నవాడవు నాతో ఉన్నవాడవు! | Telugu Christian Song | Apostle Dr A S Ranjeet Ophir
uxai0-nYoJw,channel,"OPHIR LIVE TV ||27.3.2020|,40 వ దేవదర్శనo ఆనందంగా ఇoపైన కానాను సాంగ్ బై రంజిత్ ఓఫిర్ గారు"
I3tCTfw1NKM,channel,"26-03-2020, Ladies Fellowship, Central Church"
DV-pm8P3JOU,channel,"OPHIR LIVE TV ||25.3.2020|,కర్మేలుప్రార్ధన సందేశం    KPHB live ....."
vwvtCuvxgMs,channel,OPHIR LIVE TV ||24.3 .2020|అమావాస్య ప్రార్ధన సందేశం!
8sjG4AwzG0k,channel,24-Mar-2020 | కరోనాకి కాదు -- నరకానికి భయపడండి! | Second Coming Message | Apo Dr A S Ranjeet Ophir
M4mk8no6Hw8,channel,"OPHIR LIVE TV ||23.3.2020| అంతామనమంచికే...  జనతాకర్ఫ్యూ కూడా.... !!!! సందేశం ,,,,,"
DXzpqharOrU,channel,"OPHIR LIVE TV ||23.3.2020| అమావాస్య ప్రార్ధన  సందేశం ,,,,,"
cyZok30Kyzw,channel,OPHIR LIVE TV ||23.3.2020||ఆపత్కాలంలో జ్ఞానులం అవుదాం!
kCNP8ElKjZ8,channel,22-Mar-2020 | నిర్భయ క్రైస్తవం! | Sunday Service Second Message | Apo Dr A S Ranjeet Ophir
m9OM0y44dHI,channel,OPHIR LIVE TV ||22.3.2020|| ఈ జనతా కర్ఫ్యూ ఆదివారం దాకా ఎందుకు ఆలస్యం చేశారు?????
UYfUN1P8g-s,channel,OPHIR LIVE TV ||20 .3.2020|| దివ్య ప్రేమ మహాసభలు మూడవరోజు
6TY7lILRT7E,channel,OPHIR LIVE TV ||20 .3.2020|| దివ్య ప్రేమ మహాసభలు మూడవరోజు లైవ్
q-Z9-pqdi6M,channel,OPHIR LIVE TV ||20 .3.2020|| దివ్య ప్రేమ మహాసభలు మూడవరోజు లైవ్
qT0myTE9NC4,channel,OPHIR LIVE TV ||20 .3.2020|| క్షీరసాగర మధనం లైవ్
CPTJtRuYylw,channel,OPHIR LIVE TV ||20 .3.2020|| దివ్య ప్రేమ మహాసభ యూత్ మీటింగ్ లైవ్ ...........
FC_ZiWKyDIg,channel,OPHIR LIVE TV ||20 .3.2020|| దివ్య ప్రేమ మహాసభ youth meeting
ddrP7CXaXbQ,channel,OPHIR LIVE TV ||19 .3.2020|| దివ్య ప్రేమ మహాసభ 2nd day nihgt live
vuhWpz-VXK4,channel,19-Mar-2020 | నువ్వే దేవుడివైతే?! | దివ్య ప్రేమ మహాసభ | 2nd Day | Evening | Apo Dr A S Ranjeet Ophir
B5upjV-Tpu8,channel,OPHIR LIVE TV ||19 .3.2020|| దివ్య ప్రేమ మహాసభ  స్త్రీల సదస్సు లైవ్ .......
CihSQ3Bj8ps,channel,OPHIR LIVE TV ||19 .3.2020|| దివ్య ప్రేమ మహాసభ  స్త్రీల సదస్సు Part2
EECLwNcLUGU,channel,OPHIR LIVE TV ||19 .3.2020|| దివ్య ప్రేమ మహాసభ  స్త్రీల సదస్సు part1
WO27lJcQdTQ,channel,OPHIR LIVE TV ||19 .3.2020|| సంఘ వధువా ప్రియుడేసునాకై!! దివ్య ప్రేమమహాసభ స్త్రీలసదస్సు
C3gwvpR8MJg,channel,OPHIR LIVE TV ||19 .3.2020|| దివ్య ప్రేమ మహాసభ  స్త్రీల సదస్సు Part 1
7cVk9foNHY4,channel,OPHIR LIVE TV ||18.3.2020|| దివ్య ప్రేమ మహాసభ మొదటి రాత్రి మీటింగ్  జహీరాబాద్
vYZbCU6Hqxw,channel,OPHIR LIVE TV ||18.3.2020|| కరోనాఎందుకొచ్చింది?దివ్య ప్రేమ మహాసభ .
zRlb_BaIUmk,channel,OPHIR LIVE TV ||18.3.2020|| దివ్య ప్రేమ మహాసభమొదటి రాత్రిమీటింగ్  జహీరాబాద్ లైవ్.......
brdGO-7f8cM,channel,OPHIR LIVE TV ||18.3.2020|| మహిమహస్తంనుండి మట్టిహస్తాలకు...!! దివ్య ప్రేమ మహాసభలు జహీరాబాద్
qfbpND7Skbw,channel,15-Mar-2020 | కృపానిధి రహస్యం! | Krupaanidhi Rahasyam | Sunday Second Message | Dr A S Ranjeet Ophir
Dgi5kMCABQ0,channel,OPHIR LIVE TV ||15.3.2020|| ఆదివారం రెండవ సందేశం లైవ్ ...
NT1skYuVG28,channel,OPHIR LIVE TV ||15.3.2020|| ఆదివారం రెండవ సందేశం లైవ్ ...
UbYxDnAEoZ4,channel,OPHIR LIVE TV ||15.3.2020|| ఆదివారం రెండవ సందేశం పార్ట్ 1..
gjJoXUlW4Ic,channel,OPHIR LIVE TV |14.3.2020||VSP LIVE
6yIan9m52ps,channel,OPHIR LIVE TV | 26.Jan.2020 |దేవుడి రాజకీయం ?!!
k9rp2dqgWLA,channel,"ఋతుక్రమం లో ఉన్న స్త్రీ అపవిత్రురాలా, అన్ని పనులు చేయకూడదా"
jgxWbjIeT3c,channel,"యోగా నేర్చుకుంటే విశ్వాన్ని జయించే, శాసించే శక్తి వస్తుందా"
UxAOjEreuDo,channel,OPHIR LIVE TV | MALKAJGIRI | Sunday Message
nuOis6hf3SY,channel,OPHIR LIVE TV | MALKAJGIRI | Sunday Message
CCxR-qilYxE,channel,OPHIR LIVE TV | MALKAJGIRI | Sunday Message
S3_683RGcdg,channel,OPHIR LIVE TV |15.3.2020|SUNDAY|MALKAJGIRI 2ND MSG
9xpmOMUdZCg,channel,OPHIR LIVE TV |13.3.2020 |Q&A WITH RANJITH OPHIR GARU LIVE
AaglmYALvAc,channel,OPHIR LIVE TV | 12.3.2020 వరంగల్  లైవ్   సందేశం
_VGb1uWxUvg,channel,OPHIR LIVE TV | 12.3.2020 ||స్పష్టమైన సత్యదర్శనం.....!!!వరంగల్  లైవ్   సందేశం
Czu0LT9o2o8,channel,"OPHIR LIVE TV||రాముడు, బుద్ధుడు పరదైసులో ఉండటమేమిటి?"
XeX-oMsr1Rk,channel,OPHIR LIVE TV | 12.3.2020 వరంగల్
_SEgPSsB_Bg,channel,OPHIR LIVE TV | 12.3.2020 వరంగల్  లైవ్
qpixHdFTs3I,channel,OPHIR LIVE TV | 12.3.2020 వరంగల్  లైవ్
xPYmGoubFRw,channel,OPHIR LIVE TV | 12.3.2020 వరంగల్  లైవ్
RGzoxSSzqcE,channel,OPHIR LIVE TV | 10.3.2020 | నూతిరామన్న పాలెం  సాయంత్రం సభ లైవ్
mx0nsnhlq9o,channel,"OPHIR LIVE TV | 10.3.2020 | బుట్టాయిగూడెం,నూతిరామన్న పాలెం. లైవ్ ............"
4EXVKD3FaLE,channel,OPHIR LIVE TV | 9.3.2020 | సామర్లకోట ఉజ్జీవ సభ లైవ్ ..........................
Y9KplYQsoRE,channel,OPHIR LIVE TV | 9.3.2020 | సామర్లకోట మండల సేవకుల సహవాస కూడిక  లైవ్ .............................
2_AuUg0rulw,channel,OPHIR LIVE TV | 9.3.2020 | సామర్లకోట మండల సేవకుల సహవాస కూడిక  లైవ్ .............................
F55k6ZlUcag,channel,OPHIR LIVE TV | 8 .3.2020 |  2ND MESSGES  SUNDAY WRSHIP LIVE ..............................
IlkRp0Zf7zE,channel,OPHIR LIVE TV | 8 .3.2020 |  2ND MESSGES  SUNDAY WRSHIP LIVE ..............................
zLfMZxWDQ08,channel,OPHIR LIVE TV||8.3.2020|| MALKAZGIRI CHURCH 1st messge
6B0YumAxhbc,channel,చైనా అధ్యక్షుడు యేసును దూషించడం వల్లే కరోన వైరస్ వచ్చిందా
RVNGRviP5gI,channel,OPHIR LIVE TV | 4 .3.2020 |   నిడిగల్లు 3 వ రోజునైట్ సందేశం
uuXnkJ9rVOI,channel,OPHIR LIVE TV | 4 .3.2020 |
ogtTiPd3jbs,channel,OPHIR LIVE TV | 4 .3.2020 |   నిడిగల్లు 3 వ రోజు బైబిల్  స్టడీ2 లైవ్
gz750tmhxj4,channel,OPHIR LIVE TV | 4 .3.2020 |   నిడిగల్లు 3 వ రోజు బైబిల్  స్టడీ2 లైవ్
Yx66UcPBQLs,channel,OPHIR LIVE TV | 3.3.2020 |విష్ యుహ్యాపీ నూతనజన్మ!నిడిగల్లు 2వ రోజు రాత్రి మహాసభ మీటింగ్ లైవ్
zqT6hGRkkUA,channel,OPHIR LIVE TV | 3.3.2020 |నిడిగల్లు 2వ రోజు రాత్రి మహాసభ మీటింగ్ లైవ్
vfyXG6gAn8M,channel,OPHIR LIVE TV | 3.3.2020 |సర్వశక్తునిఆలస్యం?!నిడిగల్లు బైబిల్ స్టడీ
Th1WK0P1B0U,channel,OPHIR LIVE TV | 2 3.2020 ||జీవమా నీవిక సాంగ్  బై రంజిత్ ఓఫిర్ గారు
lczUUS7Owws,channel,OPHIR LIVE TV | 2 3.2020 ||ఇదిగో నిజమైన దేవుడు! అనంత పురం నిడిగల్లు
hat2GE-Pklo,channel,OPHIR LIVE TV | 2 3.2020 ||
0eyYX8sG6XQ,channel,OPHIR LIVE TV | 1.3.2020 ||కాకినాడ అగాపే సంపూర్ణ సువార్త సంఘం ప్రారంభం .. లైవ్ (pas రవిసారధి )2వ msg
ecEH9F3c_I0,channel,OPHIR LIVE TV | 1.3.2020 ||కాకినాడ అగాపే సంపూర్ణ సువార్త సంఘం ప్రారంభం .. లైవ్ (pas రవిసారధి )
_AP_VH4r1tw,channel,OPHIR LIVE TV | 1.3.2020 ||కాకినాడ అగపే సంపూర్ణ సువార్త సంఘం ప్రారంభం .. లైవ్
TGCZp8rtx8I,channel,OPHIR LIVE TV | 28.2.20 ||Q&A WITH RANJITH OPHIR GARU LIVE......
gh1VrFbHt1U,channel,OPHIR LIVE TV | 26.2.20 దాస్ బాబు చర్చి విశాఖపట్నం  లైవ్ ........సాయంత్రం  మీటింగ్
GZybaoyT60E,channel,OPHIR LIVE TV | 26.2.20దాస్ బాబు చర్చి విశాఖపట్నం  లైవ్ ........
jiln7yBgAB8,channel,OPHIR LIVE TV | 23.2.20 |కాల జ్ఞానంఉండగా యేసుమనకెందుకు?!!
KIlJww9xE9s,channel,OPHIR LIVE TV | 21.2.20
rc5gY9jAg7s,channel,OPHIR LIVE TV | 21.2.2020 | రంజిత్ ఓఫీర్ ప్రశ్న  జవాబులు లైవ్ ......
5D-3W6aIWmc,channel,OPHIR LIVE TV | 21.2.2020 | రంజిత్ ఓఫీర్ ప్రశ్న  జవాబులు లైవ్ ......
0OHedg2RWUA,channel,OPHIR LIVE TV | 21.2.2020 | అగాపే ప్రార్ధన యోధుల సమావేశం  లైవ్ .......
ZV0yG52b-F4,channel,OPHIR LIVE TV | 21.2.2020 | అగాపే ప్రార్ధన యోధుల సమావేశం  లైవ్ .......
E84Ygnqs6Nw,channel,16-Feb-2020 | పురాణాలే చరిత్ర అయితే -- క్రీస్తు ఎందుకు? | Sunday Message | Apo Dr A S Ranjeet Ophir
t1TMgRfdju4,channel,OPHIR LIVE TV | 16.2.2020 | Sunday Service | Second Message | LIVE
bVWLw6GeUxM,channel,21-Feb-20 | అగాపే సైనికుల ఉపవాస ప్రార్ధన దినోత్సవం! | Apo Dr A S Ranjeet Ophir
P59FLL3fyjQ,channel,16-Feb-2020 | హిమముకంటే తెల్లగా | Telugu Christian Song | Apostle Dr A S Ranjeet Ophir
CivEiXU4lDE,channel,OPHIR LIVE TVవిశాఖపట్నం
ekS14_kdEV0,channel,"OPHIR LIVE TV |11.2.2020 | సత్య పరిశోదన సభ దమ్మాయి గూడెం ,ఖమ్మం part 2"
unQrIil4bFI,channel,"OPHIR LIVE TV |11.2.2020 | సత్య పరిశోదన సభ దమ్మాయి గూడెం ,ఖమ్మం  పార్ట్ 1"
YTJSDdxmAWg,channel,"OPHIR LIVE TV |11.2.2020 | సత్య పరిశోదన సభ దమ్మాయి గూడెం ,ఖమ్మం లైవ్ ......"
sbw1wJz81oA,channel,OPHIR LIVE TV |11.2.2020 | సుందరయ్యనగర్ ఖమ్మం పార్ట్ 2
nizCGHB-OFE,channel,OPHIR LIVE TV |11.2.2020 | సుందరయ్యనగర్ ఖమ్మం పార్ట్ 1
Dkn1_Vx-Pug,channel,OPHIR LIVE TV |10 .2.2020 | దిద్దుబాటు మహాసభ తిరుమలాయపాలెం
A2xChQF0z0c,channel,OPHIR LIVE TV |10 .2.2020 | దిద్దుబాటు మహాసభ తిరుమలాయపాలెం
_y6wr6t6Gj0,channel,OPHIR LIVE TV |09.2.2020 | SUNDAY WORSHIP|రెండవసందేశం
o87MTptNURg,channel,OPHIR LIVE TV |09.2.2020 |అధిక నీతి-ఘోరపాపం!SUNDAY WORSHIP|మొదటి సందేశం!
UQ6OLrGyjuM,channel,OPHIR LIVE TV |08.2.2020 | vemulawada live
57_DSh3167k,channel,OPHIR LIVE TV |08.2.2020 |RKP అవగాహన సదస్సుvemulawada live
DJ9wI047RrU,channel,OPHIR LIVE TV |02.2.2020|కాఠిన్యంముసుగులో కారుణ్యం!! SUNDAY WORSHIP 2ND MESSAGE LIVE..........
aXf4YkJ98nk,channel,OPHIR LIVE TV |31.1.2020 | Ranjith_ophir_Answers #Ksheerasagara_madhanam #Q &.A #క్షీరసాగర మధనం
-a88ETsSJuE,channel,26-Jan-2020 | దేవుడి రాజకీయం!! | Sunday Service Second Message | Apo Dr A S Ranjeet Ophir
Z44al-fLn_s,channel,OPHIR LIVE TV |26.1.2020 |మొదటి సందేశం sunday worship live'.......
u-9idnciFYw,channel,OPHIR LIVE TV |24.1.2020 | క్షీరసాగర మధనం l Q&A with Apo. Dr. Addanki Ranjith Ophir | Live.......
NQs1GlGewYE,channel,19-Jan-2020 | రక్తంతో కడుక్కోవడం ఏంటిరా?! |  Sunday Service Message |  Apostle Dr AS Ranjeet Ophir
H012czkfwsY,channel,OPHIR LIVE TV | #Ranjith_ophir_Answers #Ksheerasagara_madhanam #Questionandanswers క్షీరసాగర మధనం!
8g48igruuSI,channel,OPHIR LIVE TV | 12.1.2020 | Sunday Service | Second  Message | LIVE
JbY8Iohgv9A,channel,OPHIR LIVE TV | 9 .1.2020 |గృహ ప్రవేశం  లైవ్  సంగారెడ్డి
xHQh087O5tQ,channel,OPHIR LIVE TV | 8.1.2020 |గృహ ప్రవేశం  లైవ్  లెనిన్ నగర్ ......
7PqOInbgUtM,channel,OPHIR LIVE TV | 8.1.2020 |గృహ ప్రవేశం  లైవ్  లెనిన్ నగర్ ......
taCPDQfdmGc,channel,OPHIR LIVE TV | 5.1.2020 |UPPAL LIVE
TZWQAmo3B2w,channel,OPHIR LIVE TV | 5.1.2020 | Sunday Service | 2nd Message | LIVE..................
FJ7QG3WU3c8,channel,OPHIR LIVE TV | 5.1.2020 | Sunday Service | First Message | LIVE
AyOQyRjYL4I,channel,OPHIR LIVE TV | 4.1.2020 | Memorial Service of Smt Suryakantam | Live from Anakapalle
-qJPoywxnf0,channel,OPHIR LIVE TV | 1.1 .2020 న్యూ ఇయర్ మిరపకాయ?!NEW YEAR SERVICE KPHB HALL
9MHveXUufjY,channel,OPHIR LIVE TV | 1.1 .2020 |NEW YEAR SERVICE KPHB HALL
SJS0-XrS0pU,channel,OPHIR LIVE TV | 1.1.2020 NEW YEAR SERVICE KPHB HALL
Z8imylsO7cM,channel,OPHIR LIVE TV | 31.12 .2019 |స్తుతించిపాడేద! WATCH NIGHT SERVICE KPHB HALL
hBOkZ5XycDk,channel,OPHIR LIVE TV | 31.12 .2019 | 2020 నూతన సంవత్సర వాగ్దానసందేశం!WATCH NIGHT SERVICE KPHB HALL
iwpCyAznTII,channel,OPHIR LIVE TV | 31.12 .2019 |క్రొత్త యేడు మొదలు పెట్టెను!WATCH NIGHT SERVICE KPHB HALL
ZMJAPEMAHZk,channel,31-Dec-2019 | న్యాయాన్ని ధిక్కరించిన కనికరం! |Watch Night Service | Apo Dr A S Ranjeet Ophir
rX7sWBpyZ0I,channel,OPHIR LIVE TV | 31.12 .2019 |ముందు మాటలు WATCH NIGHT SERVICE KPHB HALL
MC722PfW9Lk,channel,OPHIR LIVE TV | 31.12 .2019 |క్యాయర్ సాంగ్స్ WATCH NIGHT SERVICE KPHB HALL
W22EGIWz-3M,channel,OPHIR LIVE TV | 31.12 .2019 | WATCH NIGHT SERVICE KPHB HALL
GcMReDPYdIU,channel,OPHIR LIVE TV | 29.12 .2019 | SUNDAY WORSHIP LIVE (2ND SANDESAM)
GL4DiXzKFNo,channel,25-Dec-2019 | తిరుగు లేని శక్తి -- క్రీస్తు సువార్త! | Christmas Message | Apo Dr A S Ranjeet Ophir
PtNp6FpUbKw,channel,స్వతంత్రులమవుదాం!! | 29-Dec-2019 |  Sunday Service Second Message | Dr AS Ranjeet Ophir
wopbUSh_5ow,channel,OPHIR LIVE TV | 29.12 .2019 | చిన్న చిట్కా??
SkMZnrSBRD4,channel,OPHIR LIVE TV | 29.12 .2019 |అడుగులు జారక నియక నన్ను సాంగ్ బై రంజిత్ ఓఫిర్ SUNDAY
SaG6o0j7YCE,channel,OPHIR LIVE TV | 27.12 .2019 | కన్య కుమారు ని మూడు ఆశ్చర్య క్రియలు.....!!!
mx1kqNRKlKg,channel,కదిలి పోతున్న భూకైలాసం | సత్యవాక్య ఉపదేశతరగతి | 27 -Dec-2019 | విశాఖపట్నం | Apo Dr A S Ranjeet Ophir
e7dCqLXwkgQ,channel,OPHIR LIVE TV | 27.12 .2019 | AADHISAMBHOOTHUNI JANMADHINA MAHOTHSAVAM | VISHAKAPATNAM | LIVE
NtM4YsQIuRA,channel,"OPHIR LIVE TV | 27  .12 .2019 | సత్యవాక్య ఉపదేశతరగతి ,విశాఖపట్నం లైవ్ ....."
_wUtyH6BEu8,channel,OPHIR LIVE TV | 25.12 .2019 | క్రిస్మస్  మహోత్స వం మేడ్చల్ లైవ్
kIGkYN859kg,channel,OPHIR LIVE TV | 25.12 .2019 |  అగా పే సంపూర్ణ సువార్త సంఘం...  నిజాం పేట్ క్రిస్మస్  ఆరాధన లైవ్
xNH4MetAh5c,channel,OPHIR LIVE TV | 25.12 .2019 |  అగాపే సంపూర్ణ సువార్త సంఘం|ఆనందమానందమాయెను సాంగ్ బై రంజిత్ ఓఫిర్ గారు
ngrlnmKOa2U,channel,OPHIR LIVE TV | 23.12.2019 | MEGA CHRISTMAS | KPHB Community Hall | CULTURAL PROGRAMS
jQvniewRwx8,channel,OPHIR LIVE TV | 24.12 .2019 | SEMI CHRISTMAS | ACE Club Jagathgiri Gutta | PART 2
vmvcwoCaiVQ,channel,OPHIR LIVE TV | 24.12.19 | SEMI CHRISTMAS | ACE Club Jagathgiri Gutta | PART 1
_TIFeWvQXvQ,channel,OPHIR LIVE TV|23.12.2019|MEGA CHRISTMAS CELEBRATIONS|  AYYGARI SANDESAM
BkE577OQQEI,channel,OPHIR  LIVE TV | 23.12 .2019 | MEGA CHRISTMAS | KPHB Community hall | LIVE
VBFitqyplqc,channel,OPHIR  LIVE TV | 23.12 .2019 | MEGA CHRISTMAS | KPHB Community hall | LIVE
GoUGCx90Wis,channel,OPHIR  LIVE TV | 23.12 .2019 | MEGA CHRISTMAS | KPHB Community hall | LIVE
8pzahYEpKCA,channel,OPHIR  LIVE TV | 22.12 .2019 | MEGA CHRISTMAS | KPHB Community hall | LIVE
2vA7uaOT0BU,channel,OPHIR LIVE TV | 22.12 .2019 | మెగా క్రిస్మస్ మహోత్సవం
GtjdMMviltM,channel,OPHIR  LIVE TV | 22.12 .2019 | Sunday Worship | Second Message | LIVE
6GNkyoF4e7I,channel,OPHIR  LIVE TV | 22.12 .2019 | Sunday Worship | Second Message | LIVE
JsBjttOfNC0,channel,OPHIR  LIVE TV | 22.12 .2019 |
gRDFvFzgbos,channel,OPHIR LIVE TV | 19.12 .2019 | Semi Chirstmas | Shreeda Homes Kachavani Singaram | LIVE
Z4a1h7WcoB4,channel,OPHIR  LIVE TV | 19.12 .2019 |   Semi Chirstmas | Sridha Homes Kachavani Singaram | LIVE
pu7PhhHZACU,channel,OPHIR  LIVE TV | 15.12 .2019   డిల్లి సర్వ సత్య మహాసభలు రెండవ రోజు రాత్రి మీటింగ్ .....
RBWhuQdjnZE,channel,OPHIR  LIVE TV | 15.12 .2019   డిల్లి సర్వ సత్య మహాసభలు రెండవ రోజు రాత్రి మీటింగ్ .....
kqlug-OYXx8,channel,OPHIR  LIVE TV | 15.12 .2019   డిల్లి సర్వ సత్య మహాసభలు మూడవ రోజు రాత్రి మీటింగ్ .....
2EtR8ZTZzic,channel,OPHIR  LIVE TV | 15.12 .2019   డిల్లి సర్వ సత్య మహాసభలు రెండవ రోజు రాత్రి మీటింగ్ .....
PDkqDRL8P-M,channel,OPHIR  LIVE TV | 15.12 .2019  సండే సర్వీస్  డిల్లి 2 వ  సందేశం
sR5HYn00t3w,channel,OPHIR  LIVE TV | 15.12 .2019  సండే సర్వీస్  డిల్లి
zeG0212xMQE,channel,OPHIR  LIVE TV | 14 12 .2019  2nd day night డిల్లి
QAqv1QE4tuw,channel,OPHIR  LIVE TV | 14 12 .2019  2nd day night డిల్లి
EZV6h24PtlI,channel,"OPHIR  LIVE TV | 12.12 .2019,ఇదిగో.... బలవంతులు....!!అగాపే జంటనగరాల స్త్రీలసమైక్య సమావేశం"
5Zf53fvyY9c,channel,OPHIR LIVE TV |12.12.2019  అగాపే జంటనగరాల స్త్రీలసమైక్య సమావేశం part 1
_I871ZRnqn4,channel,OPHIR  LIVE TV | 11.12 .2019  అత్తిలి  రెండవ  రోజు నైట్ మీటింగ్ లైవ్
XexpKg90_vA,channel,11-Dec-2019 | ఆ బండ అత్యవసరం! | అత్తిలి రెండవ  రోజు బైబిల్  స్టడీ | Apo Dr A S Ranjeet Ophir
g6agP_QdrRc,channel,11-Dec-2019 | ప్రసంగికుల గర్భస్రావం! | అత్తిలి | బైబిల్  స్టడీ | Apo Dr A S Ranjeet Ophir
HxYW6PD9j7s,channel,OPHIR  LIVE TV | 11.12 .2019  అత్తిలి  రెండవ  రోజు బైబిల్  స్టడీ
8ySiPmxLMlU,channel,OPHIR  LIVE TV | 11.12 .2019  అత్తిలిరెండవ రోజుబైబిల్ స్టడీ
h19zQp9qRFk,channel,OPHIR  LIVE TV | 1 0.12 .2019  అత్తిలి  మొదటి రోజు రాత్రి  మీటింగ్ లైవ్
LZW51d-EAaQ,channel,OPHIR  LIVE TV | 1 0.12 .2019  అత్తిలి  మొదటి రోజు రాత్రి  మీటింగ్ లైవ్
nFa7ockT8hI,channel,OPHIR  LIVE TV | 1 0.12 .2019  అత్తిలి  మొదటి రోజు  బైబిల్ స్టడీ  లైవ్
tz1MG4PH88c,channel,OPHIR  LIVE TV | 1 0.12 .2019  అత్తిలి  మొదటి రోజు  బైబిల్ స్టడీ  లైవ్
qXLpRVUPXVM,channel,OPHIR  LIVE TV | 1 0.12 .2019  అత్తిలి  మొదటి రోజు  బైబిల్ స్టడీ  లైవ్
LFrX_fi2pAM,channel,OPHIR LIVE TV | 09.12 .2019 |సామర్లకోట అగాపే సంపూర్ణ సువార్త సంఘం క్రిస్మస్  వేడుక ..
df54JVn8nZk,channel,OPHIR LIVE TV | 09.12 .2019 |సామర్లకోట అగాపేసంపూర్ణ సువార్త సంఘం క్రిస్మస్  వేడుక ..
BU_-aD-i20U,channel,OPHIR LIVE TV | 09 .12 .2019 |సామర్లకోట అగపే సంపూర్ణ సువార్త సంఘం క్రిస్మస్  వేడుక ..........
FjTwGpoE8tQ,channel,OPHIR  LIVE TV | 08 .12 .2019 |SUNDAY WORSHIP LIVE......2ND MSG.......
mwRwgfbNzNQ,channel,OPHIR  LIVE TV | 04 .12 .2019 |సాయంత్రం సభ కెసముద్రం  లైవ్........
RFrKIGXonjs,channel,OPHIR  LIVE TV | 04 .12 .2019 |సాయంత్రం సభ కెసముద్రం  లైవ్........
k2yenolERXY,channel,OPHIR LIVE TV | 04 .12 .2019 |సాయంత్రంసభ కేసముద్రం
gWWopMjQvjs,channel,OPHIR LIVE TV | 04 .12 .2019 |సాయంత్రం సభ కేసముద్రం
7sZAWhmyRWQ,channel,04-Dec-2019 | యేసుపుట్టడమెందుకు? | కేసముద్రం | Pre Christmas Celebrations | Apo Dr AS Ranjeet Ophir
u6l8cgBdjvM,channel,OPHIR LIVE TV | 04.12 .2019 |కే సముద్రం
L4v9Thl44jw,channel,OPHIR LIVE TV | 02.12 .2019 |ఆరాధన  ప్రార్ధన మందిరం  కర్నూల్ ప్రీ  క్రిస్మస్  లైవ్ ........
pwg02S74jM8,channel,సిగ్గు పడనక్కరలేని క్రైస్తవులు!! | 01-Dec-2019 | Sunday  Second Message | Apo Dr A S Ranjeet Ophir
uizYGwf_3Uc,channel,వర్ణనకందని తేజోమయుడా! | Telugu Christian Song |  Apo Dr A S Ranjeet Ophir
DozNz-ZtkI0,channel,OPHIR  LIVE TV | 01.12 .2019 |2020 కేలెండర్ రిలీజ్ .ఆదివారం ఆరాధన
gH83m2us6iw,channel,OPHIR  LIVE TV | 24.11.2019 |ENDTIME REVIVAL MEETING KHAZIPETA ...
sGy6g-XqM9U,channel,24.11.2019 | క్రైస్తవమే సర్వోన్నత ధర్మం!! | Sunday Service Message |  Apostle Dr A S Ranjeet Ophir
Pb29c52rNf8,channel,OPHIR  LIVE TV ||17||11||2019|| రాజేంద్రనగర్ లైవ్ .........
nZX1InEAW8w,channel,OPHIR  LIVE TV ||17||11||2019|| రాజేంద్రనగర్ లైవ్ .........
6DhPx8LTTC4,channel,17-Nov-2019 | అయోగ్య సమాజం నుండి మహిమగల సంఘం!! | Sunday Service Message |  Apo Dr AS Ranjeet Ophir
mD4yfPdSTHM,channel,10-Nov-2019 | వాక్య సేవకుల విజయం! | Sunday Service Message |  Apostle Dr AS Ranjeet Ophir
DyK08_c6KuE,channel,OPHIR  LIVE TV ||10  ||11|2019||విలాపవాక్యాలలొ స్తుతి గీతాలు!SUNDAYWORSHIP  NIZAMPET CHURCH 1st msg
Aozx__1UKlI,channel,OPHIR  LIVE TV ||3  ||11|2019||సువార్త నమ్మిన వారికి శుభవార్త!!సండే సందేశం
01Gyu4WmpvE,channel,OPHIR LIVE TV || 30||8||19|| VEMULAWADA|| ప్రార్ధనకొండ పైవధువుసంఘం ..night  సందేశం
85aRP_3gHAM,channel,OPHIR LIVE TV|| 30||8||19|| వేములవాడ ||లేఖనాలలో ఉన్నతశిఖరం!! బైబిల్ స్టడీ part 2
I0ka0jFaonM,channel,30-Aug-2019 | సంఘమా!....నీ పునాదులెక్కడ? | బైబిల్ స్టడీ | పార్ట్-1 |  Apo Dr A S Ranjeet Ophir
mbKTNx3Sozo,channel,"OPHIR  LIVE TV ||27 ||10|20|19||""దేవుడు కోరుకున్న మనుషులు.....!"" SUNDAY WORSHIP  2ND MSG"
kpYFBOeEpcw,channel,OPHIR  LIVE TV ||27 ||10|20|19||కాశ్మీర్ సేవకుడు రంజిత్ ఓఫిర్ గారినిగూర్చిచెప్పిన సాక్యం?!
DSgXZzkRC7E,channel,29-Aug-2019 | ఆది సంభూతునికి గుణవతి యైనభార్య! | Bible Study | Apostle Dr A S Ranjeet Ophir
pSknOsFp7X0,channel,29-Aug-2019 | బలవంతులే వధువు సంఘం! | వేములవాడ 2ND DAY బైబిల్  స్టడీ | Apo Dr A S Ranjeet Ophir
W2MhLBGuRKc,channel,28-Aug-2019 | పరిశుద్దాత్మ మనకెందుకు?? | VEMULAWADA | 1ST DAY NIGHT MSG | Apo Dr A S Ranjeet Ophir
AYmYNJdEUWw,channel,OPHIR  LIVE TV ||15||10|20|19||  శాత్రాజుపల్లి వేములవాడ లైవ్ ......2nd day 2nd part
2tQT5z7rgOU,channel,OPHIR  LIVE TV ||15||10|20|19||  శాత్రాజుపల్లి వేములవాడ లైవ్ ......2nd day live
BtIGL2bA7cE,channel,OPHIR  LIVE TV ||14||10|20|19||  శాత్రాజుపల్లి వేములవాడ లైవ్ ......
ZXC0BymtbBE,channel,14-Oct-2019 | మతం మార్పిడులా? కులం మార్పిడులా? | శాత్రాజుపల్లి | వేములవాడ | Apo Dr A S Ranjeet Ophir
6ARS7V2UCBM,channel,OPHIR  LIVE TV ||13||10|20|19|| SUNDAY WORSHIP LIVE.....
gwIJwC-X5I0,channel,08-Oct-2019 | తగలబడి పోతున్న సైతాను ఆయుధాలు! | సామూహిక ఉపవాస ప్రార్ధనా మహోత్సవం | A S Ranjeet Ophir
xOoiXus5IzE,channel,OPHIR  LIVE TV |6||10|20|19||ఆదివారంసెంట్రల్ చర్చ్ (నిజాంపేట్ )మొదటి సందేశం  లైవ్....
O4Gw-GOYYf8,channel,OPHIR LIVE TV  27||9||19||  మంచి రేవుల  అగాపే ఫుల్ గాస్పెల్ చర్చ్ సందేశం
ERORTi7LlYQ,channel,OPHIR  LIVE TV ||29||9||19||ఆదివారంసెంట్రల్ చర్చ్ (నిజాంపేట్ మొదటి సందేశం  లైవ్....
-9GIx_aKE8Y,channel,OPHIR LIVE TV||29|9|19|ఆదివారం  రెండవ సందేశం  లైవ్....
8wZFCKniiYU,channel,OPHIR  LIVE TV ||29||9||19||ఆదివారంసెంట్రల్ చర్చ్ (నిజాంపేట్ )రెండవ సందేశం  లైవ్....
D8_CgQaNwLo,channel,"OPHIR LIVE TV యాత్రికుడి పద ధ్వనులు, VOL,6,Apo #Ranjith Ophir"
L29m2f_4_iM,channel,"OPHIR LIVE TV యాత్రికుడి పద ధ్వనులు, VOL,7,Apo #Ranjith Ophir"
z3KmYVa25Lg,channel,"OPHIR LIVE TV యాత్రికుడి పద ధ్వనులు, VOL5,Apo #Ranjith Ophir"
D3L-ajs9WcY,channel,OPHIR LIVE TV.సత్య దైవార్చన ఆల్బమ్ Dr రంజిత్ ఓఫిర్
7Xmwi5PnB9o,channel,"OPHIR LIVE TV క్రైస్తవుండా కదలిరావయ్యాఆల్బమ్,Apo.Dr,AS.RanjithOphir"
X_IT_YX_rT8,channel,"OPHIR LIVE TV ఆంధ్ర క్రైస్తవ కీర్తనలు.VOL 2 ,Apo.Dr.AS RanjithOphir"
hVX5H8RYrBc,channel,"OPHIR LIVE TV  ఆంధ్ర  క్రైస్తవ కీర్తనలు VOL1,Apo.Dr AS #Ranjith Ophir"
YVWbq6FuO4Q,channel,OPHIR LIVE TV.ఎండమావి యీ జగమనియెరిగి  Song  Apo #RanjithOphir
KNVYLJYJJoI,channel,ఓ వినుము సోదరా! | Oo Vinumu Sodara | Telugu Christian Song | Apo Dr A S Ranjeet Ophir
84jUdp1sWgY,channel,"OPHIR LIVE TV యాత్రికుడి  పదధ్వనులు, VOL 3, Dr రంజిత్ఓఫిర్"
czRopzaOk_0,channel,"OPHIR LIVE TV యాత్రికుడి  పదధ్వనులు, VOL 2, Dr రంజిత్ఓఫిర్"
0tDVZKtEzUQ,channel,"OPHIR LIVE TV యాత్రికుడి  పదధ్వనులు VOL1 ,Dr రంజిత్ఓఫిర్"
1xavAV9OnH4,channel,"OPHIR LIVE TV యాత్రికుడి  పదధ్వనులు VOL4, Dr రంజిత్ఓఫిర్"
091tpzwmcFQ,channel,OPHIR LIVE TV 22||9||19|| SUNDAY 2ND MSG PART 2
X0F_-23f-fs,channel,"OPHIR LIVE TV 22||9||19||SUNDAY 2nd msg,part 1"
t4G9Sbo2c-4,channel,#Ranjith_Ophir#Public_Meeting_Msg Ophir Live Tv10||9||19#Kaikavolu Apostolic Faith Church Morning
yEFeo-6Z9X0,channel,#Ranjith_Ophir#Public_Meeting_Msg Ophir Live Tv10||9||19Kaikavolu Apostolic Faith Church Night
N1YEnkkdXas,channel,15-Sep-2019 | మానవకోటికి ఇదే విధి!! | Sunday Service | Second Message | Apostle Dr AS Ranjeet Ophir
jiBc4u5GQ2c,channel,OPHIR LIVE TV||08||09||19||#ఆదివారంరెండవసందేశం
kUIWJ8slIQs,channel,విమర్శలు మాని పునాదులు వేసుకోండి | 01-Sep-2019 | Sunday Second Message | Apo Dr A S Ranjeet Ophir
6wgA6EUAUzY,channel,దేవుని ఎదుట ధైర్యవంతులు!! | 01-Sep_2019 | Sunday Service First Message | Apo Dr A S Ranjeet Ophir
tBbeitGhEG4,channel,#ranjith _ophir#sunday_msg OPHIR LIVE TV||25/8/19// nizampet church ground live.........
nL3-ruCqGBc,channel,ఓఫిరిస్టులు వ్యభిచారులను  రక్షించడానికి వ్యభిచారం చేస్తారా? | Sunday  Message | Dr A S Ranjeet Ophir
U6C1uyWVI7A,channel,25-Aug-19 | మదర్ థెరిస్సా విగ్రహంవద్ద ధర్నా
SR6rK4H3_mU,channel,25-Aug-19 |  అగాపే సామూహిక ప్రార్ధన ప్రకటన
5257cEzVaKU,channel,#ranjith _ophir#sunday_msg OPHIR LIVE TV||24/8/19// ipc church  live.....సీయోను ప్రార్థన మందిరము
PTMvIYR88Vc,channel,#ranjith_ophir#sunday_msg#OPHIR LIVE TV||23/8/19// పులిపాడుతండా రాత్రిమీటింగ్ లైవ్.........
DE0_tybqdD0,channel,#ranjith _ophir#sunday_msg OPHIR LIVE TV||23/8/19// పులిపాడుతండా రాత్రిమీటింగ్ లైవ్.........
Oe_XXqVo84g,channel,#ranjith _ophir#sunday_msg OPHIR LIVE TV||23/8/19// పులిపాడుతండా రాత్రిమీటింగ్ లైవ్.........
LTEUkl0h2ZM,channel,#ranjith _ophir#sunday_msg OPHIR LIVE TV||23/8/19//బైబిల్ స్టడీ పులిపాడుతండా  లైవ్......
xf9SBTEbDdA,channel,#ranjith _ophir#sunday_msg OPHIR LIVE TV||22/8/19   ఇల్లందు live.........
WRfYSiJmMNc,channel,#ranjith _ophir#sunday_msg OPHIR LIVE TV||22/8/19  live
8TcRMznkC3I,channel,15-Aug-19 | ప్రజాకళాకారుడు సోమన్నగారి ఉత్తేజిత ప్రసంగం !
bMLdTqa4zVs,channel,15-Aug-19 | సాంస్కృతిక కార్య క్రమాలు |
5bmJoIiozO4,channel,15-Aug-19 | వివిధ నాయకులమాటలు!
xrSGLHKosBU,channel,#ranjith _ophir#sunday_msg OPHIR LIVE TV||18|8|19| ఆదివారం ఆరాధన రెండవ సందెశం నిజాంపేట్ చర్చి లైవ్
m4r1FmPnRsQ,channel,18-Aug-19 | ఓఫిరిజం అంటే ఏమిటి?  | పార్ట్ 2 | Apo Dr A S Ranjeet Ophir
H4OoyglazDY,channel,18-Aug-19 | ఓఫిరిజం అంటే ఏమిటి? | పార్ట్ 1 | Apo Dr A S Ranjeet Ophir
xoRBuqh6k9s,channel,#ranjith _ophir#sunday_msg OPHIR LIVE TV||18|8|19| #క్రైస్తవజీవితం యెవరికిసాథ్యం??
i0B6NO0Y8TY,channel,#ranjith _ophir#sunday_msg OPHIR LIVE TV||18|8|19| ఆదివారం ఆరాధన మొదటి సందెశం నిజాంపేట్ చర్చి లైవ్
AwXKDnCgwDE,channel,#Ranjith_ 0phir#public_ meeting#sunday _message# OPHIR LIVE TV#కన్యకలారా! సిద్ధపడండి!!
Un96M3s1YoU,channel,"#ranjith ophir #OPHIR LIVE TV /15|8|19| 73వ స్వాతంత్రదినోత్సవ వేడుక,నిజాంపేట్ చర్చ్ గ్రౌండ్"
fn3Xa0XmCVE,channel,"#ranjith ophir #OPHIR LIVE TV /15|8|19| 73వ స్వాతంత్రదినోత్సవ వేడుక,నిజాంపేట్ చర్చ్ గ్రౌండ్"
WXpkm9JdWEk,channel,"#ranjith ophir #OPHIR LIVE TV /15|8|19| 73వ స్వాతంత్రదినోత్సవ వేడుక,నిజాంపేట్ చర్చ్ గ్రౌండ్"
AuAjN2W63pU,channel,"#ranjith ophir# sundaymsg #OPHIR LIVE TV /11|8|19| ,23-12-2012,HYD"
7sdUHR3pKxU,channel,#ranjith ophir# sundaymsg #OPHIR LIVE TV /11|8|19| !sunday సందేశం
fTtKbF9dskc,channel,#ranjith ophir# sundaymsg #OPHIR LIVE TV /11|8|19| దేవునికి స్తోత్రము గానము!సాంగ్ రంజిత్ ఓఫిర్ సార్
hwib8wnxex0,channel,#ranjith ophir# sundaymsg #OPHIR LIVE TV /11|8|19|
0ltIzU4ljXs,channel,#ranjith ophir# sundaymsg #OPHIR LIVE TV /11|8|19| పునరుత్థానుడా నాయేసయ్య! DRరంజిత్ఓఫిర్ సార్.
bR2_kk7L2BM,channel,"#ranjithophir# sundaymsg #OPHIRLIVETV|11|8|19|RKP,IPBP,కార్యకర్తలకుఆగస్ట్15th పిలుపు!"
89PQhax1yyI,channel,#ranjith ophir# sundaymsg #OPHIR LIVE TV /11|8|19| sunday worship live.....
DqCo2FhRX38,channel,#ranjith ophir# sundaymsg #OPHIR LIVE TV /11|8|19| sunday worship live.....
f01hJ9-9l_g,channel,"#ranjith ophir# sundaymsg #OPHIR LIVE TV /9|8|19|క్రైస్తవునిసాక్ష్యం...!! ,ఆదోని లైవ్......2ND PART"
HxeHKeiw3RA,channel,"#ranjith ophir# livemsg #OPHIR LIVE TV /9|8|19|మనజన్మకుపరమార్ధం?!ఆశీర్వద కరమైన కూడిక ,ఆదోని లైవ్."
nLDgHe96Ez0,channel,"#ranjith ophir# sundaymsg #OPHIR LIVE TV /9|8|19|ఆశీర్వద కరమైన కూడిక ,ఆదోని లైవ్......"
MDKBc3aXh9M,channel,#Ranjith ophir#OPHIR LIVE TV /1|8|19|ఏమిజరుగబోవుచున్నది?!! YMCA-SEC-BAD
jzB2jznY-Sc,channel,#ranjith ophir# sundaymsg #OPHIR LIVE TV /4|8|19|sunday worship 2nd msg live.....
VNUlziTVKJI,channel,"గోతిలో పడినా, నిబ్బరంగా ఉందాం!!| 04-Aug-2019 | Sunday Second Message | Apo Dr A S Ranjeet Ophir"
dGT0Duv2zXg,channel,#ranjith ophir# sundaymsg #OPHIR LIVE TV /4|8|19|ఈజీవిత ఈత ఈదలెకున్నాను! సాంగ్ బై ఓఫిర్ సార్
xT1itAJ50Zk,channel,04-Aug-2019 | దేవుని యెదుట మనధైర్యం! | Sunday First Message | Apo Dr A S Ranjeet Ophir
qr-FIPL7N7s,channel,#ranjith ophir# sundaymsg #OPHIR LIVE TV /28|7|19|అసలైన సిద్ధ మనస్సు!sunday worship 2nd msg live..
IRdC2GmKjHs,channel,#ranjith ophir# sundaymsg #OPHIR LIVE TV /28|7|19|మహా యుద్ధంలో మహదానందం!sunday worship live
_YJwcYpVUYk,channel,#ranjith ophir# sundaymsg #OPHIR LIVE TV /21|7|19|sunday worship live
uUtUQc5GB8c,channel,#ranjith ophir# sundaymsg #OPHIR LIVE TV /21|7|19|| ఓఫిర్ గారి ప్రార్ధన వెనుక పరమార్ధం!!sunday
poofiD8t0xw,channel,"#ranjith# ophir# newmsg# sunday msg#OPHIR LIVE TV5/6/2019 Abbulanna House ""Vishwa Raja Gruha""Warming"
kNvCXBk3RwQ,channel,"#ranjith# ophir# addanki# OPHIR LIVE TV# ,03-04-2013,సత్యమేవ జయతే,V6,HYD"
0OJBYaMzMQ0,channel,#ranjith ophir# sundaymsg #OPHIR LIVE TV /8|7|19|బైబిల్ దేవుని వాక్యమా? ఖురాన్ దేవునివాక్యమా?..PART2
Bb-Lz9-iSPU,channel,#ranjith ophir# sundaymsg #OPHIR LIVE TV /8|7|19|బైబిల్ దేవుని వాక్యమా? ఖురాన్ దేవునివాక్యమా?PART1
aSwhtre77l0,channel,#ranjith ophir# sundaymsg #OPHIR LIVE TV /7|7|19|| నిజాంపేట్ చర్చ్ ఆదివారం రెండవ సందేశం లైవ్ ......
moHcB-ZIHG0,channel,#ranjith ophir# sundaymsg #OPHIR LIVE TV /7|7|19|| నిజాంపేట్ చర్చ్ ఆదివారం మొదటి సందేశం లైవ్ ......
5EhWKb1_nm4,channel,#ranjithophir#sunday#afgc# OPHIR LIVE TV#29|5|19|కొండాపూర్ అగాపేచర్చ్ ప్రారంభం
a81x6KlV9Zo,channel,#ranjith# ophir#afgc #15|5|19|OPHIR LIVE TV ఖమ్మం చర్చ్ ప్రారంభం !
r7G5brKMTGs,channel,#ranjith ophir# sundaymsg #OPHIR LIVE TV /30|6|19|| దైవములేవరు?పార్ట్2
VHIteWDp5dA,channel,#ranjith ophir# sundaymsg #OPHIR LIVE TV /30|6|19|| దైవములేవరు? పార్ట్1ఆదివారంరెండవసందేశం
tEs7IlkWyz8,channel,#ranjith ophir# sundaymsg #OPHIR LIVE TV /23|6|19|| నిజాంపేట చర్చ్ఆదివారరెండవ సందేశం లైవ్ ......
Os_1t6LJyRg,channel,#Ranjith ophir#Addanki# messages#OPHIR LIVE TV 3/6/18 AGAPE BHANJARA MISSION  VARSHI KOSTHAVAM
xPXkca9zlIw,channel,#Ranjithophir#Addanki#messages#. OPHIR LIVE TV 3/6/18 AGAPE BHANJARA MISSION VARSHI KOSTHAVAM
-ufyxkwrEaU,channel,#ranjith ophir# sundaymsg #OPHIR LIVE TV /16|6|19|| మనలోదాగిన అద్భుతనిధి !! పార్ట్ 2
jleoKTdXiYA,channel,#ranjith ophir# sundaymsg #OPHIR LIVE TV /16|6|19|| మనలోదాగిన అద్భుతనిధి !! పార్ట్ 1
dqKy36wEkfQ,channel,#ranjith ophir#OPHIR LIVE TV KODIMELA MEETING 2ND DAY BIBEL STUDY
-jOEl9YgHEg,channel,#ranjith ophir#OPHIR LIVE TV ఎన్కుర్  సంఘవార్షికోత్సవం సాయంత్రం సందేశం
-vUnqisvwZY,channel,#ranjith ophir# #OPHIR LIVE TV ఎన్కుర్  సంఘవార్షికోత్సవం
kFL0WdMHd3M,channel,#ranjith ophir# sundaymsg #OPHIR LIVE TV 9//6//19 క్రైస్తవుడి విశ్వాసం!!
kOcoesJ3tSE,channel,#ranjith ophir# sundaymsg #OPHIR LIVE TV /9|6|19| క్రైస్తవుడి విశ్వాసం!!
7uQAHCOo4mc,channel,02-Jun-2019 | ముఖ్యమైన రెండు సంగతులు !! | Sunday Service Second Message | Apo Dr A S Ranjeet Ophir
tMNtrXauN_I,channel,OPHIR LIVE TV 2//6//19// ఆదివారం రెండవసందేశం లైవ్....
FeaQ9VcTDlM,channel,#ranjith ophir# sunday message# OPHIR LIVE TV (B1575)2|6|19|| నిజాంపేట చర్చ్ఆదివారంమొదటి సందేశం
FKLDjAyh914,channel,26-May-2019 | భీకరయుద్ధంలో విశ్వాసి క్షేమం! | Part 2 | Sunday Second Message | Dr A S Ranjeet Ophir
_1E738lG4as,channel,26-May-2019 | భీకరయుద్ధంలో విశ్వాసి క్షేమం! | Part 1 | Sunday Second Message | Dr A S Ranjeet Ophir
cUoEyCsJrIY,channel,26-May-2019 | అవిశ్వాసమూ అవసరమే !! | నిజాంపేట చర్చ్ ఆదివారం మొదటి సందేశం | Apo  Dr A S Ranjeet Ophir
r3TyC96kl98,channel,OPHIR LIVE TV (B1575)19|5|19|| పనికిరాని పాండిత్యంమాకువద్దు!ఆదివారం 2nd సందేశం
y5lpo2f7fXA,channel,19-May-2019 | ఊబి నుండి విడుదల!  | ఆదివారం మొదటి సందేశం | Apo Dr A S Ranjeet Ophir
FBSSwPzaLo0,channel,OPHIR LIVE TV (B1572)18|5|19||ఆశీర్వద కరమైనఒకరోజు కింగ్ కోటి లైవ్.......హైదరాబాదు
Rlfxbl5kxjI,channel,OPHIR LIVE TV (B1572)18|5|19||ఆశీర్వద కరమైనఒకరోజు కింగ్ కోటి లైవ్.......హైదరాబాదు
itjofrUpo4Q,channel,OPHIR LIVE TV (B1572)18|5|19||ఆశీర్వద కరమైనఒకరోజు కింగ్ కోటి లైవ్.......హైదరాబాదు
fMwV7nkO_Ik,channel,OPHIR LIVE TV (B1572)18|5|19||ఆశీర్వద కరమైనఒకరోజు కింగ్ కోటి లైవ్.......హైదరాబాదు
etN0M76Nmm8,channel,OPHIR LIVE TV (B1572)18|5|19|| కింగ్ కోటి బైబిల్ స్టడీ లైవ్..
8Qfejvze0V4,channel,OPHIR LIVE TV (B1572)12|5|19|| ఆదివారం ఆరాధన లైవ్ నిజాంపేట్ లైవ్ 2nd msg
5wUapWnXUgo,channel,OPHIR LIVE TV| BALAPUR సంఘ 5th వార్షికోత్సవం లైవ్
57Lbn_LOKG4,channel,OPHIR LIVE TV అగాపే ఫుల్ గాస్పెల్ చర్చ్ సురవరం సంఘ ప్రధమవార్షికోత్సవం
0uxMC8o-_WQ,channel,OPHIR LIVE TV డా.రంజిత్ఓఫిర్ 60 వసంతాల పండుగ  పార్ట్ 1సందేశం
8baecUFJE1U,channel,OPHIR LIVE TV డా.రంజిత్ఓఫిర్ 60 వసంతాల పండుగ పార్ట్ 1
J4gEjCpDsvI,channel,OPHIR LIVE TV ||5 May 19|| ఆదివారంరెండవ సందేశంలైవ్
Mu96HR8zNDk,channel,OPHIR LIVE TV (B1572)5|5|19|| ఆదివారం ఆరాధన లైవ్ నిజాంపేట్ లైవ్ 2nd msg
aohGpAHoxjE,channel,OPHIR LIVE TV (B1572)5|5|19|| IPBP శ్రేణులకు పిలుపు!!
c5_Lxnjgnxk,channel,OPHIR LIVE TV (B1572)5|5|19|| ఆదివారం ఆరాధన లైవ్ నిజాంపేట్ లైవ్ 1st msg part2
utoB0Z_UAvc,channel,OPHIR LIVE TV (B1572)5|5|19|| ఆదివారం ఆరాధన లైవ్ నిజాంపేట్ లైవ్ 1st msg  part1
OUOBv02KEoQ,channel,దైవంబౌ శ్రీయేసువా! | Telugu Christian Song |  Apo Dr A S Ranjeet Ophir
2YYBN77LEXc,channel,OPHIR LIVE TV (B1570)28|4|19|| అచంచల క్రైస్తవం!!
vLBPAkAhxyE,channel,OPHIR LIVE TV /18/4/2019/విశాఖపట్నం లో60 వసంతాల పండుగ
vydNW9IlQuc,channel,OPHIR LIVE TV (B1512)21|4|19||Sunrise Service live........
naWdwSCFW9E,channel,OPHIR LIVE TV (B1512)21|4|19||   నిజామైన ప్రేమ  VBS ప్రైజ్ డిస్ట్రిబ్యూషన్
PdQ4M-xUcPQ,channel,OPHIR LIVE TV (B1512)21|4|19||Easter Service ...live.......
C9GWJjqx_OM,channel,OPHIR LIVE TV (B1512)21|4|19||Sunrise Service live........
IOv4wo2flRo,channel,OPHIR LIVE TV (B1512)20|4|19||
e9n77ct0U7o,channel,OPHIR LIVE TV (B1512)20|4|19||
pVWe2bPxSjE,channel,OPHIR LIVE TV (B1512)19|4|19|| శుభ శుక్రవారపు ఆరాధన లైవ్........2nd msg
ysBNqG2WXWQ,channel,OPHIR LIVE TV (B1512)19|4|19|| శుభ శుక్రవారపు ఆరాధన లైవ్........
Xe8S_VCUBwc,channel,OPHIR LIVE TV (B1512)19|4|19|| శుభ శుక్రవారపు ఆరాధన లైవ్........
WlmaBBC7ehI,channel,OPHIR LIVE TV (B1512)18|4|19|| నిజమైన ప్రేమ 2019 ACE Club 5Th  Day live Part 2
H5L2Vbq2jTI,channel,OPHIR LIVE TV (B1512)18|4|19|| నిజమైన ప్రేమ 2019 ACE Club 4Th  Day live Part 2
KHXC4xSYSxo,channel,OPHIR LIVE TV (B1512)18|4|19|| నిజమైన ప్రేమ 2019 ACE Club 4Th  Day live Part 2
NrWwkiRnfRg,channel,OPHIR LIVE TV (B1512)17|4|19|| దొంతనాపల్లి లైవ్3rd day live
ZYtMion7oQ8,channel,OPHIR LIVE TV (B1512)18|4|19|| నిజమైన ప్రేమ 2019 ACE Club 4Th  Day live Part 1
7q7g7MTFL-4,channel,OPHIR LIVE TV (B1512)18|4|19|| నిజమైన ప్రేమ 2019 ACE Club 4Th  Day live Part 1
VVNNZK72rbQ,channel,OPHIR LIVE TV (B1512)17|4|19|| దొంతనాపల్లి లైవ్3rd day live
qtdR2eEEkuE,channel,OPHIR LIVE TV (B1512)17|4|19|| దేవసుతుని భజన!సాంగ్ బై రంజిత్ ఓఫిర్ ||దొంతనాపల్లి లైవ్3rd day live
Kb4Knss-IKY,channel,OPHIR LIVE TV (B1512)17|4|19|| ఓఫిర్ పబ్లికేషన్ పరిచయం !దొంతనాపల్లి లైవ్3rd day live
Jpkr4KpFIfw,channel,OPHIR LIVE TV (B1512)17|4|19|| దొంతనాపల్లి లైవ్
dMo53FPcpV4,channel,OPHIR LIVE TV (B1512)17|4|19|| నిజమైన ప్రేమ 2019 ACE Club 3rd  Day live Part 2
VYTs98peUNY,channel,OPHIR LIVE TV (B1512)17|4|19|| నిజమైన ప్రేమ 2019 ACE Club 3rd  Day live Part 1
ca8BtwrTWZc,channel,OPHIR LIVE TV (B1512)16|4|19|| నిజమైన ప్రేమ 2019 ACE Club 2nd  Day live Part 2
uuTKTlktpgs,channel,OPHIR LIVE TV (B1512)16|4|19|| నిజమైన ప్రేమ 2019 ACE Club 2nd  Day live Part 1
ye1k5aQV5v8,channel,OPHIR LIVE TV (B1512)16|4|19|| నిజమైన ప్రేమ 2019 ACE Club 2nd  Day live Part 1
HfO1YFsACiA,channel,OPHIR LIVE TV (B1512)14|4|19|| మల్కాజ్గిరి 6వవార్షికోత్సవం లైవ్
9jvK9hxeHq4,channel,OPHIR LIVE TV (B1512)15|4|19|| నిజమైన ప్రేమ 2019 ACE Club 1st Day live
FfQmB0YaJV8,channel,OPHIR LIVE TV (B1512)15|4|19|| నిజమైన ప్రేమ 2019 ACE Club 1st Day live
xnlQqzoHn0M,channel,OPHIR LIVE TV (B1512)15|4|19|| నిజమైన ప్రేమ 2019 ACE Club 1st Day live
Jmxh8UhLLcU,channel,OPHIR LIVE TV (B1512)15|4|19|| నిజమైన ప్రేమ 2019 ACE Club 1st Day live
FZhdi08PUwg,channel,OPHIR LIVE TV (B1512)15|4|19|| నిజమైన ప్రేమ 2019 ACE Club 1st Day live
RBS1vMcS8gM,channel,OPHIR LIVE TV (B1512)15|4|19|| నిజమైన ప్రేమ 2019 ACE Club 1st Day live
aZcIc4lK7FU,channel,OPHIR LIVE TV (B1512)15|4|19||  దైవాన్వేషణ పూర్వపరాలు!! సువార్త మహాసభలు దొంతనాపల్లి లైవ్.....
sadTL7PiMdQ,channel,OPHIR LIVE TV (B1512)15|4|19|| సత్య సువార్త మహాసభలు దొంతనాపల్లి లైవ్.....
NEF0HGR_M0k,channel,OPHIR LIVE TV (B1512)15|4|19|| సత్య సువార్త మహాసభలు దొంతనాపల్లి లైవ్.....
IwDZlBv7p68,channel,OPHIR LIVE TV (B1512)15|4|19|| నిజమైన ప్రేమ 2019 ACE Club 1st Day live part2
W5PoE8ZsPY4,channel,OPHIR LIVE TV (B1512)15|4|19|| నిజమైన ప్రేమ 2019 ACE Club 1st Day live
mWVCv5Uxw4k,channel,OPHIR LIVE TV (B1512)14|4|19|| మల్కాజ్గిరి 6వవార్షికోత్సవం లైవ్
vCmjFGpIHEE,channel,OPHIR LIVE TV (B1512)14|4|19|| ఆదివారం ఆరాధన లైవ్|| 2nd msg
yRDLkk7wDPM,channel,OPHIR LIVE TV(1523) Dr. RANJITH OPHIR 60TH BIRTHDAY||CLASSICALDANCE BYKUMARI  M SULAXNA
2DjvjEzWuHA,channel,OPHIR LIVE TV(1518) Dr. RANJITH OPHIR 60TH BIRTHDAY NIGHT PART 2
JuWYDvPY04U,channel,OPHIR LIVE TV(B1519) DR RANJITH OPHIR B DAY CLASSICALDANCE BY KUMARI P CHANDANA
SUVm9B9APVA,channel,"OPHIR LIVE TV(B1522) DR RANJITH OPHIR B DAY ""THRAHIMAM"" CLASSICAL DANCE"
D8R686g4Y9M,channel,"OPHIR LIVE TV(B1521) DR RANJITH OPHIR B DAY  ""KRAITHAVUNDA KADHALIRAVAYYA"" DANCE"
d2l3f8eqJg4,channel,"OPHIR LIVE TV(B1520) DR RANJITH OPHIR B DAY ""OHOO SANGAKANYA"" CLASSICAL DANCE"
3JsWojjCiu8,channel,OPHIR LIVE TV(1517) Dr. RANJITH OPHIR 60TH BIRTHDAY NIGHT PART1
6hNz79u55zU,channel,OPHIR LIVE TV(1516) Dr. RANJITH OPHIR 60TH BIRTHDAY SANDESAM
smciJHKOVmU,channel,OPHIR LIVE TV(1515) Dr. RANJITH OPHIR 60TH BIRTHDAY MOR PART 1
YORx8WAsm6U,channel,OPHIR LIVE TV(1514) Dr. RANJITH OPHIR 60TH BIRTHDAY MORNIG SANDESAM
6Y9slX3l1tc,channel,07-Apr-2019 | సంఘ కన్యక సౌందర్యం!! | ఆదివారం మొదటి సందేశం |  Apo Dr A S Ranjeet Ophir
0ug5HVescVE,channel,07-April-2019 | తోకముడిచిన ఆదిసర్పం! | ఆదివారం రెండవ సందేశం | Apo Dr AS Ranjeet Ophir
68wHqk9EWPg,channel,OPHIR LIVE TV (B11)
jNXU1GWam9I,channel,OPHIR LIVE TV (B11)
V46ucKiba1I,channel,OPHIR LIVE TV Dr.ADDANKI RANJITH OPHIR 60TH BIRTHDAY CELEBRATIONS part 2
mEhqbcSDvfQ,channel,OPHIR LIVE TV II రంజితన్న 60  వసంతాల షష్టిపూర్తిమహోత్సతవం లైవ్......
2xAL9inbNvA,channel,IPBP 1ST ANNIVERSARY  || OPHIR LIVE TV
4TjAog60c7o,channel,DR.RANJITH ANNA 60 VASANTHALA PANDAGA
IrfcihilGjs,channel,OPHIR LIVE TV IPBP 1ST ANNIVERSARY  || PART 2
YtBEsl55BGE,channel,OPHIR LIVE TV(B1509(3/4/19/తాడికొండ లైవ్ గుంటూరు జిల్లా
Fvi79ILI530,channel,OPHIR LIVE TV(B1508(31/3/19/ ప్రార్ధనా పరులెవరు???పార్ట్ 2ఆదివారం ఆరాధన లైవ్......
CyOAp56f--Q,channel,OPHIR LIVE TV(B1508(31/3/19/ ప్రార్ధనా పరులెవరు??? పార్ట్ 1ఆదివారం ఆరాధన లైవ్......
3MWO8T6oIdc,channel,OPHIR LIVE TV(B1507(27/3/19/ 39దేవదర్శన దినోత్సవం లైవ్ నిజాంపేట చర్చ్ గ్రౌండ్
VIbEW7xnkjM,channel,OPHIR LIVE TV(B1507(27/3/19/ 39దేవదర్శన దినోత్సవం లైవ్ నిజాంపేట చర్చ్ గ్రౌండ్
3e_f_fQTNRA,channel,24-Mar-2019 | ప్రేమగా భయ పడదాం !  | Sunday Service | Second Message | Apo Dr AS Ranjeet Ophir
b-1HAnANzpY,channel,24-Mar-2018 | జ్ఞాన యుక్తమైన క్షమాపణ!! | ఆదివారం మొదటి సందేశం | Apo Dr A S Ranjeet Ophir
RbQ7WYsmE9A,channel,OPHIR LIVE TV( B1504) 17 MARCH 19/బైబిలే పరిశుద్ధ  గ్రంధం !!ఆదివారం సందేశం
t8MuyMCBTDM,channel,OPHIR LIVE TV(B1504(17/3/19/ అగాపే ఫుల్ గాస్పెల్ చర్చ్ గ్రౌండ్ నిజాంపేట్  లైవ్.......2ndసర్వీస్
qCE4Loe12_o,channel,"OPHIR LIVE TV(B1503(12/3/19/ అగాపే ఫుల్ గాస్పెల్ చర్చ్ రెండవ వార్షికోత్సవం ,హన్మకొండ లైవ్ PARR2"
KfzYC0en_HQ,channel,"OPHIR LIVE TV(B1502(12/3/19/ అగాపే ఫుల్ గాస్పెల్ చర్చ్ రెండవ వార్షికోత్సవం ,హన్మకొండ లైవ్ PARR2"
r67U-7reN7Y,channel,OPHIR LIVE TV(B1501(12/3/19/ క్రొత్తనిబంధన యూగంలో ప్రవక్తలా?!?!
W7wo4cuybK4,channel,11-Mar-2019 | దేవుడు ఎవరు? ఆయనను ఎలా తెలుసుకోవాలి? | తండ్రి సన్నిధి మినిస్ట్రీస్ మీటింగ్ సందేశం |
pv279Imtogk,channel,OPHIR LIVE TV(B1499)IPBP మహిళాబంధు  మహిళాదినోత్సవం వేడుకలు
UJLaRw1ST8M,channel,OPHIR LIVE TV(B1498(10/3/19/ అందాలయేసుడు ఎందువలన దేవుడు?!ఆదివారం రెండవ సందేశం
Z-CJP9fY-_4,channel,OPHIR LIVE TV(B1498(10/3/19/ దేవుని ఫీనెహసులు!!ఆదివారం ఆరాధన మొదటిసందేశం
DI8w8fvxd-s,channel,OPHIR LIVE TV(B1496(8/3/19/ మహిళా దినోత్సవం లైవ్
35NZ6vaD6fM,channel,OPHIR LIVE TV(B1496(8/3/19/ మహిళా సాధికారతకు ఇదిగో రాజమార్గం!
1J7GLj2g-zo,channel,OPHIR LIVE TV(B1496)3/3/19/ పాస్టర్ నర్శింహులు నూతన గృహ ప్రతిష్ట సందేశం
lXYQcpTK4UY,channel,OPHIR LIVE TV(B1493(4/3/19/  పాణ్యం సేవకుల సదస్సు లైవ్........2nd పార్ట్
NURmwKcusng,channel,OPHIR LIVE TV(B1493(4/3/19/  పాణ్యం సేవకుల సదస్సు లైవ్........
ErLDkbSzMZw,channel,OPHIR LIVE TV(B1493(3/3/19/భక్తునిన్యాయం!ఆదివారం ఆరాధన రెండవ సందేశం.......
4EM1wX9HoV0,channel,03-Mar-2019 | ఇదే హృదయసున్నతి!! | ఆదివారం ఆరాధన మొదటి సందేశం |  Apostle Dr A S Ranjeet Ophir
ZF7PNpzQ5VE,channel,OPHIR LIVE TV(B1493(28/2/19/తండ్రి సన్నిధి మినిస్ట్రీస్ లైవ్
mV-HXEVuS9o,channel,OPHIR LIVE TV(B1493(24/2/19/గుంటూరు అగాపే ఫుల్ గాస్పల్ చర్చ్ లైవ్....
K6eh8PZS3iY,channel,"OPHIR LIVE TV(B1495)25/2/19/బహుళ జనశంఖారావంలో """"సింహగర్జనచేసిన రంజితన్న""'"
_tBepGZ-1zM,channel,OPHIR LIVE TV(B1494)25/2/19/బహుళ జనశంఖారావంలోభారత దేశ బహుజనుల ఉపన్యాసములు
tPA6l4ais9M,channel,OPHIR LIVE TV(B1493(24/2/19/గుంటూరు అగాపే ఫుల్ గాస్పల్ చర్చ్ లైవ్....
-VNuwACqWJo,channel,OPHIR LIVE TV(B1493(24/2/19/ప్రజాబంధు కార్యకర్తలు అందరూ కదలిరండి గుంటూరు
9KGzc3TbvVU,channel,OPHIR LIVE TV(B1492)పాస్టర్ KPDR ప్రసాద్ చర్చ్ వార్షికోత్సవం సందేశం
y_aUccH0Vi0,channel,OPHIR LIVE TV(B1492)విశాఖపట్నం పాస్టర్ దాస్ బాబు చర్చ్ఉపవాస పండుగలులైవ్
PlODW7qhNIg,channel,OPHIR LIVE TV(B1490(17/2/19/నీతిమంతులారా!భక్తినేర్చు కొండి!ఆదివారంరెండవ సందేశం
t9VdCmmsTRA,channel,OPHIR LIVE TV(B1491)చలో గుంటూరు #ఇండియా ప్రజాబంధుపార్టీ పిలుస్తోంది రా!!కదలి రా!!
A5BqqGCuSa8,channel,OPHIR LIVE TV(B1489) అగాపేఫుల్ గాస్పల్ చర్చ్  రెండవ సందేశం
NeNCvYp89u0,channel,"PHIR LIVE TV(B1488)సార్వత్రిక సంఘమేల్కొలుపుసభ B,తాండ్ర పాడు కర్నూల్"
Ku9MaGziAqg,channel,OPHIR LIVE TV(B1487)ఉద్దండపురం అగాపే సంఘం ఆశీర్వదకరమైన ఒకరోజు
QvrSUz7NjqA,channel,OPHIR LIVE TV(B1486B(10/2/19/అదృశ్యప్రపంచదర్శనం!!నిజాంపేట్ చర్చ్ గ్రౌండ్  రెండవ సందేశంపార్ట్ 2
SEe6oT3f7ug,channel,OPHIR LIVE TV(B1486A(10/2/19/అదృశ్యప్రపంచదర్శనం!!నిజాంపేట్ చర్చ్ గ్రౌండ్  రెండవ సందేశంపార్ట్ 1
-MmgcovrF_s,channel,10-Feb-2019 | క్రైస్తవ విశ్వాస సారం!! |  ఆదివారం ఆరాధన మొదటి సందేశం | Apostle Dr A S Ranjeet Ophir
L22iRUEsFKk,channel,OPHIRLIVETV(B1484)60 KM సాగిన IPBP ర్యాలిగుంటూరుజిల్లా రేపల్లె
JQMfPrTkgwI,channel,03-Feb-2018 | సంపూర్ణులకు కూడా కృపే ఆధారం! | ఆదివారం మొదటి సందేశం | Apo Dr A S Ranjeet Ophir
fpFT3GXxHVQ,channel,OPHIR LIVE TV(B1482(3/2/19/ యేసు ప్రియురాలివిశేషం!!ఆదివారం ఆరాధన రెండవ సందేశం
bcmBVhB-TEU,channel,OPHIR LIVE TV(B1482(3/1/19/నిజాంపేట్ చర్చ్ గ్రౌండ్ ఆదివారం ఆరాధన రెండవ సందేశం లైవ్........
L62-9TUu-x4,channel,OPHIRLIVETV(B1481)కర్నూల్ ప్రెస్ మీట్ మరియు IPBP పార్టీ ఆఫీస్ ప్రారంభం
pJfHGCNL95I,channel,OPHIRLIVETV(B1480)నర్శిపట్నం IPBP ర్యాలి
kYN8zktuhI8,channel,OPHIR LIVE TV(B1479(28/1/19/ దావణగేరే కర్ణాటకఅగాపేసంఘమొదటివార్షికోత్సవం!
8hsIb8cDlM4,channel,OPHIR LIVE TV(B1478(29/1/19/  అగాపే పుల్ గాస్పెల్ చర్చ్ జహీరాబాద్
fn61j9EgkIk,channel,"29-Jan-2019 | ఏది గెలుపు? ఏది ఓటమి? | అగాపేపుల్ గాస్పెల్ చర్చ్, జహీరాబాద్ | Apo Dr A S Ranjeet Ophir"
CNKBw6HZYWY,channel,OPHIR LIVE TV(B1477(28/1/19/ దావణ గేరే కర్ణాటక అగాపే సంఘ మొదటి వార్షికోత్సవమ్ లైవ్......
A9kYMS33Rw0,channel,OPHIR LIVE TV(B1476(27/1/19/ ఇష్మాయేలును మళ్ళీ పుట్ట నివ్వొద్దు!! ఆరాధన రెండవ సందేశం
OMHoNX_MOdQ,channel,OPHIR LIVE TV(B1475(27/1/19/ న్యాయపీఠం యెదుట ధైర్యవంతులు?! ఆరాధన మొదటిసందేశం
bUCbseH0IP8,channel,OPHIR LIVE TV(B1474(26/1/19/70వ గణతంత్ర దినోత్సవ వేడుకలు
lYt7PVJ_GAQ,channel,OPHIR LIVE TV (B1473)నర్సీపట్నం లో ప్రజాబంధు పార్టీ అధ్యక్షుని ఎన్నికల సమర శంఖారావం!!
igT7vN-Aisw,channel,OPHIR LIVE TV(B1472(22/1/19/ ఆ కొండను పెకలించి వేద్దాం!!  చర్చి గ్రౌండ్ ఉపవాస ప్రార్ధన లైవ్
DF2ics7jnMg,channel,OPHIR LIVE TV(B1471)21/1/19/సదాశివపేట సందేశం
tTTlHC1eZvk,channel,"OPHIR LIVE TV(B1470(20/1/19/ ""మిప్రయాస వ్యర్ధము కాకుండునట్లు""!! అగాపే చర్చ్ గ్రౌండ్ రెండవ సందేశం"
VEUcmHpT2pE,channel,OPHIR LIVE TV(B1469(20/1/19/ కోరహు కుమారుల మార్గం !!అగాపే చర్చ్ గ్రౌండ్ మొదటి సందేశం లైవ్........
4HZIaAPHrNA,channel,"OPHIR LIVE TV(B1468) OMI,RKP,IPBP, సభ్యులకు అత్యవసర సందేశం!"
KSu-LCvQHnE,channel,"OPHIR LIVE TV(B1467(15/1/19/  యుద్ధరంగమే మనకు క్షేమాధారo ,తెలంగాణరాష్ట్ర అగాపేసేవకుల సదస్సు"
MuOT2JV7LoY,channel,OPHIR LIVE TV(B1465(13/1/19/మనం చూడవలసిన దృశ్యం!ఆదివారంఆరాధన రెండవ సందేశం
3ddalJ20Rh8,channel,OPHIR LIVE TV(B1465(13/1/19/అత్యవసర   సందేశం
53XJQNlwWCU,channel,13-Jan-2019 | అంతరంగ నిశ్చయతకు మార్గం! | ఆదివారం ఆరాధన మొదటి సందేశం | Apostle Dr A S Ranjeet Ophir
BoFwuOIdIoQ,channel,OPHIR LIVE TV(B1463(12/1/19/ఇదిగో ....పరమసీయోనువారసులు!!విమోచన మహాసభలు రాత్రి సందేశం
NH6OcRXruaI,channel,OPHIR LIVE TV(B1462(12/1/19/ క్రీస్తు రాకడకుఅసలైనఆటంకాలు!!విమోచన మహాసభలులైవ్
FiPClSK5hwU,channel,OPHIR LIVE TV(B1461) 9/12/18/ఢిల్లీ మహాసభలు సందేశం3
F80JSG94dAA,channel,OPHIR LIVE TV(B1460) 9/12/18/ఢిల్లీ మహాసభలు సందేశం2
rzRUjIa1VDw,channel,OPHIR LIVE TV(B1459) 8/12/18/డిల్లీ మహాసభల సందేశం
_3G1pT9Fmdw,channel,OPHIR LIVE TV(B1458)7/1/19/ENGLISH WORSHIP  SPG CHURCH SEC-BAD
itofoam_CQE,channel,"OPHIR LIVE TV(B1457(6/1/19/స్తుతి లోని ప్రభావం !!Sunday worship Nizampet church Ground ,2nd msg"
NNVF04StoEo,channel,OPHIR LIVE TV(B1456(6/1/19/లోకం నుండి వేరైపోదాం ! Sunday worship 1st msg
_RTIr6y6WOY,channel,31-Dec-2018 | దేవుడు  మాట తప్పాడా?? | వాచ్ నైట్ సర్వీస్ సందేశం | Apo Dr A S Ranjeet Ophir
oksm56kVYuo,channel,OPHIR LIVE TV(B1453(1/1/19/ ప్రవక్తలలో పవిత్రభయం!! న్యూ ఇయర్ సందేశం
7pPAieqHer0,channel,OPHIR LIVE TV(B1454(1/1/19/న్యూ ఇయర్ వాగ్దానం!2 nd msg
2h2JNfSBZrs,channel,OPHIR LIVE TV(B1452(1/1/19/ Watch night service live.......2nd msg
iquOoakzL10,channel,OPHIR LIVE TV(B1452(31/12/18/)2018 Watch night service live.......
sPcOFq_0wIg,channel,OPHIR LIVE TV(B1450)30/12/18/Sunday Service  2nd msg (దేవునితో నడువ లేని భక్తులు !!)
9h2U35sqcRY,channel,OPHIR LIVE TV(B1449)30/12/18/Sunday Service 1st msg (ఏదెను కంటే ఉన్నత స్థానంలో ..... !!
IGjRwADDWnM,channel,OPHIR LIVE TV(B1447)జంట నగరాల  అగాపే స్త్రీల సమైక్య సమావేశం (బలహీనులలో ప్రచండశక్తి!!)
PaW-Cp2YXHI,channel,OPHIR LIVE TV(B1447)జంట నగరాల  అగాపే స్త్రీల సమైక్య సమావేశం (బలహీనులలో ప్రచండ శక్తి!!
LpQJunvjH5k,channel,"OPHIR LIVE TV(B1448)28/12/18/ఖజాగూడ క్రిస్మస్ పండుగ లైవ్,,,,,,,,,"
aWiiLi0TOHI,channel,OPHIR LIVE TV(B1447)అగాపే స్త్రీల సమైక్య సమావేశం* బైబిల్లో మనువాదం ఉందా?!*
S1gSmvCofjw,channel,OPHIR LIVE TV(B1305)(ఓఫిర్ మినిస్ట్రీస్ ఇంటర్నేషనల్ క్రిస్మస్ సంబరాలు )
f2_7E3_dRp8,channel,OPHIR LIVE TV(B1304) సభనుద్దేశించి మొదటి మాటలు
vCJLwL5RWOw,channel,OPHIR LIVE TV(B1310)(ఓఫిర్ మినిస్ట్రీస్ ఇంటర్నేషనల్ క్రిస్మస్ సంబరాలు )సాంగ్
kJZLJv9Wneg,channel,OPHIR LIVE TV(B1313) 25/12/18 /  మనం యేసు ను యెందుకు ఆరాధించాలి ? అందరు వినవలిసిన సందేశం
jl-gM5WQef4,channel,OPHIR LIVE TV(B1300)(ఓఫిర్ మినిస్ట్రీస్ ఇంటర్నేషనల్ క్రిస్మస్ సంబరాలు )సాంగ్2
NnMDCUl2dhE,channel,OPHIR LIVE TV(B1306)(ఓఫిర్ మినిస్ట్రీస్ ఇంటర్నేషనల్ క్రిస్మస్ సంబరాలు )సాంగ్
JQKZx_N2sHk,channel,OPHIR LIVE TV(B1299)(ఓఫిర్ మినిస్ట్రీస్ ఇంటర్నేషనల్ క్రిస్మస్ సంబరాలు )సాంగ్2
SPfIyJxaHKM,channel,OPHIR LIVE TV(B1301)(ఓఫిర్ మినిస్ట్రీస్ ఇంటర్నేషనల్ క్రిస్మస్ సంబరాలు )సాంగ్
7v_XS3dchuQ,channel,OPHIR LIVE TV(B1298)(ఓఫిర్ మినిస్ట్రీస్ ఇంటర్నేషనల్ క్రిస్మస్ సంబరాలు )సాంగ్2
gibTN8bFxyo,channel,OPHIR LIVE TV(B1302)(ఓఫిర్ మినిస్ట్రీస్ ఇంటర్నేషనల్ క్రిస్మస్ సంబరాలు )సాంగ్
dYRQgjtr5gc,channel,OPHIR LIVE TV(B1303)(ఓఫిర్ మినిస్ట్రీస్ ఇంటర్నేషనల్ క్రిస్మస్ సంబరాలు )సాంగ్
E8avPjhCNJI,channel,OPHIR LIVE TV(B1307)(ఓఫిర్ మినిస్ట్రీస్ ఇంటర్నేషనల్ క్రిస్మస్ సంబరాలు )సాంగ్
atM23S45lXU,channel,OPHIR LIVE TV(B1309)(ఓఫిర్ మినిస్ట్రీస్ ఇంటర్నేషనల్ క్రిస్మస్ సంబరాలు )సాంగ్
cdo4ZgU5U5I,channel,OPHIR LIVE TV(B1311)(ఓఫిర్ మినిస్ట్రీస్ ఇంటర్నేషనల్ క్రిస్మస్ సంబరాలు )సాంగ్
gtjfjEh3Yg4,channel,OPHIR LIVE TV(B1296)(ఓఫిర్ మినిస్ట్రీస్ ఇంటర్నేషనల్ క్రిస్మస్ సంబరాలు )సాంగ్3
1_dugAyUnLQ,channel,OPHIR LIVE TV(B1297)(ఓఫిర్ మినిస్ట్రీస్ ఇంటర్నేషనల్ క్రిస్మస్ సంబరాలు )సాంగ్4
K5meuxW7lXc,channel,OPHIR LIVE TV(B1308)(ఓఫిర్ మినిస్ట్రీస్ ఇంటర్నేషనల్ క్రిస్మస్ సంబరాలు )సాంగ్
u-p0bXqgENM,channel,OPHIR LIVE TV(B1312)(ఓఫిర్ మినిస్ట్రీస్ ఇంటర్నేషనల్ క్రిస్మస్ సంబరాలు )తమిళ్ సాంగ్
ppGbsUZMuFA,channel,OPHIR LIVE TV(B1295)(ఓఫిర్ మినిస్ట్రీస్ ఇంటర్నేషనల్ క్రిస్మస్ సంబరాలు )సాంగ్2
ZrqfUf6tHnQ,channel,OPHIR LIVE TV(B1294)(ఓఫిర్ మినిస్ట్రీస్ ఇంటర్నేషనల్ క్రిస్మస్ సంబరాలు )సాంగ్1
Sv4ATyQbOqc,channel,OPHIR LIVE TV(B1292)(ఓఫిర్ మినిస్ట్రీస్ ఇంటర్నేషనల్ )స్కిట్
qVzzk1eq6Q8,channel,OPHIR LIVE TV(B1291) DR రంజిత్ ఓఫిర్  క్రిస్మస్ సందేశం  క్రిస్మస్ డాన్స్అవసరమా అన్నవారుతప్పక వినండి
xci8AYcUMgY,channel,OPHIR LIVE TV(B1289) 23/12/18 / ప్రీక్రిస్మస్ పండుగ లైవ్
S8OM8od1XrI,channel,OPHIR LIVE TV(B1288) 23/12/18 / తండ్రి పోలిక లేని పిల్లలు....!!ఆదివారం ఆరాధన రెండవసందేశం
Py7A0bIHuHE,channel,OPHIR LIVE TV(B1287) 23/12/18 / ఆదివారం ఆరాధన మొదటి సందేశం లైవ్ .........
LzptEm5dU7E,channel,OPHIR LIVE TV(B1286) 22/12/18 / Christmas Celebrations (BBG) YUSUFGUDA  LIVE...
VevKpTgOQLY,channel,OPHIR LIVE TV(B1285)DR రంజితన్న ప్రసంగం  IPBP అవగాహన సదస్సు దరిశి  ప్రకాశం జిల్లా
w2a_BZEfxvI,channel,OPHIR LIVE TV(B1284) 16/12/18)మల్కాజ్ గిరి ప్రీ క్రిస్టమస్
_ff2cK6TW7g,channel,OPHIR LIVE TV(B1283) 18/12/18 / IPBP అవగాహన సదస్సు దరిశి పులిపాడు తండ part 1
mGHxk4Qr8cU,channel,OPHIR LIVE TV(B1281) 18/12/18 / పులిపాడు తండా  సెమి క్రిస్టమస్
EVpCFHfFvy0,channel,OPHIR LIVE TV(B1282) 17/12/18 / నడికుడి చర్చ్ ప్రారంభం లైవ్.......
XRob2BWRZbw,channel,OPHIR LIVE TV(B1280) 17/12/18 / నడికుడి చర్చ్ ప్రారంభం లైవ్.......
2-PLt-j0arQ,channel,OPHIR LIVE TV(B1279) 16/12/18 /మాయమవుతున్న సముద్రం!!ఆదివారం ఆరాధన రెండవసందేశం
5Wg4oPD1IqU,channel,OPHIR LIVE TV(B1278) 16/12/18 /వ్యాకులంలో రక్షణ!!ఆదివారం ఆరాధన మొదటి సందేశం......
ap_BHewKw-8,channel,OPHIRLIVETV(B1277)ఆదివారం సందేశం మల్కాజగిరి  సందేశం
i1Ss5sdziwM,channel,OPHIR LIVE TV(B1276)ఆదివారం సందేశం  మల్కాజ్ గిరి సంఘం
LDTXIG8xB0Y,channel,OPHIR LIVE TV9(B1275)  నిజాంపేట్ఆదివారం సందేశం
5QapQctwIto,channel,OPHIR LIVE TV(B1274)25/11/18/అసలైనపరిపాలకుడు! ఆదివారం సందేశం
Z7B7CFpLQds,channel,OPHIR LIVE TV(B1273) 24/11/18  K. ISHAKER ANNA AND SANTHOSHAM AMMA......LIVE.
TEcw5fHNlTA,channel,OPHIR LIVE TV (B1272)20-11-18/ హక్కులపోరాట యోధులతో ముఖాముఖి.....రక్షణ టీవీ లైవ్...
sKFa_sBmj0g,channel,OPHIR LIVE TV(B1271) 18/11/18 గెలిచినవాదమే సత్యమా?? ఆదివారం ఆరాధన రెండవ సందేశం లైవ్........
v-h9Ju-b5xQ,channel,OPHIR LIVE TV(B1280)10/11/18  IPBP బెల్లంపల్లి మీటింగ్ రంజితన్నప్రసంగం
iC1R5G00E9U,channel,OPHIR LIVE TV(B1279)ఇండియాప్రజాబంధుపార్టీ ఎన్నికలశంఖారావం పూరించినజాతీయఅద్యక్షుడు రంజితన్న
NLZYquq-Zc0,channel,OPHIR LIVE TV(B1278) 11/11/18  మనకోసం దేవుడుచేస్తున్నయుద్ధం....!
GzqUdCR5RYc,channel,నీవు ఎంతైనా నమ్మ దగినవాడవు | Nivu Enthaina Nammadaginavaadavu | Apo Dr A S Ranjeet Ophir Songs
h8mWqzDn05g,channel,OPHIR LIVE TV (B1276) 9/10/18(సూరారం చర్చ్ ప్రతిష్ట) ఈ గ్రుడ్డి వారిదే పరలోకరాజ్యం!!
23h-cBO_tJE,channel,OPHIR LIVE TV(B1274) 4/11/18 క్రీస్తు విరోధులకు సవాల్!..
ZI2Wlb9FkEo,channel,OPHIR LIVE TV(B1275) 4/11/18 క్రైస్తవుడుచేసే కాళీయ మర్ధనము!
nrlYM7SqL9c,channel,OPHIR LIVE TV(B1272) 29/10/18ఇండియాప్రజాబంధు పార్టీ సమాలోచన సభ గాజువాక లైవ్.......
ljmpEniQn4M,channel,OPHIR LIVE TV(B1273) 29/10/18ఇండియాప్రజాబంధు పార్టీ సమాలోచన సభ గాజువాక లైవ్.......
FqziZL1M9RE,channel,OPHIR LIVE TV(B1269) 28/10/18 సువార్తనుబట్టిగర్విద్దాం!!ఆదివారం ఆరాధన రెండవసందేశం....
uA-9o9e2F5U,channel,OPHIR LIVE TV(1268)కాకినాడదళితకాపుఐక్యత సభలోబహుజనులఐక్యతనుచాటిన DR రంజిత్ ఓఫిర్ అద్దంకి
sHkNR0_Q_6A,channel,OPHIR LIVE TV(B1267) 24/10/18  దళిత కాపుఐక్య వేదిక కాకినాడ లైవ్......
ZmzSwDZM-yU,channel,OPHIR LIVE TV(B1265) 21/10/18 ఎడబాయనిఆదరణ కర్త!!ఆదివారంఆరాధన మొదటి సందేశం
_jKeANfUVLs,channel,OPHIR LIVE TV(B1266) 21/10/18  క్రైస్తవపరిశుద్దత--స్పష్టమైన నిర్వచనం!!ఆదివారం  సందేశం...లైవ్.....
iXMyh1fnGPk,channel,14-Oct-2018 | ఏదితప్పు?  ఏదిఒప్పు?? | Sunday Service Message |  Apostle Dr AS Ranjeet Ophir
_36ijhTCo2c,channel,OPHIR LIVE TV(B1263) 12/10/18 IPBP APమహిళా కార్యకర్తల సదస్సు కశింకోట లైవ్.......
fdF3i5PQcA4,channel,OPHIR LIVE TV(B1261) 11/10/18 IPB
-G12m1U-yiE,channel,OPHIR LIVE TV(B1261) 11/10/18 పాస్టర్ దయసాగర్ గారి చర్చ్ విజయవాడ లైవ్
jxTHh4dg0A8,channel,OPHIR LIVE TV(B1260) 7/10/18 సుడిగాలిలోఆరని దీపం! మల్కాజ్ గిరి  సంఘం మొదటి సందేశం
Orha7kqlUuU,channel,07-Oct-2018 | నిరంతర మారు మనస్సు! | ఆదివారం మొదటి సందేశం | Apo Dr A S Ranjeet Ophir
7g3xRURQWdU,channel,OPHIR LIVE TV(B1258) 7/10/18  స్త్రీపురుషులప్రేమ అపవిత్రమా??!ఆదివారం ఆరాధన రెండవ సందేశం లైవ్......
7CjSXUNQyjI,channel,OPHIR LIVE TV(B1257) 1/10/ 18 సువార్తలో న్యాయం ఎక్కడుంది?? సువార్త మహాసభలు శంకర పల్లి
3Fg0G4E8h7U,channel,OPHIR LIVE TV(B1256) 2/10/18 సత్య సువార్త మహాసభలు శంకర పల్లి  2nd day లైవ్.....
98uBvFp-u4M,channel,OPHIR LIVE TV(B1254)1/10/18 శంకరపల్లి మీటింగ్స్ సాంగ్స్
qh0yN8QFeaA,channel,"30-Sep-2018 | ప్రేమే నేరమౌనా""?!! | Sunday Service | Second Message | Apostle Dr A S Ranjeet Ophir"
3L8KzJX8Axs,channel,OPHIR LIVE TV(B1252)23/9/18  పరమాత్ముని చేరే మార్గం!! ఆరాధన .
fLC5dYKGZYY,channel,12-Oct-2013 వెలుగైన సంఘమా -- చీకట్లను చూడు!! | Bible Study | Apo Dr A S Ranjeet Ophir
v6IuX0-I82c,channel,OPHIR LIVE TV(B1250)16/9/18 ఆదివారం ఆరాధన 2వ సందేశం నిజాంపేట్ చర్చ్ గ్రౌండ్ లైవ్.......
-dOrXr9bu2E,channel,OPHIR LIVE TV(B1249)16/9/18 విమోచనలో 3 ఘట్టాలు!! ఆదివారం మొదటి సందేశం
WWvxE-JLSuA,channel,OPHIR LIVE TV(B1248)15/9/18/SAMAJK SEVA SAMMELAN BC BHAVAN
1JruIw-ErAM,channel,OPHIR LIVE TV(B1248)15/9/18/SAMAJK SEVA SAMMELAN BC BHAVAN
lj_ajTgjb18,channel,"12-Sep-2018 | ఈనాటి ఇశ్శాఖారీయులు | ఉత్తరాంద్ర అగాపే సేవకుల సదస్సు, అనకాపల్లి | Dr A S Ranjeet Ophir"
q3dAl8uvm8I,channel,OPHIR LIVE TV(B1245)9/9/18/ఛానల్ మార్చేద్దామ్!ఆదివారం ఆరాధన నిజాంపేట్ చర్చ్ గ్రౌండ్స్
lA9N40uXoXc,channel,OPHIR LIVE TV(B1244)ఇండియా ప్రజాబంధుపార్టీ ప్రెస్ మీట్ న్యూడిల్లి ప్రెస్ క్లబ్
EzP7IIpOLIQ,channel,OPHIR LIVE TV(B1243)2/9/18/ విశ్వాసిచేతిలో వజ్రాయుధం!!ఆదివారం ఆరాధన నిజాంపేట్ చర్చ్ గ్రౌండ్స్
01miW_Ls9_4,channel,OPHIR LIVE TV(B1242)27/8/18/ భక్తిముసుగులో చెత్తకుప్ప!!
o_yNn7erzNg,channel,OPHIR LIVE TV(B1241)27/8/18/యుక్తిగల సింహాలు!!దైవసేవకులసదస్సు భీమవరం లైవ్
7d585jzBNhU,channel,OPHIR LIVE TV(B1240)26/8/18/ యెహోవాపర్వతముపై యేసుప్రతిరూపాలు!! Worship live.......
Y0YCaYbRs5c,channel,OPHIR LIVE TV(B1239)24/8/18/యేసు గొర్రెపిల్లల అసలైనసమృద్ధి!విశాలాక్షి నగర్ విశాఖపట్నం లైవ్
VLofdF_yBEg,channel,23-Aug-2018 | దైవసేవకుల సదస్సు | Pastors Meeting | బైబిల్ మిషన్ | గుంటూరు | Apo Dr A S Ranjeet Ophir
alPM308_DKw,channel,OPHIR LIVE TV(B1236)19/8/18/ మట్టికరిచిన మతోన్మాదం!!SUNDAY WORSHIP NIZAMPETA CHURCH GROUND LIVE.....
PsYOADRPHR0,channel,OPHIR LIVE TV(B1234)ప్రేమహస్తం ఫౌండేషన్ ఘటకేసర్ లో Dr రంజిత్ఓఫిర్ సందేశం
NITdVAzbFJw,channel,OPHIR LIVE TV(B1233) IPBP నిర్వహించిన72వ స్వాతంత్రదినోత్సవంవేడుకలో దేశభక్త DR రంజిత్ఓఫిర్ ప్రసంగం
fPzYLEb3Ruc,channel,OPHIR LIVE TV(B1231)15/8/18/స్వాతంత్ర దినోత్సవం వేడుక లైవ్ kphb.......part2
gecI1OKeKKE,channel,12-Aug-2018 | కీకారణ్యంలో రాజమార్గం!! | ఆదివారం సందేశం  | Apo Dr A S Ranjeet Ophir
mGUIInqWQOI,channel,OPHIR LIVE TV (B1230) దేశవ్యాప్త ఓఫిరిస్ట్ లకుDRరంజిత్ఓఫిర్ గారుస్వాతంత్ర దినోత్సవ వేడుకపిలుపు!?
cuY1RjjCVFo,channel,OPHIR LIVE TV(B1230)12/8/18/ఆదివారం న్యూ బ్రాంచ్ సన్ సిటీ లైవ్............2nd Msg
u9iQmaqsXE0,channel,OPHIR LIVE TV(B1230)12/8/18/ఆదివారం న్యూ బ్రాంచ్ సన్ సిటీ లైవ్............
q8llTTUBVTg,channel,OPHIR LIVE TV(B1227)11/8/18/
gm2usi0XmRw,channel,OPHIR LIVE TV(B1225)6/8/18/  పొలికేక మీటింగ్ గుంటూరు లైవ్
4Rvh7lcSX8s,channel,OPHIR LIVE TV(B1225)6/8/18/  పొలికేక మీటింగ్ గుంటూరు లైవ్
Nxg71RmfC5Y,channel,OPHIR LIVE TV(B1225)6/8/18/  పొలికేక మీటింగ్ గుంటూరు లైవ్
_bMRJN6Uodo,channel,"OPHIR LIVE TV(B1225)6/8/18/ దేశభక్త Dr రంజిత్ ఓఫిర్ గారి సందేశం ,పొలికేక మీటింగ్ గుంటూరు లైవ్"
hMxLYfzlqMQ,channel,05-Aug-18 | అసలైన ఫ్రెండ్ షిప్ డే! | Sunday Second Message | Apo Dr A S Ranjeet Ophir
drnnZt8ItNg,channel,OPHIR LIVE TV(B1223)2/8/18 /దళిత సమస్యకురిజర్వేషనులే పరిష్కారమా!?
IOg3dZE7_NQ,channel,31-Jul-2018 | చెప్పులు వేసుకున్నవాళ్ళే అసలైన భక్తులు! | సేవకుల సదస్సు | Apo Dr A S Ranjeet Ophir
9oGtJPo-kBg,channel,29-Jul-2018 | హనోకు లెవ్వరు?? |  Sunday Second Message | Central Church | Dr AS Ranjeet Ophir
KjPyrzTMqzY,channel,25-Jul-2018 |  ప్రార్దనలో నిజమైన విజయం! | Malkajgiri | Apostle Dr A S Ranjeet Ophir
4DZXxauimrI,channel,25-Jul-2018 | మానవుడిపతనం ---విమోచనం! | Sunday First Message | Malkajgiri | Apo Dr A S Ranjeet Ophir
vUsMZYCOV-0,channel,OPHIR LIVE TV(B1218)10/6/18 malkazgiri 2nd Msg సంశయాలువదిలేసి దైవసేవకు పరుగులెత్త0డి!!
Yi5lfwzn4zI,channel,OPHIR LIVE TV(B1217)22/7/18/పొంచిఉన్నప్రమాదం! ఆదివారం రెండవసందేశం
oMrrUrVzPS0,channel,OPHIR LIVE TV(B1216)19/7/18 .వినుకొండ మీటింగ్ లైవ్........సందేశం
mBBFqriIOG0,channel,OPHIR LIVE TV(B1215)19/7/18 .వినుకొండ మీటింగ్ లైవ్........పరిచయం
5Zij9XcA4Mo,channel,OPHIR LIVE TV(B1213)19/7/18 .వినుకొండ మీటింగ్ లైవ్........SONGES
WXVFHC2MZK0,channel,OPHIR LIVE TV(B1214)19/7/18 .వినుకొండ మీటింగ్ లైవ్........SONGS
oeMz-n5_yuw,channel,19-Jul-2018 | సత్యబ్రహ్మకు నాలుగు ముఖాలు!! | RKP సదస్సు | వినుకొండ | Apo Dr A S Ranjeet Ophir
B6ncehtjMWQ,channel,OPHIR LIVE TV(B1211)15/7/18క్రిస్టియన్ క్రియా యోగం!! SUNDAY WORSHIP LIVE KPBH.........
AZ36AIkbiO8,channel,OPHIR LIVE TV(B1207)మహాన్యూస్ లైవ్
Wo7N0YnWl20,channel,OPHIR LIVE TV(1208)Our Movie Will Not Break Any Caste Sentiments
fS78cc8TfEg,channel,OPHIR LIVE TV(B1209)Words Of War  Ranjith Ophir vs Darshanam Sharma
utcUSpj839g,channel,OPHIR LIVE TV(B1210)| You Have Shown Christian As A Joker In Your Movie | Dr Ophir
yYU_3xOkJ0A,channel,08-Jul-2018 | రక్షణను గూర్చిన -- మూలపాఠాలు!! | Sunday Service Message | Apostle Dr AS Ranjeet Ophir
rfffuXq8O84,channel,పుట్టుకతో మనుషులు యథార్థవంతులా?? | Sunday Service | Second Message | Apo Dr AS Ranjeet Ophir
CjEIa23ttyQ,channel,OPHIR LIVE TV(B1204) VISHAKAPATNAM MEETING
ey4E1ZPDAB4,channel,OPHIR LIVE TV (B1203) PAS.M దయాసాగర్ విజయవాడ చర్చి ప్రారంభము
Z7Ssmoro6qI,channel,24-Jun-2018 | అసలైన పరిపూర్ణతా వాదం! | Sunday Service | Second Message | Apostle Dr AS Ranjeet Ophir
vH02xqlXGKc,channel,OPHIR LIVE TV(1201)17/6/18/SUNDAY ఇంటికెళ్ళిసంతోషంగా భోంచెయ్యండి!!
zfOm5KaaZ5Y,channel,సోమరులు-యేసుకుశత్రువులు!!  14-Jun-2018 | RKP అవగాహన సదస్సు | గోదావరిఖని | Dr AS Ranjeet Ophir
Os_qurTt6iU,channel,OPHIR LIVE TV(B1199)క్రైస్తవులకు రాజకీయాలు అవసరమే!!Dr Ranjith Ophir gari సన్మానం LB నగర్
GLHLJ2TYOFM,channel,"OPHIR LIVE TV(B1198)5/6/18(RKP స్టేట్ వైడ్ ఉమెన్స్ మీటింగ్  పార్ట్ 3 లైవ్ ,రాజమండ్రి"
bgiWscH6Sz4,channel,"OPHIR LIVE TV(B1197)5/6/18(RKP స్టేట్ వైడ్ ఉమెన్స్ మీటింగ్  పార్ట్ 3 లైవ్ ,రాజమండ్రి"
pj9xsk87Fz0,channel,"OPHIR LIVE TV(B1196)5/6/18(RKP స్టేట్ వైడ్ ఉమెన్స్ మీటింగ్  పార్ట్ 2 లైవ్ ,రాజమండ్రి"
TH-2OT42gCk,channel,"OPHIR LIVE TV(B1195)5/6/18(RKP స్టేట్ వైడ్ ఉమెన్స్ మీటింగ్  పార్ట్ 1 లైవ్ ,రాజమండ్రి"
JZQm0ciBBmg,channel,OPHIR LIVE TV(B1194)4/6/18(ఇండియా ప్రజాబంధు యూత్ అవగాహన సదస్సు విశాఖపట్నం లైవ్.......part 2.
9KBPOnaJOR0,channel,OPHIR LIVE TV(B1194)4/6/18(ఇండియా ప్రజాబంధు యూత్ అవగాహన సదస్సు విశాఖపట్నం లైవ్.......part 2.
vJYxoxxBXyg,channel,OPHIR LIVE TV(B1194)4/6/18(ఇండియా ప్రజాబంధు యూత్ అవగాహన సదస్సు విశాఖపట్నం లైవ్........
hS6LoL_9I1k,channel,OPHIR LIVE TV(B1194)4/6/18(ఇండియా ప్రజాబంధు యూత్ అవగాహన సదస్సు విశాఖపట్నం లైవ్........
I3Na6u3QgK8,channel,03-06-2018 | సంఘాలలో దేవాగ్ని ఆరిపోతున్నదెందుకు?? | Sunday Service Message | Apo Dr AS Ranjeet Ophir
KT_H4wfv2rU,channel,OPHIR LIVE TV(B1192)2/6/18( క్రైస్తవ-రాజకీయం?!రక్షణ టీవీ లైవ్..........part 2
ZMc_3N6Qikc,channel,OPHIR LIVE TV(B1191)2/6/18( క్రైస్తవ- రాజకీయం!?రక్షణ టీవీ లైవ్..........part1
W7lsrkcJLE8,channel,29-May-2018 | క్రైస్తవుడి అతిశయం--విశ్వసువార్త!! | నాగర్ కర్నూల్ | Apo Dr A S Ranjeet Ophir
QYiKqwCFrSs,channel,OPHIR LIVE TV(B1190)29/5/18( క్రీస్తు సువార్త మహా సభలు..నాగర్ కర్నూల్ లైవ్........2nd day night
WGQqD7te8ik,channel,OPHIR LIVE TV(B1188)29/5/18( క్రీస్తు సువార్త మహా సభలు..నాగర్ కర్నూల్ లైవ్........2nd day night
slxmBay_Mr8,channel,"OPHIR LIVE TV(B1187)28/5/18 సువార్తనుఆపడం-న్యాయం కాదు,సాధ్యమూకాదు( క్రీస్తు సువార్త మహా సభలు"
GxUTCjqyy08,channel,OPHIR LIVE TV(B1187)28/5/18( క్రీస్తు సువార్త మహా సభలు..నాగర్ కర్నూల్ లైవ్........
CIC61M5D2IM,channel,OPHIR LIVE TV(B1186)27/5/18(ఆశీర్వాదకరమైన ద్వేషం!!)(SUNDAY 2ND MSG NIZAMPET CHURCH GROUND LIVE......
KuxTmmjWcaw,channel,20-May-2018 | భక్తిలో జ్ఞానం!! | Bakthillo Gnanamu | Sunday First Message | Apo Dr A S Ranjeet Ophir
ONC0I6p0kuY,channel,OPHIR LIVE TV(B1178)20/5/18(SUNDAY 2ND MSG NIZAMPET CHURCH GROUNDLIVE......
RgVvfRPQwhY,channel,OPHIR LIVE TV(B1184)15/5/17/దేవుణ్ణి మనం రక్షించాలా?!(కాశీంకోట1st day night
DLjatbpg6hs,channel,అంధకారంలోనైనా ఆగని జైత్రయాత్ర!! | 20-May-2018 | Sunday  Second Message | Apo Dr A S Ranjeet Ophir
rfDnYWQBIH0,channel,OPHIR LIVE TV(B1182)17/5/18(సత్య సంస్థాపన మహాసభలు 3 rd day night
-p8fqteyOtc,channel,OPHIR LIVE TV(B1181)17/5/18(సత్య సంస్థాపన మహాసభలు 3 rd day night
fYdo4Zlb0l8,channel,OPHIR LIVE TV(B1175)17/5/18(ఇండియా ప్రజాబంధుపార్టీ అవగాహన సదస్సు  లైవ్.....
9DwCqOiWk9g,channel,OPHIR LIVE TV(B1180)17/5/18(అపరిచిత భారతీయుడు-ప్రజాబంధు!!)అవగాహన సదస్సు  లైవ్.....
z32pOGuSa5g,channel,OPHIR LIVE TV(B1179)17/5/18(ఇండియా ప్రజాబంధుపార్టీ అవగాహన సదస్సు  లైవ్.....
w1h4-2p6IZc,channel,OPHIR LIVE TV(B1178)17/5/18(ఇండియా ప్రజాబంధుపార్టీ అవగాహన సదస్సు  లైవ్.....
QEnKhAhARnQ,channel,OPHIR LIVE TV(B1175)16 /5/18(సత్యసంస్థాపన మహాసభలులైవ్.......kasimkota
biOGGziodYQ,channel,OPHIR LIVE TV(B1177)16 /5/18(సువార్తఅబద్దమయే అవకాశం!!(2nd డే night
umyFPXvChjU,channel,OPHIR LIVE TV(B1176)16 /5/18(సత్యసంస్థాపన మహాసభలులైవ్.......kasimkota
fyQ6buScAAs,channel,OPHIR LIVE TV(B1175)16 /5/18(ఉప్పేవెలుగవుతుంది!(కశిమ్ కోటRKP అవగహనసదస్సు
ttybIHENtMI,channel,"OPHIR LIVE TV(B1172)15 /5/18(బ్రాహ్మణ,క్షత్రియ ఐక్యత వర్ధిల్లాలి!!సామర్లకోట ప్రజాబంధుపార్టీ సదస్సు"
v1Qj24XQSx8,channel,OPHIR LIVE TV(B1172)12 /5/18( దేవభక్తిసాధనకు తొలిమెట్టు!)NIZAMPET CHURCH LIVE.......
Xhpf1l5938M,channel,OPHIR LIVE TV(B1171)8/5/18(PAS ఐజాక్  చర్చ్ విశాకపట్నం....లైవ్.....
-ma420fmmP8,channel,09-May-2018 | ప్రేమే ప్రేమను అర్ధం చేసుకుంటుంది! | రేపల్లి | Bible Study | Apo Dr A S Ranjeet Ophir
sRsGESxwEvc,channel,OPHIR LIVE TV(B1160)10 /5/18( యేసయ్య దీవెన పండుగలు పెద పులివర్రు  రేపల్లి లైవ్....... night
Ix8DFLacrL0,channel,OPHIR LIVE TV(B1159)10 /5/18( ఇదిగోఎత్త బడే సంఘం!!)యేసయ్య దీవెన పండుగలు పెద పులివర్రు
ZrRHSX_3Rg0,channel,OPHIR LIVE TV(B1158)10 /5/18(దేవుడు చేసినక్రైస్తవుడు!! యేసయ్య దీవెన పండుగలు పెద పులివర్రు
Zlyptp_7nz0,channel,06-May-2018 | విమర్శల సింహాల మధ్య ఈనాటి దానియేలులు! | ఆదివారం రెండవ సందేశం | Apo Dr AS Ranjeet Ophir
6oTTtaiVxn8,channel,OPHIR LIVE TV(B1128/ 5/5/18( ప్రజాబంధు పరశురామావతారం!!/స్వర్ణభారతనిర్మాణ సభ
ruWT8Tc_5Co,channel,OPHIR LIVE TV(B1128/ 5/5/18( ఇండియా ప్రజా బంధు  స్వర్ణ భారత నిర్మాణ సభ అమరావతి ఉదయ సభ ...లైవ్.....
9v4s7en4olA,channel,OPHIR LIVE TV(B1128/ 5/5/18( ఇండియా ప్రజా బంధు  స్వర్ణ భారత నిర్మాణ సభ అమరావతి ఉదయ సభ ...లైవ్.....
2HAI0Oc_GgQ,channel,OPHIR LIVE TV(B1128/ 5/4/18( ఇండియా ప్రజా బంధు  స్వర్ణ భారత నిర్మాణ సభ అమరావతి సాయంత్రం సభ లైవ్.....
aFEhPV4dDk0,channel,OPHIR LIVE TV(B1157/ 5/4/18(  మనువాదనికి నూకలు చెల్లాయి!!ఇండియా ప్రజా బంధు  స్వర్ణ భారత నిర్మాణ సభ
UvvBgTUfIQ0,channel,OPHIR LIVE TV(B1156/ 5/4/18( ఇండియా ప్రజా బంధు  స్వర్ణ భారత నిర్మాణ సభ అమరావతి సాయంత్రం సభ లైవ్.....
utzW1VcQtws,channel,OPHIR LIVE TV(B1128/ 5/4/18( ఇండియా ప్రజా బంధు  స్వర్ణ భారత నిర్మాణ సభ అమరావతి సాయంత్రం సభ లైవ్.....
aRw03j_Icb8,channel,OPHIR LIVE TV(B1128/ 4/5/18 అసలైన అంబేద్కరిజం!!( ఇండియా ప్రజా బంధు  స్వర్ణ భారత నిర్మాణ సభ అమరావతి
ypBz85cfK4s,channel,OPHIR LIVE TV(B1155/ 5/4/18( ఇండియా ప్రజా బంధు  స్వర్ణ భారత నిర్మాణ సభ అమరావతి
ZXhY79HI30w,channel,OPHIR LIVE TV(B1154)21/4/18/రాపల్లి 2ND DAY NIGHT SANDESAM
s1yShrQNVAQ,channel,21-Apr-2018 | ప్రేమకు మరోరూపం రాజకీయం! | రాపల్లి | RKP Awareness Meeting | Apo Dr A S Ranjeet Ophir
BjD_ibWUnvc,channel,20-Apr-2018 |  పరిశుద్ధ బలాత్కారులు! | రాపల్లి | Gospel Meeting | Apostle Dr A S Ranjeet Ophir
HOncuuhs9Tg,channel,20-Apr-18 | అపరిమితునికి అద్బుతనివాసం! | రాపల్లి | Bible Study |  Apo Dr A S Ranjeet Ophir
boSiElnuZ5w,channel,OPHIR LIVE TV (B1150)కులవ్యవస్థ బండారం--దాని దుష్పలితం!!
Muu5xFnnVUk,channel,OPHIR LIVE TV(B1144/16/4/18/ VBS 5th day TEACHET GIFTS
uXcy7v6mowA,channel,OPHIR LIVE TV(B1149/ 22/4/18/అసలైన ఐశ్వర్యవంతులు!! sunday worship nizampet church.......
cH4mU2XWqFo,channel,OPHIR LIVE TV(B1148/16/4/18/ VBS 5th day prize ditribution
02ZidRM9ARI,channel,OPHIR LIVE TV(B1147/16/4/18/ VBS 5th day prize distribution
2g98ODwcN0s,channel,OPHIR LIVE TV(B1146/16/4/18/ VBS 5th day TEACHERS GIFTS
eXJVy4LMbVc,channel,OPHIR LIVE TV(B1145/16/4/18/ VBS 5th day TEACHERS GIFTS
Zqc33miwi9I,channel,OPHIR LIVE TV(B1143/16/4/18/JD లక్ష్మీ నరాయణగారు VBS 5th day
S8M76zPJjlo,channel,OPHIR LIVE TV(B1142/16/4/18/ VBS 2th day
z4aauCYQvEU,channel,OPHIR LIVE TV(B1138/15/4/18/ 2nd day
8utgnKG5Qbs,channel,OPHIR LIVE TV(B1141/15/4/18/ VBS 1st day
Wv_qLPdXiF0,channel,OPHIR LIVE TV(B1140/15/4/18/మహా న్యూస్ ఫోన్ -ఇన్-లైవ్
nWuGIq8H2r0,channel,OPHIR LIVE TV(B1139/15/4/18/సండే వర్షిప్ లైవ్
Wy9NbWpweA8,channel,OPHIR LIVE TV(B1137/15/4/18/vbs 1st day
FfZKl4hfANk,channel,OPHIR LIVE TV(B1127)8/4/18/
5S9xrD-8nAA,channel,OPHIR LIVE TV(B1135)8/4/18/ SONGS
ON1uuPIoMrg,channel,OPHIR LIVE TV(B1134B)8/4/18/sunday msg part 2
2rIfQozZ7PQ,channel,OPHIR LIVE TV(B1134A)8/4/18/sunday msg part 1
I7IT6_1nMqI,channel,OPHIR LIVE TV(B1133)/5/4/18/ NEW PARTY INAGURATION
dzPDIWZLOi4,channel,OPHIR LIVE TV(B1132)/4/4/18/ RKP PLENARY NIGHT AT KJR & VICEROY GARDENS...DAY2......
wi6e1vERv7s,channel,OPHIR LIVE TV(B1155)కాకినాడ మహా సభల సందేశం
niX8ri3mJBM,channel,OPHIR LIVE TV(B1131)/4/4/18/ RKP PLENARY NIGHT AT KJR & VICEROY GARDENS...DAY2......
hOFFCX4wLA4,channel,OPHIR LIVE TV(B1130)/4/4/18/ RKP PLENARY NIGHT AT KJR & VICEROY GARDENS...DAY2......
eGUFeq0xbA8,channel,OPHIR LIVE TV(B1129)/4/4/18/ RKP PLENARY NIGHT AT KJR & VICEROY GARDENS...DAY2......
DNJua886d_s,channel,OPHIR LIVE TV(B1128)/4/4/18/ RKP PLENARY YOUTH MEETING AT KJR & VICEROY GARDENS...DAY2......
utyE-frDEq8,channel,OPHIR LIVE TV(B1127)/4/4/18/ RKP PLENARY AT KJR & VICEROY GARDENS... mor.DAY2......
NxzprdhjdNc,channel,OPHIR LIVE TV(B1126)/4/4/18/ RKP PLENARY AT KJR & VICEROY GARDENS... mor.DAY2......
gJhukVRtAeM,channel,OPHIR LIVE TV(B1125)/3/4/18/ RKP PLENARY AT KJR & VICEROY GARDENS... EVENING MEETING ...DAY1...
-jHEVwHzv40,channel,OPHIR LIVE TV(B1124)/3/4/18/ RKP PLENARY AT KJR & VICEROY GARDENS... DAY1
VfB3C0Yh5yk,channel,"OPHIR LIVE TV(B1123)/1/4/18/EASTER SERVICE, NIZAMPET CHURCH GROUNDS... LIVE..."
NE6DFgaircE,channel,"OPHIR LIVE TV(B1122)/1/4/18/SUN-RISE SERVICE, NIZAMPET CHURCH GROUNDS... LIVE..."
ygzDXRxRF6w,channel,30-Mar-2018 | సిలువే మన అతిశయం!! | Good Friday Service | Central Church | Apo Dr A S Ranjeet Ophir
Tqsevoa1wNk,channel,"OPHIR LIVE TV(B1121) సిలువలో ప్రత్యక్షమైన దైవ కృప !!30/3/18/GOOD FRIDAY SERVICE, NIZAMPET CHURCH"
Xf0TDSiIYug,channel,"OPHIR LIVE TV(B120)27/03/18/పెంతెకొస్తూ ఉజ్జీవ పండుగలు, గోదావరి ఖని, Day2"
-z2Zdt7cdlQ,channel,"OPHIR LIVE TV(B1202)27/03/18/RKP అవగాహన సదస్సు, గోదావరి ఖని, Day2"
5ZOHKpIs6aU,channel,"OPHIR LIVE TV(B1201)26/03/18/పెంతెకొస్తూ ఉజ్జీవ పండుగలు, గోదావరి ఖని, Day1 Night Meeting"
tXIeWwGEVrw,channel,"OPHIR LIVE TV(B1201)26/03/18/పెంతెకొస్తూ ఉజ్జీవ పండుగలు, గోదావరి ఖని, Day1 Night Meeting"
rli7mKyht5w,channel,"26-Mar-2018 | పరిశుద్ధాత్మ అభిషేకం!.పూర్వపరాలు! | బైబిల్ స్టడీ,గోదావరి ఖని | Apo Dr AS Ranjeet Ophir"
sIxc3pG4zHI,channel,25-Mar-2018 | లేఖనాల అంతిమ విజయం!! | ఆదివారం ఆరాధన  రెండవ సందేశం | Apo Dr A S Ranjeet Ophir
DQb5j2iw8R4,channel,OPHIR LIVE TV(B1198)కాకినాడ బైబిల్ స్టడీ
btCDza5rny0,channel,OPHIR LIVE TV(B1198) ఏలూరు మీటింగ్ సందేశం
c_YTuFgu0F4,channel,OPHIR LIVE TV (B1197) భీమవరం మీటింగ్ సందేశం
Am5W0ys9XE4,channel,OPHIR LIVE TV(B1195) లంగర్ హౌస్ సేవకుల సదస్సు సందేశం
fwwf7BxjT60,channel,OPHIR LIVE TV(B1196) ఎర్రబోడ (బ్రదర్ వెంకటేశ్) ఉపవాస ప్రార్ధన సందేశం
aUnvzMvpm24,channel,"OPHIR LIVE TV(B1194)21/03/18/కాకర్లముడి సిల్వన్ జ్ఞాపకార్ద కూటమి, కొప్పోలు , ఒంగోలు సందేశం"
5v7cZIon_QE,channel,"OPHIR LIVE TV(B1193)21/03/18/కాకర్లముడి సిల్వన్ జ్ఞాపకార్ద కూటమి, కొప్పోలు , ఒంగోలు,ఆదరణ మాటలు"
ZFNLo6y3vhg,channel,OPHIR LIVE TV(B1192)018/03/18/ఆదివారంఆరాధన నిజాంపేట్ చర్చ్ గ్రౌండ్ లైవ్.... రెండవ సందేశం
4m22IVO3y88,channel,OPHIR LIVE TV(B1191)011/03/18ఇండియన్ గోల్యాతుపై దూసుకొచ్చిన వాడిసెల రాయి!!
DhCmVROZ9Mw,channel,OPHIR LIVE TV (B1190) PRAGATHI NAGAR MEETING
gyg35mOFmZY,channel,OPHIR LIVE TV(B1189)
Lifgt-w_xAw,channel,"OPHIR LIVE TV(B1188) కృతజ్ఞత స్తుతిమహోత్సవం, మొదటి రోజు సందేశం"
uB9lP6-4UPE,channel,04-Mar-2018 | మన దేశానికీ స్వస్థత!! |  ఆదివారంఆరాధన | నిజాంపేట్ చర్చ్ గ్రౌండ్ | Apo AS Ranjeet Ophir
WY0j6wNOv4E,channel,"OPHIR LIVE TV(B1186)03/03/18/ సత్య సంస్థాపన , సాయంకాల సభ , నిజామాబాద్ LIVE........"
uM6css8dGhs,channel,OPHIR LIVE TV(B1185) ANDAMAN SUNDAY MSG (ప్రభురాత్రి భోజనం --దానిపూర్వపరాలు !!
TQEzPeFH0PM,channel,OPHIR LIVE TV(B1184)26/2/18/ PAS దాసుబాబు VSP చర్చి17వ వార్షికోత్సవం
P1gIvV3thTI,channel,OPHIR LIVE TV(B1183)WHY SHOULD WE BELIEVE IN THA SECONDCOMING OF JESUS /25/2/18
nUhrm5Hpygo,channel,OPHIR LIVE TV(B1182) THE CHRISTIAN SIGN OF THE END!( ANDAMAN 2nd day mornig bibel study24/2/18)
6k1R2zMFCNs,channel,OPHIR LIVE TV(B1181)THE DAY THAT THE LORD HAS MADE!!(PORT BLAIR ANDAMAN 2ND DAY NIHGT24/2/18)
7e81BZlkrFc,channel,OPHIR LIVE TV(B1180) THE HISTORY OF THE WORD OF GOD!! (PORT BLAIR ANDAMAN 23/2/18 DAY 1 NIGHT)
c85woFpN-Ng,channel,OPHIR LIVE TV(B1179). Alpha and Omega of Reformation ఇయర్స్ సంస్కరణోద్యమ సందేశం
38Xc1qR4fs8,channel,OPHIR LIVE TV(B1178)20/2/18/ పోరాడుదాం !! 2వ రోజు సాయంకాల సభ ఆదిలాబాద్ live........
9ZC6JVzaims,channel,OPHIR LIVE TV(B1173)20/2/18/నాయకులు ఎవరు??  రాష్ట్రీయక్రైస్తవ పరిషత్ అవగాహన సదస్సు ఆదిలాబాద్
2xGzrVIipJk,channel,OPHIR LIVE TV(B1177)యలమంచలి మీటింగ్స్ రాత్రీ సందేశం
9wfzR6wI2VQ,channel,OPHIR LIVE TV(B1174)యలమంచలి మీటింగ్ సందేశం
nZQS1wFcYdw,channel,OPHIR LIVE TV(B1175)యలమంచలి మీటింగ్స్  సందేశం బైబిల్ స్టడీ
osiYKTdSpUU,channel,OPHIR LIVE TV(B1176)YALAMANCHLI NIGHT SANDESAM
rdvUYz0j8cY,channel,OPHIR LIVE TV(B1172)19/2/18/క్రైస్తవుల మధ్యఐక్యత ఎందుకు!!1day నైట్ సందేశం
Uf3usGui4NI,channel,OPHIR LIVE TV(B1171)19/2/18/ అంత్యదినములలో ఆనందకరమైన కాలములు....!! ఆదిలాబాద్ 1day
3LhtXA5hf8A,channel,18-Feb-2018 | అంతటా ఉన్నవాడు!! | ఆదివారం ఆరాధన  రెండవ సందేశం |  Apo Dr A S Ranjeet Ophir
jj2gDOz28A4,channel,11-Feb-2018 | ఇదిగో దేవుడు!! | Sunday Service | First Message | Dr AS Ranjeet Ophir
pibjd5Eidyw,channel,11-02-2018 | ప్రభురాత్రి భోజనం- క్రైస్తవానందం | Sunday Service | First Message | Dr AS Ranjeet Ophir
t0hQZ-fF-y0,channel,"10-Feb-18 | మేఘరథంపై"" మీకా""లు | Gospel Church Anniversary Message | Dr Ranjeet Ophir"
It44FV2h128,channel,"OPHIR LIVE TVB1166)2/2/18/పాస్టర్స్  హనోక్ ,ఆశీర్వాదకరమైన ఓక రోజు వైజాగ్"
ddSAlU8OEjw,channel,OPHIR LIVE TV(B 1165) 5/2/18/మహబూబాబాద్ పాస్టర్స్ మీటింగ్ సందేశం
iRxMvcRSEDU,channel,OPHIR LIVE TV (B1164)5/2/18/మహబూబాబాద్ పాస్టర్స్  మీటింగ్ సందేశం
HKv39wlpSHo,channel,OPHIR LIVE TV(B1163 )7/2/18/ పర్లాకిమిడి  ఒరిస్సా RKP  సదస్సు LIVE .....
MdPf7d_lGF0,channel,OPHIR LIVE TV(B1163). 7/2/18/RKP అవగాహనసదస్సు  పర్ల లాకి మిడ్ ఒరిస్సా స్టేట్
gfi6atxOZ7w,channel,OPHIR LIVE TV(B1162). 6/2/18/RKP అవగాహనసదస్సు మందస  శ్రీకాకుళంజిల్లా లైవ్'........
pTHSuHWnLJE,channel,OPHIR LIVE TV(B1161). 6/2/18/RKP అవగాహనసదస్సు మందస  శ్రీకాకుళంజిల్లా లైవ్'........
pL6BC-eYu8I,channel,OPHIR LIVE TV(B1160). 4/2/18/SUNDAY WORSHIP NIZAMPET CHURCH GROUND  LIVE ..........
2Dd1f0kdf1Q,channel,OPHIR LIVE TV(B1159). 2/2/18 ఆశీర్వాదకరమైన ఒకరోజు pas హనోక్ గారి చర్చ్ విశాకపట్నం లైవ్.....
UmPyLslIeh4,channel,"OPHIR LIVE TV(B1145). 31/1/18...3rd day REVIVAL VISITATION & MOVES OF GOD, JAGADALPUR, CHHATTISHGARH"
L598tjTPUFY,channel,"OPHIR LIVE TV(B1158). 30/1/18.OUR IN VSBLE SWORD!!JAGADALPUR, CHHATTISHGARH"
LgIYIiKFF7U,channel,"OPHIR LIVE TV(B1157). 30/1/18... REVIVAL VISITATION & MOVES OF GOD, JAGADALPUR, CHHATTISHGARH"
DzktHxiFV-I,channel,OPHIR LIVE TV(B1156B)28/1/18... AGAPE CHURCH GROUND
dR4IUZuZl_I,channel,"OPHIR LIVE TV(B1156) 28/01/18 SUNDAY SERVICE, NIZAMPET CHURCH."
6lRbdzbwyQc,channel,"OPHIR LIVE TV(B1055) ""69వ గణ తంత్ర వేడుక""ర్యాలీ &DR ఓఫీర్ గారి సందేశం"
H6PZkwrKtkI,channel,"OPHIR LIVE TV(B1154)26/1/18...RKP ఆశయం , నినాదం BY DR ఓఫీర్ గారు"
zPOdWsLl73s,channel,OPHIR LIVE TV(B1053))సకలమైనారిటీవర్గాలసమావేశం లో మాట్లాడిన ఇతర మైనారిటీ వర్గాల  నాయకులు
NvlAkL5B9t8,channel,OPHIR LIVE TV(B1052)సకలమైనారిటీవర్గాలసమావేశం దిశాదశనిర్దేశించన బహుళజననాయకుడు DR ఓఫిర్అద్దంకి
A_qtbLFQg-c,channel,"OPHIR LIVE TV(B1151)23/1/18,గోపనపల్లి అగాపే ఫుల్ గాస్పెల్ చర్చ్ కృతజ్ఞత కుటము....."
9khia1jVZzk,channel,OPHIR LIVE TV (B 1150)సృష్టికర్తసంబరాలు మూడోవ రోజు సందేశం
ofgY4CwxcAs,channel,22-Jan-2018 | సృష్టికర్త సంబరాలు | దాకమర్రి | రెండవ రోజు  బైబిల్ స్టడీ |  Apo Dr A S Ranjeet Ophir
7M-6EsJFsX8,channel,OPHIR LIVE TV (B1148)జాతీయ  కోర్ కమిటి మీటింగ్ అనంతపురం
dPc7Mg_lgw8,channel,OPHIR LIVE TV(B1147)RKP అవగాహన సదస్సు అనంత పురం
5FDOZSFZiuE,channel,21-Jan-2018 | సత్య దేవుని పునర్ దర్శనం!! | Sunday Service | Second Message | Apo Dr AS Ranjeet Ophir
yUtGjhR6auE,channel,OPHIR LIVE TV(B1145)17/1/18/అనంతపురం మూడవ రోజురాత్రి మీటింగ్ లైవ్
z_YBqb2OgkE,channel,OPHIR LIVE TV(B1144)17/1/18/ ప్రవచన నెరవేర్పు -క్రైస్తవం చేతిలో బ్రహ్మస్త్రO  !! అనంతపురం
JiTmMj82a7k,channel,OPHIR LIVE TV(B1143)15/1/18/ అని వార్యం -భూమ్మిద యేసు రాజ్యం !!అనంతపురం
kpoHi7ZGwqw,channel,OPHIR LIVE TV(B1142)14/1/18/SUNDAY WORSHIP LIVE NIZAMPET CHURCH GROUND LIVE........2ND SANDESAM
AIStrUiRHMQ,channel,OPHIR LIVE TV(B1141)14/1/18/SUNDAY WORSHIP LIVE NIZAMPET CHURCH GROUND LIVE........
YMACz3VzXro,channel,OPHIR LIVE TV (B1140)77వ విమోచనమహోత్సవములులో రంజిత్ ఓఫిర్ గారి సందేశం
NV9r30Zi3HY,channel,OPHIR LIVE TV(B1139) 11/1/17/సూరారం సంఘ స్త్రీ ల సమాజ కూడిక
QO4bOJO_nX4,channel,OPHIR LIVE TV(B1139)SUNDAY WORSHIP AGAPE CHURCH GROUND NIZAMPET LIVE.......
PKCp9_OwJCE,channel,"OPHIR LIVE TV(B1137)NEW YEAR SERVICE 2ND MSG,LIVE FROM NEW JERSEY , USA.. ."
4Dqp8d7iXIQ,channel,"OPHIR LIVE TV(B1136)NEW YEAR SERVICE 1ST MSG,LIVE FROM NEW JERSEY , USA.. ."
JFkYg27lkJQ,channel,"OPHIR LIVE TV(B1138)WATCH NIGHT SERVICE, AGAPE INDIAN CHURCH, NEW JERSEY , USA.. LIVE....."
u0BwpYm6DG8,channel,"OPHIR LIVE TV(B1135)WATCH NIGHT SERVICE, AGAPE INDIAN CHURCH, NEW JERSEY , USA.. LIVE....."
GIS2sImw8O0,channel,"OPHIR LIVE TV(B1134)  WATCH NIGHT SERVIES ,LIVE FORM  NEW JERSEY , USA.."
QX7hGJ77Kpk,channel,"OPHIR LIVE TV(B1133)FASTING PRAYER, AGAPE INDIAN CHURCH, NEW JERSEY , USA.. LIVE....."
p0wXlgUWO38,channel,"OPHIR LIVE TV(B1132)FASTING PRAYER, USA.. LIVE....."
reE7QcgstQg,channel,OPHIR LIVE TV (B1032)విశాఖపట్నంSIS మరియ గ్రాండ్ డాటర్ పుట్టిన రోజువేడుక
kftguHwayGw,channel,OPHIR LIVE TV(B1031)నరసన్నపేట మీటింగ్ ( RKP ఎందుకు!?RKP అవగహన సదస్సు
SFhjpR7uKyU,channel,OPHIR LIVE TV(B1030)OMI &RKP మెగాక్రిస్మస్  వేడుకసాంస్కృతిక కార్యక్రమములు  KPHB
K0mH4milSvA,channel,భక్తులతో దేవునియుద్ధం!!  | Srikakulam | Bible Study Message | Apo Dr A S Ranjeet Ophir
IJgtw-76eII,channel,OPHIR LIVE TV(B1027)క్రిస్మస్ పండుగ అవసరమేమిటి ?!OMI &RKP మెగాక్రిస్మస్ వేడుక KPHB
jN6aY_4X6VU,channel,"04-Dec-2017 | ఈనాటి కోరెషుల మంద! |  PASTOR'S FELLOWSHIP | NIZAMPET,HYD | Apo Dr A S Ranjeet Ophir"
oEtk_kaRLog,channel,03-Dec-2017 | రెండుకొండలపై అద్భుతకరుడు! | Sunday Second message | | Apo Dr AS Ranjeet Ophir
iJbyBgy2VBs,channel,OPHIR LIVE TV(B1123) 15TH VARSHIKA VIJAYOTHYSAVA SABHA NIGHT MEETING TUNI... LIVE...
b4Vzk4Dr95k,channel,"OPHIR LIVE TV(B1122)""సమస్తము నెరవేర్చిన వారమై ""15TH VARSHIKA VIJAYOTHYSAVA SABHA TUNI... LIVE..."
m92JFzVfdwg,channel,OPHIR LIVE TV(B1121)న్యాయం నిలబెడితేనే ఎత్తబడతాం!SREEKAKULAM LIVE........
k4MF49xdGHk,channel,"OPHIR LIVE TV(B1120) భక్తులతో దేవునియుద్ధం!! 4THDAYBIBELSTUDY,SREEKAKULAM LIVE........"
YChv7-0I2Z4,channel,"OPHIR LIVE TV(B1119)మనువాదం అంతం--RKP పంతం !! 3rd day night,SREEKAKULAM LIVE........"
kJ0Gjc8LGYw,channel,"OPHIR LIVE TV(B1119) అనివార్యం దేవుని విజయం!! పార్ట్ 1BIBLE STUDY,3rd Day,SREEKAKULAM LIVE........"
J5Aw7D1RGqo,channel,"OPHIR LIVE TV(B1119)అనివార్యం దేవుని విజయం !!పార్ట్ 2 BIBLE STUDY,3rd Day,SREEKAKULAM LIVE........"
iL4NeniDeGo,channel,OPHIR LIVE TV(B1118)సింహాసన వారసుల లక్షణాలు!! 2ND DAY NIGHT MEETING SREEKAKULAM LIVE........
bLlMBNoYD_k,channel,OPHIR LIVE TV(B1118)నిర్వచనాలకు అందనిదేవుడు!2ND DAY BIBEL STUDY SREEKAKULAM LIVE........
SUcpBc4EVJ4,channel,OPHIR LIVE TV(B1117)27/11/17/RKPఅవగాహన అవసరమేమిటి ?మొదటిరోజురాత్రి సందేశం SREEKAKULAM
tH7GNcJl9Mo,channel,OPHIR LIVE TV(B1116) 26/11/17SUNDAY WORSHIP LIVE......NIZAMPET GROUNDES
JAUBDHMtNUg,channel,OPHIR LIVE TV(B1114) MATHA SAMARSYA MAHASABHA KORNOOL LIVE........
FXuq8MAd_c0,channel,OPHIR LIVE TV(B1113) MATHA SAMARSYA MAHASABHA KORNOOL LIVE........
IPajftjbA5Q,channel,OPHIR LIVE TV(B1112)బీరంగూడన్యూ చర్చ్ ఓపినింగ్   BERAMGUDA NEW CHURCH
YqmXLOJs720,channel,OPHIR LIVE TV(B1111)సగం చెక్కబడిన క్రైస్తవులు !!  LIVE  NIZAMPET CHURCH GROUND
7gdsN4GUXvA,channel,OPHIR LIVE TV(B1110)19/11/2017/ SUNDAY WORSHIP LIVE  NIZAMPET CHURCH GROUND
bJdjniQNboY,channel,"OPHIR LIVE TV (B1106)TWO GREAT LIES SPREAD IN INDIA!! ,SATYA VEDA SANDESH ,KERALA"
hcFnLfWUnRA,channel,OPHIR LIVE TV (B1109)OVERCOMING THE DIFFICVLTIES OF EVANGELISM!
mfYfAZl5lfU,channel,"OPHIR LIVE TV (B1108)DR.RANJEETH OPHIR --Q&A, ON DIVINE HUMANITY OF JESUS!!"
XwQvahN3JFc,channel,OPHIR LIVE TV(B1107)  WHY ARE CHRISTIANS ARE  HATED.....? SATYA VEDA SANDESH
fRgngh2KV30,channel,"OPHIR LIVE TV(B1107)SATYA VEDA SANDESAM ,VOICE OF GOSPEL, KERALA(2nd session)"
ZOCrInIItHM,channel,"OPHIR LIVE TV(B1107)SATYA VEDA SANDESAM ,VOICE OF GOSPEL, KERALA(2nd session)"
HIcv3y4P-Ow,channel,"OPHIR LIVE TV(B1105)SATYA VEDA SANDESAM VOICE OF GOSPEL,KERALA"
y2LbDmKwqZs,channel,"OPHIR LIVE TV(B1105)GOD'S MESSENGER ANA HIS MESSAGE FOR THISGENERATION!!PASTORS CONFERENCE, CHENNAI."
2UQQ3IEflss,channel,గొప్ప భక్తులు చేస్తున్న గొప్ప తప్పు | 12-Nov-2017 | ఆదివారం ఆరాధన రెండవ సందేశం | Dr AS Ranjeet Ophir
di542jMNLxc,channel,OPHIR LIVE TV(B1103) సంక్షిప్త భూలోక చరిత్ర!!విశాఖపట్నం లైవ్
qdv3umm1mFo,channel,OPHIR LIVE TV(B1102)విరోధులను అపహసిస్తున్నయేసు  (విశాఖ పట్నం
H2lYktesGjQ,channel,10-Nov-2017 | మతోన్మాదులకు కృతజ్ఞతలు! | Part-2 | RKP అవగాహన మహాసభలు | Apo Dr A S Ranjeet Ophir
YfSuQDPqQVE,channel,10-Nov-2017 | మతోన్మాదులకు కృతజ్ఞతలు! | Part-1 | RKP అవగాహన మహాసభలు | Apo Dr A S Ranjeet Ophir
yXX8SQvJGr0,channel,OPHIR LIVE TV(B1099) క్రీస్తుసంఘ వ్యక్తిత్వo!RKP అవగాహన మహాసభలు పార్వతిపురం(నాల్గవరోజు బైబిల్ స్టడీ)
sIG9rmieDEs,channel,OPHIR LIVE TV(B1098) ఏంచేద్దాం...? మీరే చెప్పండి!! RKP అవగాహన మహాసభలు పార్వతిపురం (మూడవరోజురాత్రిసభ
WgtIufmYHug,channel,OPHIR LIVE TV(B1097) సాంగ్స్ RKP అవగాహన మహాసభలు పార్వతిపురం విజయనగరం(మూడవ రోజు రాత్రి మహా సభ
KEnPl6ILsxw,channel,OPHIR LIVE TV(B1096)పరిశుద్ధ కోపిష్ఠులు RKP అవగాహన మహాసభలు పార్వతిపురం(మూడవ రోజుబైబిల్ స్టడీ
qCYxNSA0ao4,channel,OPHIR LIVE TV(B1095)సమాజంలో చీడపురుగులు (RKP అవగాహన మహాసభలు పార్వతిపురం(రెండవరోజురాత్రి మహాసభ
r9k_bdXIOBY,channel,OPHIR LIVE TV(B1094)ఈ లోకం -క్రైస్తవులబాధ్యత!!RKP అవగాహన మహాసభలు పార్వతిపురం(రెండవరోజుబైబిల్ స్టడీ
w-DIxJJDp8s,channel,OPHIR LIVE TV(B1093) RKP అవగాహన మహాసభలు పార్వతిపురం విజయనగరం లైవ్( మొదటిరోజుమహాసభ
nUMOniMFvsY,channel,OPHIR LIVE TV(B1092)5/11/17/Sunday/సత్యాసక్తి ---అసలైన భక్తి !!
WIrUijxDRhg,channel,OPHIR LIVE TV(B1091) 500Years Reformationday Celebrations
eFkBs1uhlwQ,channel,OPHIR LIVE TV(B1090)అగాపే టివి క్లబ్ దశమ వార్షికోత్సవం
gcTVmuf7q28,channel,OPHIR LIVE TV(B1089)29/10/17 అన్యజనులమీద యేసు సంకెళ్లు!! ఆదివారం సందేశం
Q7I-69Z2jL8,channel,"OPHIR LIVE TV(B1088)28/10/17/RKP AVAGAHANA SADASSU, KURNOOL...  LIVE"
XEbE6R44PJE,channel,"OPHIR LIVE TV(B1087) Sathyam + Nyaayam = RKP(26/10/17)RKP AVAGAHANA SADASSU PAYAKARAOPET, TUNI."
A5gedfAp_tY,channel,"OPHIR LIVE TV(B1086)25/10/17/అసలైన అద్భుతాలు !2nd Day Night Meeting,Vishakapatnam."
4Ipme6MJlws,channel,25-Oct-2017 | ఈ దర్శనం పొందనివారు క్రైస్తవులేకారు!! | Bible Study Message | Apo Dr AS Ranjeet Ophir
fQtRKZ-9yAE,channel,OPHIR LIVE TV(B1084)కడప చివరి రోజు రాత్రి సందేశం
vVyL0tHPba8,channel,OPHIR LIVE TV(B1083)WHY DOESl GOD REVEAL THE FUTURE??(LONAVALA2ND DAY MOR PART2
ioX3wc9bo08,channel,"OPHIR LIVE TV(B1082) REVEALINGTHE FUTERGOD""S POLICY (2ND DAYMOR PART 1)"
nrhJ9aGiL1w,channel,24-Oct-2017 | దేవుడే గాయపరిచినా మడమ త్రిప్పని సువార్త సైనికుడు! |  Vishakapatnam | Dr Ranjeet Ophir
yyj_9jC8MMk,channel,24-Oct-2017 | సమస్తం క్రీస్తుమయం!! | BIBLE STUDY  |  DAY-1 | VIZAG | Apo Dr A S Ranjeet Ophir
M8TRW2iKZaI,channel,"OPHIR LIVE TV(B1078)22/10/17/NAVI MUMBAI, ST,AUGUSTIN SCHOOL ,SECTOR 11,LIVE."
hNm4bPFbPuk,channel,"OPHIR LIVE TV(B1078)22/10/17/NAVI MUMBAI, ST,AUGUSTIN SCHOOL ,SECTOR 11,LIVE."
KzRJqSDvgDc,channel,సంస్కరణోత్సవానికి ఆహ్వానం!!
jrbZSz4dDGY,channel,"OPHIR LIVE TV(B1079)20/10/17/LONAVALA, MUMBAI, 2ND DAY MORNING,LIVE."
44KUxS0Dw9Q,channel,"OPHIR LIVE TV(B1078)20/10/17/ THE BEAUTY OFTHEGREAT TRIBULATION LONAVALA, MUMBAI, NIGHT SESSION,"
1wAbB14nqrg,channel,18-Oct-2017 | ఆచరణలో వేదాంతం !! | పార్ట్ 2 | రాత్రి మీటింగ్ | కాజిపేట్ |  Apo  Dr A S Ranjeet Ophir
bYyMG86M7SE,channel,"OPHIR LIVE TV(B1077)20/10/17/ GOD'S GLORY MANIFEST IN THE GREAT TRIBULATION! LONAVALA, MUMBAI,"
hQaCkekNKHM,channel,"201017OPHIR LIVE TV(B1076)THE TRUTH OF THE SECOND COMING( LONAVALA, MUMBAI,"
oBX_VjFhfko,channel,18-Oct-2017 | ఆచరణలో వేదాంతం !! | పార్ట్ 1 | రాత్రి మీటింగ్ | కాజిపేట్ |  Apo  Dr A S Ranjeet Ophir
7_AzUHQAO00,channel,"అతి రహస్యం, బట్ట బయలు! | సంఘకాపరుల మరియు నాయకుల సదస్సు | కాజిపేట్ |  Apo Dr A S Ranjeet Ophir"
1DVIsI3ZbOg,channel,"17-OCT-2017 | ఇంకెన్నాళ్లు నిద్రపోదాం? | కర్మేల్ బాప్టిస్టు చర్చి, కాజిపేట | Apo Dr AS Ranjeet Ophir"
Emc3eMc_VcY,channel,OPHIR LIVE TV(B1071)అగోచరుని ప్రత్యక్షత !! కడప మీటింగ్ బైబెల్ స్టడీ
knSTg3PCnJ8,channel,OPHIR LIVE TV (B1072)తుని ఉపవాస ప్రార్థన ఉదయం మొదటి  సందేశం !
KFp8bXE31OA,channel,OPHIR LIVE TV(B1070) సంస్కరణ శంఖారావం ! ఈతరం ప్రవక్త Dr రంజిత్ ఓఫిర్ గారి  పిలుపు
ea48qhRdE_4,channel,15-Oct-2017 | భక్తుల అంతిమ విజయం!! | ఆదివారం ఆరాధన రెండవసందేశం | Apo  Dr A S Ranjeet Ophir
692sNZtt-no,channel,OPHIR LIVE TV (B1068)అగ్రహారం తునిఉపవాసప్రార్ధన సభ సందేశం
N_3tumwcy_U,channel,OPHIR LIVE TV(B1067) భీమిలి RKP అవగాహన సదస్సు సాయంత్రం సభ
OS5rq6xrTP0,channel,OPHIR LIVE TV(B 1066) భీమిలి RKP అవగాహన సదస్సు
uBaRV_zfzU8,channel,OPHIR LIVE TV(B1065)సర్వసత్యసువార్త  మహాసభలు( కడప)RKP అవగాహన సదస్సుpart2
eRbr5q9P3tw,channel,OPHIR LIVE TV(B1064)సర్వసత్యసువార్త  మహాసభలు( కడప)RKP అవగాహన సదస్సుpart1
S9fZbFaoAls,channel,OPHIR LIVE TV(B1063)ద్వేషాన్ని నరికేద్దాం!!సర్వసత్యసువార్త  మహాసభలు( కడప)మూడవరోజురాత్రిసందేశం
sQ3VlvFd4hk,channel,OPHIR LIVE TV(B1062)యుద్ధరంగంలో మనం !!సర్వసత్యసువార్త  మహాసభలు( కడప)మూడవ రోజు బైబిల్ స్టడీసందేశం
ksBbi8cG7KU,channel,భారత రత్న ను విమర్శించిన మెంటల్ రత్న!! | Sunday Service | Second Message | Apo Dr A S Ranjeet Ophir
NHTZzscXPKA,channel,OPHIR LIVE TV(B1061)మీద్వేషానికి న్యాయమైనకారణం ఉందా ?? మహాసభలు( కడప) రెండవరోజురాత్రిసభ
cS5Jz8DqsI4,channel,11-Oct-2017 | సంస్కృతం వర్ధిల్లాలి !! | కడప | మొదటి రోజు సందేశం |  Apo Dr A S Ranjeet Ophir
g-CeJOuUkrI,channel,మదర్ థెరీసా పై ద్వేషం ఎందుకు?
JSmb9AnnkgQ,channel,OPHIR LIVE TV(B1060)సర్వసత్యసువార్త  మహాసభలు( కడప)మొదటి రోజు రాత్రి సభ
uZDP4skoe9o,channel,08-Oct-2017 | ఏది గెలుపు? ఏది ఓటమి? | ఆదివారం ఆరాధన రెండవ సందేశం | Apostle Dr A S Ranjeet Ophir
dD3u-hladRg,channel,OPHIR LIVE TV(B1058)నిర్భయ క్రైస్తవం !! ఆదివారంఆరాధన మొదటిసందేశం
e5-ABSJIyXE,channel,OPHIR LIVE TV(B1057)వేదాలలోక్రీస్తు??రక్షణ టీవీ లైవ్
R40uOUZY-cw,channel,మదర్ థెరీసా పరలోకంలో ఉంటారా!
ssBCdbcXNgA,channel,OPHIR LIVE TV(B1056) RKP క్రైస్తవ జనజాగరణ సదస్సు సామర్లకోట రాత్రి సందేశం( pas రామమోహనరావు
fuZWwEHjO7g,channel,05-Oct-2017 | గుంటనక్కలు తెచ్చిన ఘోరనాశనం! | Pastors Fellowship | సామర్లకోట | Dr A S Ranjeet Ophir
ml3uNfzMZp8,channel,OPHIR LIVE TV(B1054) దళితమనువాదం RKP క్రైస్తవ జనజాగరణ సదస్సు సామర్లకోట
OK6dva-1kg0,channel,OPHIR LIVE TV(B1053)దేవుణ్ణి మార్చుదామా!?మనం మారుదామా!? RKP అవగాహనసదస్సు  మధురవాడ విశాఖపట్నం లైవ్
9Hsoov30TvU,channel,02-Oct-2017 | భక్తులలో ఏకాకి! | RKP అవగాహనసదస్సు | అనకాపల్లి |  Apo Dr A S Ranjeet Ophir
FwjzYqVYOJw,channel,OPHIR LIVE TV(B1051) RKP అవగాహనసదస్సు అనకాపల్లి PAS KPDR ప్రసాద్ (సాంగ్స్)
FQHQ3yfHm78,channel,OPHIR LIVE TV(B1050)మదర్ థెరిస్సా పరలోకంలోఉంటారా??1/10/ Sunday 2nd msg(Nizampet church ground live)
TwYctlILqN8,channel,OPHIR LIVE TV(B1051) BHIMAVARAM NIGHT MSG
ehA5plGl7hI,channel,OPHIR LIVE TV(B1048)3rd day night Kakinada Upavasa Satya Prathista Mahothavamulu
scPeUWJ9waY,channel,OPHIR LIVE TV(B1049)3rd day night Kakinada Upavasa Satya Prathista Mahothavamulu
v7G-M8QC1I4,channel,OPHIR LIVE TV(B1047) 3rd daynight songsKakinada Upavasa Satya Prathista Mahothavamulu
8YWHKipugd0,channel,డాక్టర్  రంజిత్ ఓఫీర్  గారు ఓడిపోయారా? | Sunday Service | Second Message  | Apo Dr A S Ranjeet Ophir
8iFWJia_LBY,channel,28-Sep-2017 | క్రైస్తవులకు రోగాలు రావా !? | Bible Study Message | Apo Dr A S Ranjeet Ophir
kUJ0vosWomE,channel,OPHIR LIVE TV(B1044) వేదాలలో యేసు ఎందుకు ఉంటాడు??2nd day night Kakinada
ul8VlR7_Zf4,channel,OPHIR LIVE TV(B1043) 2nd day night songs Kakinada Upavasa Satya Prathista Mahothavamulu
Lufh3sibwOA,channel,27-Sep-2017 | యేసు ప్రేమ -మన నిత్యాశ్రయ దుర్గం!! | Bible Study Message |  Apo  Dr A S Ranjeet Ophir
ymwrXwXebh8,channel,26-Sep-2017 | పరిశుద్ధులకు కావాలి ప్రాయశ్చిత్తం! | Fasting Prayer Message | Apo Dr A S Ranjeet Ophir
rPIuzJaFcIw,channel,ఉపవాస ప్రార్థనలో పరమార్థం! | Kakinada  | Fasting prayer message | Dr AS Ranjeet Ophir
-jw9k0JNTSw,channel,OPHIR LIVE TV (B1045)Sunday Message 24 September 2017_దీనులు చేస్తున్న శూరకార్యాలు!!_HD
4GwlhAniGSM,channel,OPHIR LIVE TV(B1039)24/9/17/ ఆదివారం రెండవసందేశం(దీనులు చేస్తున్న శూరకార్యాలు !!)
m3Kri9IQP2Y,channel,OPHIR LIVE TV(B1038)RKP&HDP డిబెట్ పై రంజిత్ ఓఫిర్ గారి విశ్లేషణ
gBkAPbuJF5U,channel,హైందవ క్రైస్తవం గ్రంధంపై బిగ్ డిబెట్ లైవ్ | ఆచార్య అద్దంకి రంజిత్ ఓఫీరు VS బంగారయ్య శర్మ | PART 2
c2SsOSZwAbY,channel,హైందవ క్రైస్తవం గ్రంధంపై  బిగ్  డిబెట్ లైవ్ | ఆచార్య అద్దంకి రంజిత్  ఓఫీరు VS బంగారయ్య శర్మ | PART 1
VNCuJpGSPpk,channel,OPHIR LIVE TV(B1037)రాష్ట్రీయక్రైస్తవపరిషత్అవగాహనసదస్సుభీమవరం
ynNbghD9-x4,channel,OPHIR LIVE TV (B1036)సత్యసంబంధులుధైర్యంగా ఉండండి! ( సెంట్రల్ జోన్  PF( నిజాంపేట్ చర్చ్ గ్రౌండ్ )
ecss84gH1S4,channel,OPHIR LIVE TV
NsqjeCmcgnw,channel,OPHIR LIVE TV (B1035)OMI సువార్తికురాలు SISసంధ్యామాధురి ప్రథమవర్ధంతిసభ
nBtJX-mdCz0,channel,OPHIR LIVE TV(B1034)క్రీస్తే పాఠము! 17/9/17/ఆదివారం రెండవ సందేశం
ooaV2VYVWI0,channel,OPHIR LIVE TV
1-hcs6nxr88,channel,OPHIR LIVE TV
coi9QduWad4,channel,OPHIR LIVE TV(B1033)నిష్కారణద్వేషానికి క్రైస్తవుడిజవాబు!12/9/17/రావులపాలెం రాత్రిసందేశం
tjPL5K2D1Fw,channel,12-Sep-2017 | అభిషిక్తులు కూడా లోక సంభంధులే!? | రావులపాలెం | RKP అవగాహన సదస్సు |Dr A S Ranjeet Ophir
9txmo2CvnBY,channel,OPHIR LIVE TV(B1031)ఓఫీరిజంలో అబేడ్కరిజం!!11/9/17కాకినాడ కోర్ కమిటీ మీటింగ్
M31Zj4cRfv8,channel,మట్టి నుండి దైవరూపం!! | 10-09-2017 |  Sunday Service | Second Message  | Apo Dr A S Ranjeet Ophir
M4QVb7AsKZc,channel,OPHIR LIVETV(B1029) అసలైనమగాళ్లు! 7/9/17విశాఖపట్నం పురుషులసదస్సు
fkk0sUXl9zU,channel,OPHIR LIVE TVB1028)బుసకొడుతున్న గొర్రెపిల్లలు !!7/8/9/17/విశాఖపట్నం 3rd day రాత్రిసందేశం
U9tzeiVRsJk,channel,OPHIR LIVE TVB1027)విశాఖపట్నం 3rd డే నైట్ అయ్యగారి పాటలు
jeHzSTx_R-4,channel,OPHIR LIVE TV(B1025)విశాఖపట్నంమహాసభలు రెండవరోజురాత్రి పాటలు
jCEl4Bi1SF0,channel,OPHIR LIVE TV
eKDH_W45Zxc,channel,"OPHIR LIVE TV(B1026) ChristianHedge""War""!!క్రిస్టియన్ హెడ్గే  ""వార్ ""!!విశాఖ పట్నం 2nd రాత్రిసందేశం"
J7t4jK64YWM,channel,06-Sep-2017 | ఏ స్థితిలోనైనాసైనికులమే! | విశాఖపట్నం మహాసభలు | స్త్రీల సమాజము | Dr A S Ranjeet Ophir
I-Ut2fU3iw4,channel,OPHIR LIVE TVB(B1023)(మత) స్వాతంత్య్రం నాజన్మహక్కు! 5/9/17/విశాఖపట్నం మహాసభలు మొదటి రాత్రి సందేశం
CxPaVLWmqKE,channel,OPHIR LIVE TVB1023)(మత) స్వాతంత్య్రంనాజన్మహక్కు! 5/9/17/విశాఖపట్నం మహాసభలు మొదటి రాత్రి సందేశం
pc0PKpV8SI8,channel,OPHIR LIVE TV(B1022)విశాఖపట్నంమహాసభలుమొదటిరోజుపాటలు
V-p0pmsv0VU,channel,అంతరంగ సాక్ష్యం -- విశ్వాసి లక్షణం!! | 03-Sep-2017 | Sunday Second Message | Apo Dr AS Ranjeet Ophir
7jWOe8Qex8A,channel,03-Sep-2017 | అవిశ్వాసులైన విశ్వాసులు!! | ఆదివారం మొదటి సందేశం | Apo Dr A S Ranjeet Ophir
PsMJkcu-fUY,channel,OPHIR LIVE TV(B1019)ప్రార్ధించడానికి అయోగ్యులైన భక్తులు ! 27| 8| 17| ఆదివారం 2వ సందేశం
-EaTNB6tpdY,channel,23-Aug-2017 | భక్తుని ధైర్యం వెనుక రహస్యం!! | Apo Dr A S Ranjeet Ophir
OajM7n6iJqI,channel,OPHIR LIVE TV(1017)16వ వార్షికోత్సవమ్ విజయవాడ  pasచక్రవర్తిసాక్ష్యం
Oq1FHEL9s7I,channel,"OPHIR LIVE TVB1016) విమానాలు,పిరంగులు,భారతీయులసృష్టియేనా ??డోన్ మండలపాస్టర్స్ మీటింగ్ సాయంత్ర సందేశం"
9RFbLIBfOrU,channel,22-Aug-2017 |మనము చూడవలసిన సంగతి !! | డోన్ సంఘకాపరుల సదస్సు | Apo Dr A S Ranjeet Ophir
6gcxzCgr9qk,channel,OPHIR LIVE TV(B1014)ఓఫిర్ సాహిత్యం --పరిచయ వాక్కులు ! /22/8/17/డోన్ సంఘకాపరులసదస్సు
Nyrslza4oBk,channel,జీవితాలను మార్చే జీవాధిపతి!! | 20-Aug-2017 | ఆదివారం ఆరాధన రెండవ సందేశం |  Dr AS Ranjeet Ophir
RhvXIlXt_t4,channel,భక్తులకైనా తప్పని స్నానం!! | 20-Aug_2017 | ఆదివారం మొదటి సందేశం |  Apo Dr A S Ranjeet Ophir
IkcOGbGilqc,channel,"OPHIR LIVE TV(B1011) సంపూర్ణ సంస్కరణవాదమే, ఓఫిరిజం--ఓఫిరిస్ట్"
wwBT3HR0BvM,channel,OPHIR LIVE TV(B1010)RKP ఆధ్వర్యంలో వీరసైనికులకుసన్మానం
ErmAbdOydWI,channel,OPHIR LIVE TV(B1009) 71వ స్వాతంత్రదినోత్సవమువేడుక బహుళజననాయకుడు DRఓఫీర్అద్డంకి సందేశం
XOgUo8CGSFw,channel,వాక్యజ్ఞానం వ్యర్థమవుతున్నదెందుకు? | Sunday Service | Second Message | Apo Dr AS Ranjeet Ophir
goR1vZOjilo,channel,"భక్తి నేర్చు కుందాం , రండి! | 13-Aug_2017 | ఆదివారం రెండవ ప్రసంగానికి ముందుమాట | Dr AS Ranjeet Ophir"
K9U_o2dfgJ8,channel,06-Aug-2017 | అసలైన రాజులు !! | ఆదివారం రెండవ సందేశం | Apo Dr A S Ranjeet Ophir
yQZgP2e3BDE,channel,OPHIR LIVE TV(B1005)6/8/17/సెంట్రల్ చర్చ్ అగాపే టివి క్లబ్ ప్రమోషనల్ మీటింగ్
XuTWlCOOJSM,channel,OPHIR LIVE TV(B1004) 6/8/17/కృతజ్ఞతాస్తుతి కూటం(అమెరికా TO ఇండియా )
o7o0XhweWz4,channel,OPHIR LIVE TV(B1003)/6/8/171/SUNDAY/నీతి మంతుల సభలో నిలిచే ధన్యులు !!
8K-XoFsru68,channel,OPHIR LIVE TV(B1004)6/8/17/
V38RPQIMpN4,channel,"OPHIR LIVE TV (B1002/అగ్ని పశువు ,వాయు పశువు , సూర్యపశువు జరిగించిన ప్రజాపతి యజ్ఞము !!"
ognv4yM4nzk,channel,OPHIR LIVE TV B1001/ఈ భూమి మీద ఒకే భాష-- ఒకే జంట !?
ujHB2dVTJE4,channel,"బైబిల్ ప్రదేశాలు సువార్తకు నిరూపణలా! | సర్వ సత్య మహాసభలు,బాడంగి | Apo Dr A S Ranjeet Ophir"
GS9ZjXHrZvs,channel,A1000/ బాడంగి 2nd day బైబిల్ స్టడీ
7qVIlyrwBtI,channel,A0998/ఓఫీరుగారు ఇతర సేవకులను విమర్శించారా ?!
GT1N8F7LWF8,channel,A0997/చెప్పులపై యేసు బోమ్మ గొడవ ---మనకెందుకు ??!
DScBugDxN3s,channel,సువార్తవిరోధుల దుమ్ముదులిపిన రంజిత్ఓఫిర్!! |
-XtyKhRxCs8,channel,OPHIR LIVE TV/A0994/ఈతరం పౌల్ పుట్టినరోజుసందర్భముగారక్తదానంచేస్తున్నఆత్మీయబిడ్డలు !!
W15dx3LqzAk,channel,OPHIR LIVE TV(A 0993/2/7/17/ఈతరం ప్రవక్త పుట్టిన రోజున ఆత్మీయ బిడ్డల ఆనంద కేళి !!
vIwApM0c4wg,channel,శ్రీ పరిపూర్ణానంద స్వామితో ఏకీభవీస్తున్న ఆచార్య అద్దంకి రంజిత్  ఓఫీరు గారు ?!
OUbzsZ6qlOo,channel,OPHIR LIVE TV(A0992/18/6/17/ SUNDAY LIVE FORM USA
HF2hjDta8co,channel,OPHIR LIVE TV(A0979/18/6/17/PAS.JONATHAN NAIK SON JEREMIAH BIRTHDAY FROM USA
VnlIbvLCWAk,channel,16-Jun-2017 | ఆటంకాలు తొలగించే మార్గం | Paaderu | Church Anniversary | Apo Dr A S Ranjeet Ophir
aF3wxRxIwK4,channel,OPHIR LIVE 0989/అరట్ల కట్ట మీటింగ్ రాత్రి సందేశం
qge0_xWOnig,channel,OPHIR LIVE TV /0988/BLABHADRAPURAM/1st day BIBEL STUDY
gIHp6Xprasg,channel,OPHIR LIVE TV /0987/balabhdra puram/2nd day bibel study
QaiNXjRj1zM,channel,OPHIR LIVE TV/0986/PADERU MEETING MSG
DVQhYuVopX8,channel,OPHIR LIVE TV(A0980/2012/ophir ministries launching function USA
0z1f4KVcX0c,channel,"0985/20-05-2013, By Dr.A.S. Ranjeet Ophir garu."
xdCgTRdmdBA,channel,"0984/11-January-2013, By Dr.A.S. Ranjeet Ophir garu."
JltalRIw0w8,channel,"/0983/05-January-2013,By Dr.A.S. Ranjeet Ophir garu."
6eCzHVnyn9g,channel,OPHIR LIVE TV(A0982/2007/VIJAYANAGARAM/2012_12 YUGANTHAMAA? 2ND DAY
UbeaEDTsvNs,channel,OPHIR LIVE TV(A0981/2007/vijayanagaram 2012_12 YUGANTHAMAA?
GRfTPQWeWz8,channel,OPHIR LIVE TV(A0980/2007/RKP ఆధ్వర్యంలో కాకినాడలో జరిగిన స్వాతంత్ర దినోత్సవ వేడుక
9VVWRmm7PFo,channel,OPHIR LIVE TV(A0979/2007/ఏలూరు సర్వసత్య మహాసభలు చివరి రోజు రాత్రి సందేశం
Zvtl3J375eE,channel,OPHIR LIVE TV(A0978)30/5/17/సామర్లకోటమీటింగ్ బైబిల్ స్టడీ
D3DE8KoOb_Q,channel,OPHIR LIVE TV(A0977/28/5/17/నిజాంపేట్  ఆదివారం ఆరాధన రెండవ సందేశం
h1rv-ZOHeMQ,channel,OPHIR LIVE TV(A0976/27/5/17/కల్వరి లైవ్ ఫోన్ ఇన్ ప్రోగ్రాం
qKCLhDIx9ng,channel,OPHIR LIVE TV(A0975/18/5/17/హిందూధర్మాచార్యప్రతిష్ఠాన్ పీఠాధిపతులతోRKPజాతీయఅధ్యక్షులురంజిత్ఓఫీర్!
RdbnnDWKA7Q,channel,OPHIR LIVE TV(A0974/22/5/17/పురుషసూక్తంలోబైబిల్ సూక్తం   బాడంగిసర్వసత్యమహాసభలు మొదటిరోజుసందేశం
lLck1Axnxww,channel,OPHIR LIVE TV(A0973/21/5/17/నిజాంపేట్ చర్చ్ఆదివారంరెండవ సందేశం
7hmA6gZ2P_4,channel,OPHIR LIVE TV(A0972/20/5/17/కొంపల్లి మహాసభ సందేశం
OakBLNI3lA4,channel,OPHIR LIVE TV(A0971/20/5/17కల్వరి లైవ్ ఫోన్ ఇన్ ప్రోగ్రాం పార్ట్ 2
ncx8ABX5uf8,channel,OPHIR LIVE TV(A0970/20/5/17/కల్వరి లైవ్ ఫోన్ ఇన్ ప్రోగ్రాం పార్ట్ 1
mA8k571Usdg,channel,OPHIR LIVE TV(A0969/18/5/17/రాష్ట్రీయక్రైస్తవపరిషత్ ఆధ్వర్యంలో సకలమైనార్టీవర్గాలసమైక్యసమావేశం
hsfQPJdw7WU,channel,OPHIR LIVE TV(A0968/17/5/2017/KANAGALA SARVASATYA MAHASABHA
z1q-MVvFchA,channel,OPHIR LIVE TV(A0967/16/5/17/గురువుల పరువు పోతుంది---బైబిల్ నెరవేరుతోంది ??ఏన్కూర్ రాత్రి సందేశం
ZD-W_SBtbwg,channel,OPHIR LIVE TV(A0966/16/5/17/వంకర భోధలకు స్వస్తి పలకండి !!ఏన్కూర్ బైబెల్ స్టడీ
PtgSjjX0rWg,channel,OPHIR LIVE TV(A0965/15/5/17/క్రైస్తవులకు తెలియని యేసుబోధ !!సత్తుపల్లి రాత్రి సందేశం
u7XNTZRH4DE,channel,OPHIR LIVE TVA964/15/5/17/రాజకీయం --భక్తికి ఆటంకమా ?? సత్తుపల్లి బైబిల్ స్టడీ
u6xNB1KjMng,channel,OPHIR LIVE TV(A0963/14/5/17సత్య స్తంభానికే  స్తంభాలు !!నిజాంపేట్ చర్చ్ ఆదివారం సందేశం
Y2P57ygOsPM,channel,OPHIR LIVE TV(A0962/13/5/17CALVARY LIVE PHONE IN PROGREM
JXlZ8cGjqW4,channel,OPHIR LIVE TV(A0961/10/5/17/మత విద్వేషానికి అసలైన మందు !!) కనగాల మీటింగ్ బైబిల్ స్టడీ
u5SmHeQTALU,channel,OPHIR LIVE TV(
7huHGoiJGeM,channel,OPHIR LIVE TV(A0960/9/5/17/దయాసాగరన్న21 వ వివాహ వార్షికోత్సవ సభ విజయవాడ
Fu-ezsma5e0,channel,OPHIR LIVE TV(A0959/9/5/17/క్రైస్తవులకు వ్రత దినాలా ?!)విజయవాడ  దయాసాగరన్న చర్చ్
1NoIBPwoGBI,channel,OPHIR LIVE TV(A0958/ 7/5/17/NIZAMPET VBS THANKS GIVINGB PRAYER
FUKlAHEmDtw,channel,OPHIR LIVE TV(A0957/7/4/17/ఆదివారం నిజాం పేట చర్చ్ 2NDసందేశం
UVReKkkkZqM,channel,OPHIR LIVE TV(A0956/6/5/17/సత్య సంస్థాపన ఫోన్ ni ప్రోగ్రాం పార్ట్ 2
Qp7vr-r5SyU,channel,OPHIR LIVE TV(A0955/6/5/17/సత్య సంస్థాపన ఫోన్ ni ప్రోగ్రాం పార్ట్ 1
KJOM-BGlLyk,channel,OPHIR LIVE TV(A0954/5/5/17/చోడవరం 3rd డే నైట్ సందేశం
ydae1W9-BAw,channel,OPHIR LIVE TV(A0953/5/5/17/చోడవరం 3rd డే బైబిల్ స్టడీ
AY6omD7m5ek,channel,"OPHIR LIVE TV(A0952/(క్రైస్తవులపైద్వేషం--కారణం,పరిష్కారము !)4/5/2017చోడవరం2 డేరాత్రిసందేశం"
ySF5-5aaZzc,channel,OPHIR LIVE TV(A0951/4/5/2017/క్రైస్తవులుచేస్తున్నఅతిఘోరపాపం !!)చోడవరం 2ND డే బైబిల్ స్టడీ
2N8T1Ztd2dc,channel,OPHIR LIVE TV(A0950/3/5/2017/క్రీస్తుపట్ల ద్వేషానికి అసలు కారణం!! (చోడవరం మొదటి రోజురాత్రి  సందేశం
k1EiWYpcqHQ,channel,OPHIR LIVE TV(A0949/3/4/2017/నకిరేకల్ మీటింగ్స్ సేవకుల అభిషేకం
irPyHhK9baY,channel,OPHIR LIVE TV(A0948/3/5/2017/భక్తుని దాహం (చోడవరం మొదటి రోజు బైబిల్ స్టడీ సందేశం
JKoVccDgkK4,channel,OPHIR LIVE TV(A0947/3/5/2017/చోడవరం 1dayబైబిల్ స్టడీ సాంగ్స్
tHyDOMHbG08,channel,OPHIR LIVE TV(A0946/1/5/2017/WARANGAL NIT స్టూడెంట్స్ 2nd సెమినార్
vF2G16T5vYg,channel,OPHIR LIVE TV(A0945/1/5/2017/WARANGAL NIT స్టూడెంట్స్ సెమినార్
dVyW6MHMaYE,channel,OPHIR LIVE TV(A0944/30/4/2017/ఆదివారం నిజాం పేట చర్చ్ 2ND మెస్సేజ్
aZTkYfkbTrs,channel,OPHIR LIVE TV(AO943/ 30/4/2017/ఆదివారం నిజాంపేట్ చర్చ్ మొదటి సందేశం
5c5nEChPyrU,channel,OPHIR LIVE TV(A0942/29/4/17 ACE VBS వాలెంటీర్స్ బహుమతి ప్రధానం
I9ckHyHCcEs,channel,OPHIR LIVE TV(AO941/29/4/17/ACE/VBS స్టూడెంట్స్ డాన్స్ ప్రోగ్రామ్స్
dtPxm8PTnj8,channel,OPHIR LIVE TV(A0940/294/2017/ACE/VBS స్టూడెంట్స్ డాన్స్ ప్రోగ్రామ్స్
xDK6gVyP7pE,channel,OPHIR LIVE TV(A0939/28/4/17/ACE/VBS/స్టూడెంట్స్ డాన్స్ ప్రోగ్రామ్స్
VcUTwDliyvI,channel,OPHIR LIVE TV(A0938/28/4/17/ACE/VBS/స్టూడెంట్స్ ప్రోగ్రామ్స్
NSq-mYeRFDM,channel,OPHIR LIVE TV(A0937/27/4/17/VBS/HYD
x_-eH_-Lkqg,channel,OPHIR LIVE TV(A0936/27/4/17/VBS/HYD
dp0IhyhUknY,channel,OPHIR LIVE TV(A0935/26/4/17/VBS/HYD
CPWQFev2agU,channel,OPHIR LIVE TV(A0934/26/4/17/VBS/HYD
-PghhvruiaA,channel,OPHIR LIVE TV(A0933/25/4/17/VBS/HYD
TvLmHGHahsI,channel,OPHIR LIVE TV(A0922/25/4/17/VBS/HYD
3C3IWis5nfo,channel,OPHIR LIVE TV(
mLaeDlRciaw,channel,OPHIR LIVE TV(
_T0i_I5-3UA,channel,OPHIR LIVE TV(
FdoEV9MBf9s,channel,OPHIR LIVE TV(
XroZVpuLpAU,channel,OPHIR LIVE TV(
T68WL1p2Dr4,channel,OPHIR LIVE TV(
CFdFmbXrHrA,channel,eluru 1st day night   18 April 2017   09 26 48 PM
rn_m5Wl8BDM,channel,eluru 2nd day live   19 April 2017   09 03 50 PM
NWQNPH6vza4,channel,OPHIR LIVE TV(మతప్రచారంలోఉన్నన్యాయం !)22/4/2017 బాలాపూర్ మొదటి రోజు  మహా సభ
BkyUEbiU3JU,channel,OPHIR LIVE TV(
92nnSrTKvls,channel,OPHIR LIVE TV(ఏలూరు సర్వసత్య మహాసభలు 20/4/2017రాత్రి సందేశం
DPsgrnS7jxc,channel,OPHIR LIVE TV(
qXKkb8qieAs,channel,OPHIR LIVE TV(
CSueaWjQbwU,channel,OPHIR LIVE TV( ఏలూరు సర్వసత్య మహాసభలు బైబిల్ స్టడీ పార్ట్2
DYdT_rCB644,channel,OPHIR LIVE TV(సర్వసత్య మహాసభ లు ఏలూరు బైబిల్ స్టడీ పార్ట్ 1
7GDwuRGzteM,channel,OPHIR LIVE TV(
VLtaOIK5-9A,channel,OPHIR LIVE TV(
n0QkRYPtBec,channel,OPHIR LIVE TV(ఏలూరు సేవకుల సదస్సు 18/4/2017
tpwdFyN6pJk,channel,OPHIR LIVE TV(ఈస్టర్ ఆరాధన (వరంగల్ )సందేశం 16/4/2017
ntzrSZMU0p0,channel,OPHIR LIVE TV(ఈస్టర్ సండే ఆరాధన సందేశం 16/4/2017
DgVj1fBbucY,channel,OPHIR LIVE TV( ఈస్టర్ సండే  సూర్యోదయ ఆరాధన సందేశం 16/4/2017
CChe2LeMO64,channel,OPHIR LIVE TV(సత్య సంస్థాపన 15/04/2017 కల్వరి టీవీ లైవ్ ఫోన్ ఇన్ ప్రోగ్రారం
xjcg3WFhWMw,channel,OPHIR LIVE TV(GUIDELINES FOR CHILD EVANGELISTS)
xhqDx9kV5hE,channel,"OPHIR LIVE TV(దళిత సంఘాలకు దిశా దశ నిర్దేశించిన బహుజన నాయకుడు అపర"" కాన్సీరాం "" అద్దంకి రంజిత్ ఓఫిర్"
340HJ-7d1_M,channel,OPHIR LIVE TV(గుడ్ ఫ్రైడే శుభసందేశ్ !!)
LkL-ftfeUZQ,channel,14-Apr-2017 | సిలువశ్రమను -- యేసు తప్పించుకోలేక పోయాడా ! | గుడ్ ఫ్రైడే సందేశం | Dr A S Ranjeet Ophir
scMwW12LQpw,channel,"OPHIR LIVE TV(""ఇందుకు మేము సాక్షులం "")12/4/17మూడవరోజు రాత్రి సందేశం"
Qta2qMeIiDw,channel,"OPHIR LIVE TV(""మనసాత్వికంమనుషులముందు --పశువులముందుకాదు ""!!)కొత్తగూడెం"
bHXiFW0cudE,channel,OPHIR LIVE TV(కొత్తగూడెం రాష్ట్రీయ క్రైస్తవ పరిషత్ ప్రెస్ మీట్ )
KBuFeclIxD0,channel,OPHIR LIVE TV(మేధావులుచేస్తున్న వెర్రివాదన !!)11/4/17రెండవ రాత్రి సందేశం
F5RR4eIwEfM,channel,OPHIR LIVE TV(శక్తి వంతమైన మైనారిటి !!)11/4/17కొత్తగూడెం జన జాగరణ సదస్సు
3-1_hM-4zHU,channel,OPHIR LIVE TV(రండి కోప్పడదాం !!10/4/2017కొత్తగూడెం మొదటి రాత్రి సందేశం
6jMWWHqBGgo,channel,OPHIR LIVE TV(09/04/2017 sunday ప్రాచీన వేదాలలో నిన్న మొన్నటి యేసు ఎలా ఉంటాడు?
SvXtwSlEanE,channel,OPHIR LIVE TV(vbs  hemaraju sakyam
PbTNgigGQjc,channel,OPHIR LIVE TV(
hw88c5BdOkY,channel,OPHIR LIVE TV(రాష్ట్రీయ క్రైస్తవ పరిషత్ ఆద్వర్యంలో  రక్తదానశిబిరం
ShCRhnCMRAg,channel,OPHIR LIVETV(మినిస్ట్రీస్ నాయకులకు దిశా దశ నిర్దేశించిన అధినేత రంజిత్ ఓఫిర్ గారు
oBLrmt-Zgao,channel,OPHIR LIVE TV((కృతజ్ణతా స్తుతి మహోత్సవములుమూడోవ  వ రోజు రాత్రి మహాసభ నూతన గ్రంధాల ఆవిస్కరణ
_BZW-Okkpno,channel,OPHIR LIVE TV( ఓ హిందూ మేలుకో  పాతూరి రాధా కృషారావు గారి ఆశీర్వచనములు
_XjkaPGVjc0,channel,OPHIR LIVE TV(ఓఫిర్ అయ్యగారి 58వ జన్మ దిన వేడుక పార్ట్ 2
zo1AxO5jGOM,channel,OPHIR LIVE TV(కృతజ్ణతా స్తుతి మహోత్సవములు రెండొవ రోజు రాత్రి మహాసభ
KLqnDJexZbk,channel,OPHIR LIVE TV(రాష్ట్రీయ క్రైస్తవ పరిషత్ అవగాహన సదస్సు 4/4/2017)
GuC048MZbtQ,channel,OPHIR LIVE TV(కృతజ్ఞత స్తుతి కూటము మొదటి రోజు సాయంత్ర సభ
PQVmprBaggo,channel,OPHIR LIVE TV(సేవకులు సదస్సు నాయకుల రిపోర్ట్స్
bXcmvGbmmZE,channel,OPHIR LIVE TV(సేవకులసదస్సు లో పాటలు
HeeYujWpaZM,channel,OPHIR LIVE TV(2/4/2017/ఆదివారం రెండొవ సందేశం
9Bg45kwrJGs,channel,OPHIR LIVE TV(2/4/2017  సండే మొదటి సందేశం
rEOhT55XMh0,channel,OPHIR LIVE TV(సత్య సంస్థాపన 1/04/2017 కల్వరి టీవీ లైవ్ ఫోన్ ఇన్ ప్రోగ్రారం
jl0G2gyAlgI,channel,OPHIR LIVE TV(దేవ దర్శన దినోత్సవము నకు ఆత్మీయ తండ్రి పిలుపు )
dF1hrFu3KwA,channel,OPHIR LIVE TV(27/4/2017 ఆదివారం సందేశం )
7maZ_dGzIIw,channel,OPHIR LIVE TV(
VOGhdmhhmKg,channel,OPHIR LIVE TV(
vuNmUPHRhsE,channel,OPHIR LIVE TV(పాస్టర్ వేల్పుల సత్యనారాయణ గారి రిటర్మెంట్ ఫంక్షన్ విశాఖపట్నం
qFSqwz5UGx4,channel,OPHIR LIVE TV(ఆంధ్ర ప్రదేశ్ రాష్ట్ర అధికార ప్రతినిధుల సమావేశం విశాఖ పట్నం )
Hw3VvOlXBaM,channel,OPHIR LIVE TV(BELLAM VARI PALLI అగాపే ఫుల్ గాస్పెల్ చర్చి ఓపినింగ్ )
bO2vIFdOjMw,channel,OPHIR LIVE TV(
n9DUP4wugoY,channel,OPHIR LIVE TV(
WfPxJQUzKoc,channel,BHARATH TODAY CHANNEL PILUPUKU RANJITH OPHIR SAMADHANAM
nHte_BKvUlM,channel,19-Mar-2017 | ఇదిగో మనకు మాదిరి - మరో సిలువ ధారి!I | Sunday Second Message | Apo Dr AS Ranjeet Ophir
elpqjdAacG8,channel,"Anirvachaniya kraisthavam, అనిర్వచనీయ  క్రైస్తవం. sunday serviec at malkajgiri, on 19 mar 2017."
54aPQIhcK3k,channel,OPHIR LIVE TV((సత్య సంస్థాపన 18/03/2017 కల్వరి టీవీ లైవ్ ఫోన్ ఇన్ ప్రోగ్రారం
jmOPCoC_NM8,channel,OPHIR LIVE TV(రానున్న స్వర్ణ యుగానికి సూచనలు !!)నకిరేకల్ 16th night sandesam
ETdxciKlVgM,channel,OPHIR LIVE TV(సర్వ సత్యమును గూర్చిన సర్వ సత్యం !!)నకిరేకల్ 3rd డే బైబిల్ తరగతి
NjvkbAfryKQ,channel,OPHIR LIVE TV(వేదాలలో ఆదరణ కర్త !!)నకిరేకల్ 2nd నైట్ సందేశం
0Obo0GHOcpo,channel,"OPHIR LIVE TV(రక్షకునిపై రాళ్లు రువ్వుతున్నా"" విశ్వాసులు ""!!)నకిరేకల్ 2nd డే బైబెల్ తరగతి"
WggEyhHCehY,channel,OPHIR LIVE TV(సర్వ సత్యం __మొదటి మెట్టు !!)నకరికల్లు సర్వ సత్య మహా సభలు మొదటి రాత్రి సందేశం
Y76dkVXXeME,channel,OPHIR LIVE TV(బలశూరులు నెర నెరవేరుస్తున్న దైవ చిత్తం !!)
fvr3R92WFM4,channel,12-Mar-2017 | మన పిలుపు __మన అంతిమ లక్ష్యం ! | ఆదివారం రెండవ  సందేశం |  Apo Dr A S Ranjeet Ophir
sIWXYku2sYs,channel,OPHIR LIVE TV(
nPu-wZc2uwM,channel,OPHIR LIVE TV(సత్య సంస్థాపన 11/03/2017 కల్వరి టీవీ లైవ్ ఫోన్ ఇన్ ప్రోగ్రారం
gHtveR-Qe0o,channel,OPHIR LIVE TV(GOA MEETINGS 2ND DAY NIGHT MSG
OxPUY6Dx_c0,channel,OPHIR LIVE TV(प्राधान्य शखिकी राज !! ప్రార్ధనలో శక్తి రహస్యం !!గోవా మీటింగ్స్ 2nd డే బైబిల్  స్టడీ
la1WibINsho,channel,OPHIR LIVE TV(GOA MEETINGS उद्दार कापी नाहीही !!) రక్షణ పొందడం సరిపోదు 1st డే  నైట్
2WP7nuoW-Do,channel,OPHIR LIVE TV(
phcjoh5BP0s,channel,OPHIR LIVE TV(IPC CENTRAL CHURCH WARNGAL 75వ  వార్షికోత్సవం ఓఫిర్ అయ్యగారి ప్రసంగం
vjhDjC2RlbU,channel,05-Mar-2017 | కృప చూపుటలో అసమానత ?! | ఆదివారం 2వ సందేశం |  Apo  Dr A S Ranjeet Ophir
sXZaYfjVBV0,channel,05-Mar-2017 | పాప క్షమాపణ నేపథ్యం ?! | సండే మొదటి సందేశం |  Apo  Dr A S Ranjeet Ophir
EEKYjZwBXzA,channel,OPHIR LIVE TV((సత్య సంస్థాపన 04/03/2017 కల్వరి టీవీ లైవ్ ఫోన్ ఇన్ ప్రోగ్రారం
AXc-Dg27D4k,channel,OPHIR LIVE TV(రాష్ట్రీయ క్రైస్తవ పరిషత్ ఆధ్వర్యములో తుని లో జరిగిన నిరసన ర్యాలీ )
48s1jdbMJ2c,channel,OPHIR LIVE TV(భీమసేనుని నుండి భీంరావ్ వరకు !!) RKP తుని మీటింగ్
r8CJb--F5JQ,channel,OPHIR LIVE TV(26th FEB ఆదివారం 2NDMESSESG
G2_A7VjytdI,channel,OPHIR LIVE TV(26thfeb   సండే నిజాం పేట్ చర్చ్ మొదటి సందేశం)
xaLVA4w38o0,channel,25-Feb-2017 | యుద్ధ శూరులే వధువు సంఘం! | Gospel Meeting | Apostle Dr AS Ranjeet Ophir
_23uzps69kU,channel,OPHIR LIVE TV(సత్య సంస్థాపన 25/2/2017 కల్వరి టీవీ లైవ్ ఫోన్ ఇన్ ప్రోగ్రారం
D9A4zorrdRY,channel,25-Feb-2017 | మన కాలాన్ని బట్టి దిద్దుకుందాం! | Bible Study Message | Apostle Dr AS Ranjeet Ophir
nXrZROnhlIc,channel,23-Feb-2017 | రాకడ సమయములో బలవంతులు! | Gospel Meeting | Apostle Dr A S Ranjeet Ophir
SFAgA9pVpak,channel,తోడేళ్లకు దడ పుట్టిస్తున్న గొర్రెలు !! | RKP మీటింగ్ | నర్సీపట్నం |  Part-1 | Dr A S Ranjeet Ophir
iwRzLKWWmHo,channel,22-Feb-2017 | మత మార్పిడిలు అనివార్యం !! | నర్సీపట్నం | Gospel Meeting | Apo Dr A S Ranjeet Ophir
7bnrTvRTRkU,channel,OPHIR LIVE TV(బలవంతులునెరవేర్చుతున్నదేవుని చిత్తం!!)1st డే నైట్ సందేశం
XjJ5R7Letig,channel,యేసు ప్రేమికుల లక్షణాలు!! | నర్సీపట్నం | 1st Day Bible Study | Apo Dr A S Ranjeet Ophir
5UBNOZRzPlc,channel,OPHIR LIVE TV(Mathamarpidile mahonnatha  nyayam !!)19-02-2017 sunday second message
bFFpfxFuJIY,channel,OPHIR LIVE TV(19/02/2017 1st message nizampet church
i66mkVsbkR4,channel,OPHIR LIVE TV(Malkajgiri Church 1st message
Fqqnn1woPgo,channel,18-Feb-2017 | సువార్త త్రెంచిన 3 బంధకాలు! | G Mamidada 17th Bible Study | Apo Dr A S Ranjeet Ophir
gnrJrpojgSA,channel,OPHIR LIVE TV(సత్య సంస్థాపన 18/2/2017 కల్వరి టీవీ లైవ్ ఫోన్ ఇన్ ప్రోగ్రారం
pv0df1cnfdc,channel,OPHIR LIVE TV(ధర్మ ప్రచారకుల అధర్మ ప్రచారం !!)G మామిడాడ 17th night sandesam
3iaZgJZxO7Y,channel,OPHIR LIVE TV(
t9bYPVw42AY,channel,OPHIR LIVE TV(నిన్నమొన్నయేసుమనకెందుకు !!)Gmamidada 15th
LJmElNcVvLY,channel,OPHIR LIVE TV(సువార్తవలనయుద్ధసన్నద్దత !!)G .mamidada 15th morning bible study
5yYajWUHkPE,channel,OPHIR LIVE TV( అన్వేషణలో యధార్ధత !!) G .mamidada 1st day night meeting
D9VngH2RMjM,channel,OPHIR LIVE TV(సువార్తాశీర్వాదం !!) G.mamidada meetings1st day bible study
Mp37zuPvL-Q,channel,OPHIR LIVE TV( 12/2/1017 sunday సందేశం
y1R1rSEJMOo,channel,OPHIR LIVE TV(
hQFJ7zY4qck,channel,OPHIR LIVE TV(సత్య సంస్థాపన 11/2/2017 కల్వరి టీవీ లైవ్ ఫోన్ ఇన్ ప్రోగ్రారం
wQwswGY1CPA,channel,OPHIR LIVE TV( రాష్ట్రీయక్రైస్తవపరిషత్ జనజాగరణ సదస్సు కాకినాడ )
yG1fHWvE4A4,channel,OPHIR LIVE TV( మతంమార్పిడులున్యాయమా ???) Matham marpidulu nyayamaa???
MSPJ35uH8co,channel,OPHIR LIVE TV(
cbGQYq8JW3Q,channel,యేసును నమ్మవలసిన విధానం!! | Sunday Service Second Message | Dr AS Ranjeet Ophir
NB89ZxGDB_I,channel,OPHIR LIVE TV( మనఇద్దరు అంగరక్షకులు !!)Manaeddaru Angarakshakulu!!)sunday 2nd msg
09nmRENJ3N0,channel,OPHIR LIVE TV(
i5R9ksJdhnU,channel,OPHIR LIVE TV(
q4HDYlDkXrA,channel,OPHIR LIVE TV((సత్య సంస్థాపన 4/2/2017 కల్వరి టీవీ లైవ్ ఫోన్ ఇన్ ప్రోగ్రారం
M9PUhvqaAiw,channel,OPHIR LIVE TV(క్రైస్తవుల హక్కుల అణిచివేతకు అసలు మూలం !!)ACTC కళాశాల హైదరాబాద్
m9Auy64VwGc,channel,OPHIR LIVE TV(68వ గణతంత్రదినోత్సవ సందర్భంగా రాష్ట్రీయక్రైస్తవపరిషత్ ఆధ్వర్యంలో జెండావందనం
gxvNzTPPA7o,channel,OPHIR LIVE TV( ఉద్యమిస్తున్న భారతీయక్రైస్తవులు!!)Udyamesthunna Bharathiya kristavulu!!
np_uPQxWnxk,channel,OPHIR LIVE TV( ధర్మ సంస్థాప నార్ధాయ ...... )Dhrama Smsthapanardhaya ....
wyW7u4BS2DE,channel,OPHIR LIVE TV(RKP MEETING KAKINADA PART 2
rZPIr2bAF10,channel,OPHIR LIVE TV(part2)
i0lauz4E8n4,channel,OPHIR LIVE TV(Zahirabad Pas Markbabu Church)
VHfQ-O77p2s,channel,OPHIR LIVE TV( పరిపూర్ణస్వేచ్చకురాజమార్గం)29th jan sunday msg
LWXwqMWzDBs,channel,OPHIR LIVE TV(
-iVpYAJxpN4,channel,OPHIR LIVE TV(
Qk7aqSsiuxY,channel,OPHIR LIVE TV(
LQ_Wr3BoG5c,channel,OPHIR LIVE TV(
OOyDaWbav2I,channel,OPHIR LIVE TV( Calvary Live-In Program)
wW2jCaho6ME,channel,OPHIR LIVE TV(రామచంద్ర పురం క్రిస్మస్ వేడుక )పార్ట్ 2
QMDshLO-_q4,channel,OPHIR LIVE TV( రామచంద్ర పురం క్రిస్మస్ వేడుక )పార్ట్ 1
kI_vWZZ_7jY,channel,OPHIR LIVE TV(కడిలా బావితండ క్రిస్మస్ పండుగ రాచకొండ )
eTyFI7VazYI,channel,OPHIR LIVE TV(యవ్వనస్థుల సదస్సు 2వ సందేశం )
Oait0hKfOJE,channel,OPHIR LIVE TV(యౌవ్వనస్థుల సదస్సు  సందేశం)
Ce-qbxT40Zc,channel,OPHIR LIVE TV(68వ గణతంత్రదినోత్సవ సందర్భంగా రాష్ట్రీయక్రైస్తవపరిషత్ ఆధ్వర్యంలో జెండావందనం
n0wXxrK7YPA,channel,OPHIR LIVE TV( మతోన్మాదాన్ని తరిమి కొట్టండి !!)సిమెంట్ నగర్ 3day నైట్ సందేశం
MlBog4VEPPo,channel,OPHIR LIVE TV( సిమెంట్ నగర్  బైబెల్ స్టడీ
FblyAoELiiE,channel,OPHIR LIVE TV(మతోన్మాదులరా ఖబడ్ధార్‌!!)
a1sGMjJK0fA,channel,గురికలిగి బ్రతుకుదాం!! | Bible Study | Apo Dr A S Ranjeet Ophir
RQ4kLhXbUdo,channel,OPHIR LIVE TV(యేసుచేసిన మొదటిప్రసంగం!!)YesuchesinaModatiprasangam !! సిమ్మెంట్ నగర్ 1st day
hDqGY22YwwQ,channel,OPHIR LIVE TV
s9UaHOS7oTw,channel,OPHIR LIVE TV(ఆదివారం సందేశం
zWu0zojQuI4,channel,Bhakthi Yendhuku Vyardham ?? sunday msg on 22-01-2017at Malkajgiri.
pFG2cf4yJ7k,channel,OPHIR LIVE TV((సత్య సంస్థాపన4/2/17 కల్వరి టీవి లైవ్ ఫోన్ ఇన్ ప్రోగ్రారం
0AjCyCutHvw,channel,సత్యవేదసారం_12 JANUARY 2017
FxwRrPexAGs,channel,సత్యవేదసారం_29 DECEMBER 2017
wlmuG-ae9TI,channel,సత్యవేదసారం_05 JANUARY 2017
uh90FSSw3PI,channel,OPHIR LIVE TV(చెరసాలలో యేసు --దయలేనిక్రైస్తవులు!!)cherasalalo yesu--dhayaleni crysthavulu!!
-0MnR08T5Qo,channel,OPHIR LIVE TV(
EqxIJkF8sCU,channel,17-Jan-2017 | దేవునికి ప్రతీస్టీతుడైన వాని లక్షణాలు! | పాలకొండ చర్చ్ ప్రారంభం | Dr A S Ranjeet Ophir
whuKy0bQVEk,channel,OPHIR LIVE TV(పరలోకపౌరులు- ఒకనమ్మలేనినిజం !) Paralokapourulu-oka Nammaleninejam15/jan17సందేశం
f_XpbZNd40M,channel,OPHIR LIVE TV(
0ZN2ERz4Yoc,channel,OPHIR LIVE TV(ASALINA PRAPANCHA RAJU) ARIKATHOTA 13-01-17 NIGHT SANDESAM
U2q4Fb0N6_I,channel,OPHIR LIVE TV(ANDHARI KANNULU YESU VIPU
kmywPTZIDVA,channel,OPHIR LIVE TV(KRUPA KAALAM LO UGRATHA KAALAM!!)
x55_ul71CQI,channel,OPHIR LIVE TV(
joioH5SLRaM,channel,OPHIR LIVE TV(OPHIR MINISTRIES CENTRAL PASTOR'S MEET)
ksPQgjRJgn0,channel,OPHIR LIVE TV (BHEL క్రిస్మస్ వేడుక )
07drr-Smq7E,channel,OPHIR LIVE TV (Iddharu Prema Murthulu) ఇద్దరు ప్రేమ మూర్తులు_8/1/2017 Sunday 2nd Msg
J9keGhm8UHI,channel,OPHIR LIVE TV( Manam Hanokulam Kavadaniki Chitka) మనం హనోకులం కావడానికి చిట్కా 8 Jan 2017
4a19uDei-bA,channel,Rendu Rakala Nithi Vasthramulu(రెండు రకాల నీతి వస్త్రములు)Sunday 1st msg at Malkajgiri_08 Jan 2017
gRKiqkBvz5k,channel,OPHIR LIVE TV((సత్య సంస్థాపన 7/1/2017 కల్వరి టీవి లైవ్ ఫోన్ ఇన్ ప్రోగ్రారం
TDiQeSSkuyo,channel,OPHIR LIVE TV((సత్య సంస్థాపన 7/1/2017 gospel tv లైవ్ ఫోన్ ఇన్ ప్రోగ్రారం
UdSoZ8rFAhI,channel,OPHIR LIVE TV( RAJENDRA NAGER CHRISTMAS VEDUKA)
slSNk-JbMzY,channel,సత్యవేదసారం_22 DECEMBER 2016
IycW9QBGSaQ,channel,సత్యవేదసారం_15 DECEMBER 2016
FT25PaRt4ok,channel,సత్యవేదసారం_08 DECEMBER 2016
OJLddsiJwo4,channel,సత్యవేదసారం_01 DECEMBER 2016
39SSXTllVgY,channel,సత్యవేదసారం_24 NOVEMBER 2016
a3_3Lsk-iPc,channel,సత్యవేదసారం_17 NOVEMBER 2016
r5f89Sk-bWs,channel,సత్యవేదసారం_10 NOVEMBER 2016
5OvdiGO9qsU,channel,OPHIR LIVE TV( 31/12/2016 watch night new year msg
s0RBVBnDFAs,channel,OPHIR LIVE TV( వాచ్ నైట్ సర్వీస్  సందేశం
IF8NhbdJ38M,channel,OPHIR LIVE TV( సండే సందేశం 1/1/2017
j-reLUJrE0A,channel,OPHIR LIVE TV(
k9G3USLySl8,channel,OPHIR LIVE TV(
OYbF2VIiMy0,channel,OPHIR LIVE TV((సత్య సంస్థాపన 3112/2016 కల్వరి టీవి లైవ్ ఫోన్ ఇన్ ప్రోగ్రారం
-4u4Q-qDq9g,channel,29-Dec-2016 | మన బ్రతుకులలో దేవుని స్థానమేది! | Women's Fellowship |  Apo  Dr A S Ranjeet Ophir
WN0egEU3l70,channel,OPHIR LIVE TV( ముద్దు పెట్టు కోవాల్సిందే .... తప్పదు !!) ఖాజాగూడక్రిస్మస్ వేడుక
txVqlbpFJ3o,channel,OPHIR LIVE TV( న్యాయాన్నినిలిపిన విశ్వ న్యాయాధిపతి) సూరారం క్రిస్మస్ వేడుక
0l4trtTjEKs,channel,OPHIR LIVE TV(
bFQdTlFAvbQ,channel,OPHIR LIVE TV( సనాతన ధర్మముండగా యేసుమతం మనకెందుకు ??)25th Dec 2015ఆదివారం సందేశం
futbWJHI_zY,channel,Sunday Service  At Malkajgiri_25/12/2016_2nd Msg
B_HoxBHjznQ,channel,Sunday Service  At Malkajgiri_25/12/2016_1st Msg
VUSSXGywKbM,channel,OPHIR LIVE TV(గొల్లలు చూపినమాదిరి !!) 24/12/2016-ఎర్రబొడ క్రిస్మస్ వేడుక
fyqOMnEFkbM,channel,OPHIR LIVE TV(సత్య సంస్థాపన 2412/2016 కల్వరి టీవి లైవ్ ఫోన్ ఇన్ ప్రోగ్రారం
DeZus1GIUBI,channel,ఇశ్రాయేలు దేవుడు భారతీయులకెందుకు? | Sunday Service | Second Message | Apo Dr AS Ranjeet Ophir
hGVnLb-z31w,channel,OPHIR LIVE TV( 20-12-2016-సెంట్రల్ చర్చ్ గ్రాండ్ క్రిస్మస్ సెలెబ్రేషన్స్
MWCeR6fT0lw,channel,OPHIR LIVE TV(
Y2ftKt1yu3g,channel,OPHIR LIVE TV(
E58769_Y90M,channel,OPHIR LIVE TV(సత్య సంస్థాపన 1712/2016 కల్వరి టీవి లైవ్ ఫోన్ ఇన్ ప్రోగ్రారం
rlo447WFuuI,channel,OPHIR LIVE TV( AGAPE  THANKS GIVING MEETING VSP)-16/12/2016
ywz2HmSYsQE,channel,OPHIR LIVE TV(సత్య విరోధులు మధ్య అంత్య కాలపు యెహెజ్కెలు )15/12/2016-సాయంత్రసభ
KsDvKh_fS7k,channel,OPHIR LIVE TV( దావీదులలో అంతరంగ మృగం!!)15/12/2016-ఉదయ సభ
OBu4xXE2mqQ,channel,OPHIR LIVE TV( నకిలీ శ్రమలకాలపు సవాలుకు సత్యసంబంధుల జవాబు !!)14/12/2016 సాయంత్ర సభ
9I3s_a5Cn3Y,channel,OPHIR LIVE TV(అసంపూర్ణ ప్రపంచంలో  తయారవుతున్న సంపూర్ణులు -14/12/2016)
VHwJAZfzGKM,channel,ఓఫీర్ ఆలోచనా విధానం  అంటే? | విశాఖపట్నం ఉత్తరాంధ్ర 20వ వార్షికోత్సవం | Apo Dr A S Ranjeet Ophir
-bRpliBPl7A,channel,13-Dec-2016 | పరిపూర్ణ ప్రేమనుండి -పరిపూర్ణజ్ఞానం లోకి!! | Bible Study | VSP |  Dr AS Ranjeet Ophir
C1c14HYxfUQ,channel,12-Dec-2016 | పరిపూర్ణ ప్రేమనుండి -పరిపూర్ణజ్ఞానం లోకి!! | Bible Study | VSP |  Dr AS Ranjeet Ophir
k64duSj56hc,channel,11-Dec-2016 | దేవునిసృష్టి---దేవ విరోధం!! | ఆదివారం సందేశం | Apo Dr A S Ranjeet Ophir
ckZE22bsC90,channel,"దేవుని బంగారమా!-కొలిమికోసం సిద్ధపడు!! | కొంపల్లి, హైదరాబాద్  | శాంతి మహాసభలు | Dr A S Ranjeet Ophir"
RlCPRvr6aUE,channel,OPHIR LIVE TV(
3ASm5Zx19VI,channel,OPHIR LIVE TV(
gvZ4HrgWhmY,channel,OPHIR LIVE TV(
THe9Z6h3Iyg,channel,04-Dec-2016 | రంగాచార్యులు ఆమోదించిన ఓఫీర్ వాదం! | Sunday Second Message | Apo Dr A S Ranjeet Ophir
CHOPnrksCHw,channel,OPHIR LIVE TV(సత్య సంస్థాపన 3/12/2016 కల్వరి టీవి లైవ్ ఫోన్ ఇన్ ప్రోగ్రారం
ReVBj44zhCE,channel,OPHIR LIVE TV( ఝరాసంగం సమైక్య క్రిస్మస్ మహోత్సవము ) 02-12-2016
n1mFcMC5Gt8,channel,30-Nov-2016 | దైవజనులరా జాగ్రత్త!! | అరకు  మీటింగ్స్ | Pastors Meetings | Apo Dr A S Ranjeet Ophir
iZjJE-1lua8,channel,OPHIR LIVE TV(Anakapalli meeting
p7WC_emZCDA,channel,OPHIR LIVE TV( Bhimavaram RKP meeting
XfthY7c5crU,channel,OPHIR LIVE TV(దేవుని సంకల్పము నెరవేరునట్లు ..... !)
oV-6q3fVCu4,channel,OPHIR LIVE TV(యేసు వేదాలలో ఉన్నాడా ?లేడా ?sunday msg
5QlqeXWkRjg,channel,OPHIR LIVE TV( యేసు వేదాలలో ఉన్నాడా ?లేడా ?
6QF_AOBnQDc,channel,26-Nov-2016 | కాలపురుషునిలో సకల శాస్త్రాలు ! | బైబిల్ స్టడీ |  | Apo Dr AS Ranjeet Ophir
ofdTBYbs_Po,channel,OPHIR LIVE TV((సత్య సంస్థాపన 26/11/2016 కల్వరి టీవి లైవ్ ఫోన్ ఇన్ ప్రోగ్రారం
vpQ_V6EMysw,channel,OPHIR LIVE TV(భారతదేశమా నీకు శుభం కలుగునుగాక !!
eL3mrJ6oGGg,channel,OPHIR LIVE TV(పదునెక్కిన భక్తుని ఖడ్గమ్ !)పార్ట్ 4
yL84ZAQPEnU,channel,OPHIR LIVE TV(పదునెక్కిన భక్తుని ఖడ్గమ్ !)పార్ట్ 3
OZsTBoSMwPU,channel,OPHIR LIVE TV(పదునెక్కిన భక్తుని ఖడ్గమ్ !)పార్ట్ 2
VD8u-40uMo8,channel,OPHIR LIVE TV(పదునెక్కిన భక్తుని ఖడ్గమ్ !)పార్ట్ 1
AmRUL98dGbA,channel,OPHIR LIVE TV( విజ్ఞాపనకు ఇది అనుకూలసమయం !!)
FRVNLJU1PkY,channel,OPHIR LIVE TV( క్రీస్తు పాలన వెయ్యేండ్లేనా ??
RVoJIPtWEsQ,channel,OPHIR LIVE TV(అగోచరుని ప్రత్యక్షత !)2009 పైడివాడ మీటింగ్స్ సందేశము
hd-oDC6sNTs,channel,OPHIR LIVE TV(విమానాలూ  అణుబాంబులూ మొదట  భారతీయులవే !!?ఆదివారం  సందేశము
zabPOnnPVjY,channel,OPHIR LIVE TV(సత్య సంస్థాపన 19/11/2016 కల్వరి టీవి లైవ్ ఫోన్ ఇన్ ప్రోగ్రారంpart2
VPGB0GHs1bE,channel,OPHIR LIVE TV(సత్య సంస్థాపన 19/11/2016 కల్వరి టీవి లైవ్ ఫోన్ ఇన్ ప్రోగ్రారంpart1
CR4nwt_MSRE,channel,OPHIR LIVE TV( వ్యర్ధమౌతున్న సాతాను వ్యూహం !!) 16th nov 2016 నైట్ సందేశము  కొత్తగూడెం
uZe1l9EifjI,channel,OPHIR LIVE TV(అంత్యవారములోని సకల సంగతులు !!)16th mor బైబిల్ స్టడీ  కొత్తగూడెం
SAQ_mooM0og,channel,OPHIR LIVE TV(సువార్తకు ఆధ్యంతాలు కొత్తగూడెం 1డే నైట్ సందేశం 15th nov 2016
6yrnrBxwzL4,channel,OPHIR LIVE TV(శ్రమల కొలిమిలో బలవంతులమవుదాం !!)15 th nov 2016 కొత్తగూడెం
wWMaXTdhTZU,channel,13-Nov-2016 | క్రీస్తు సువార్త భారతీయులకు ఎందుకు ?? Sunday Service Message | Apo Dr AS Ranjeet Ophir
8ksdHNpr-hE,channel,OPHIR LIVE TV(సత్య సంస్థాపన 12/11/2016 కల్వరి టీవి లైవ్ ఫోన్ ఇన్ ప్రోగ్రారం
OoHGjZcQT6g,channel,క్రైస్తవుండా కదలి రావయ్యా సాంగ్ | Kraisthavunda Kadali Ravayya Song | Apostle Dr A S Ranjeet Ophir
1J4rD4OEavA,channel,OPHIR LIVE TV SATYAMEVA JEYATHE
exZTq5A9ykI,channel,OPHIR LIVE TV(
-dqHfiRnPus,channel,OPHIR LIVE TV( ఖానాపూర్ మహాసభలు 2వ రాత్రి సందేశము
HwY1uLxpUjQ,channel,09-Nov-2016 | క్రీస్తును బట్టి గర్విద్దాం!! | ఖానాపూర్ మహాసభలు సందేశము | Apo Dr AS Ranjeet Ophir
ceiMPJGFyW8,channel,OPHIR LIVE TV(ఖానాపూర్ మహాసభలు నైట్
qohoVHNH934,channel,08-Nov-2016 | ఉప్పు కాకుండ  ముత్యం కాలేము!! | బైబిల్ స్టడీ | ఖానాపూర్ మహాసభలు | Dr A S Ranjeet Ophir
pwPtZmoAk8Y,channel,06-Nov-2016 | ఏకమవుదాం  రండి ! | యేసు రక్తం గ్రౌండ్స్ | జగిత్యాల | Part-2 | Apo Dr AS Ranjeet Ophir
wNJ2LpiT9dM,channel,06 NOV 2016 | వేదాలలో యేసు ఉండటమేమిటి!! |  Sunday Service Message |  Apostle Dr AS Ranjeet Ophir
BY8ynZIz6ww,channel,OPHIR LIVE TV(సత్య సంస్థాపన 5/11/2016 కల్వరి టీవి లైవ్ ఫోన్ ఇన్ ప్రోగ్రారం
3NfvvEYTYSw,channel,04-Nov-2016 | ఏకమవుదాం  రండి !! | యేసు రక్తం గ్రౌండ్స్ | జగిత్యాల | Part-2 | Apo Dr AS Ranjeet Ophir
fDGgHXm_pQE,channel,"సత్యవేదసారం_OCTOBER 20, 27 and NOVEMBER 3 Episodes"
InyHYdn7g9E,channel,సత్యవేదసారం_13 OCTOBER 2016
4hgsBn-aW08,channel,సత్యవేదసారం_06 OCTOBER 2016
W1USw_CKlz4,channel,OPHIR LIVE TV( హైందవ క్రైస్తవం) లక్ష్మణా చార్యులు  వారి ముందు మాట
RGHbMpu79Mg,channel,30-Oct-2016 | కదలని కొండ క్రైస్థవుని విశ్వాసం !! | Sunday Service Message | Apo Dr AS Ranjeet Ophir
-jdPrOiiRwk,channel,OPHIR LIVE TV(సత్య సంస్థాపన 29/10/2016 కల్వరి టీవి లైవ్ ఫోన్ ఇన్ ప్రోగ్రారం
a6DoSZovyhk,channel,OPHIR LIVE TV(
dkxb_VHc0jU,channel,"OPHIR LIVE TV( God Directing the Human History) Cochin, Kerala. (Evening Meeting)"
O4jyHESZfJ8,channel,"What's God Doing Today? |  Cochin, Kerala | 1st Day Bible Study | Apostle Dr A S Ranjeet Ophir"
M_Ypzzq6Qg0,channel,"OPHIR LIVE TV ( God  Directing the Human History ) Cochin, Kerala. (Evening Meeting)"
M6kZFCh927Q,channel,"What's God Doing Today? |  Cochin, Kerala | 2nd Day Bible Study | Apostle Dr A S Ranjeet Ophir"
JdHIyuK3vOU,channel,"OPHIR LIVE TV (From Babel to Cross of Calvary)  Cochin, Kerala. (Evening Meeting)"
y2i-vpxGKO8,channel,OPHIR LIVE TV(అవసరమును బట్టి - అద్దంకి రంజిత్ ఓఫీర్) PART 2
3myalFUAfew,channel,OPHIR LIVE TV(అవసరమును బట్టి - అద్దంకి రంజిత్ ఓఫీర్) PART 2
N-6qAX1QhFo,channel,అవసరమును బట్టి - అద్దంకి రంజిత్ ఓఫీర్ నాయకత్వం! PART-2 | Sunday  Message |  Apo Dr A S Ranjeet Ophir
hh9zAPP8vd0,channel,అవసరమును బట్టి - అద్దంకి రంజిత్ ఓఫీర్ నాయకత్వం! PART-1 | Sunday  Message |  Apo Dr A S Ranjeet Ophir
XFcFB8S-mCo,channel,ఏకత్వము నుండి భిన్నత్వము లోనికి! |  Gospel Meeting |  Apostle Dr A S Ranjeet Ophir
X6riljHyhUs,channel,OPHIR LIVE TV(
gviqqyNTT00,channel,OPHIR LIVE TV((సత్య సంస్థాపన 15/10/2016 కల్వరి టీవి లైవ్ ఫోన్ ఇన్ ప్రోగ్రారం
v_jK65rQlvw,channel,OPHIR LIVE TV( msg 653 సర్వ సృష్టికి సత్య సువార్త !!బాలాపూర్ మహాసభలు
DiKEJ_AX0ms,channel,OPHIR LIVE TV(సింహ  చరిత్ర--వర్షంలొ !! )చదవండి చదివించండి part 1
HakKr6AjkoQ,channel,OPHIR LIVE TV(సింహ  చరిత్ర--వర్షంలొ !! )చదవండి చదివించండి
fAXucxB7ngY,channel,OPHIR LIVE TV(సత్య సంస్థాపన 8/10/2016 కల్వరి టీవి లైవ్ ఫోన్ ఇన్ ప్రోగ్రారం
W-nSia2U29E,channel,OPHIR LIVE TV( AYYAGARU SONGS
v1djfN0h4vs,channel,OPHIR LIVE TV(LOPAMU LENI DIVASEVA లోపము లేని దైవసేవ !)కోర్ కమిటీ బెంగళూర్
zbbtHomheaY,channel,OPHIR LIVE TV(యుద్ధ నాదం ప్రతి ధ్వనిస్తుంది !! YUDDANADAM PRATHIDWANISTHUNDI
ueFCmzkfyPg,channel,OPHIR LIVE TV(
lirzhMNtkic,channel,OPHIR LIVE TV(
OZwjfqv0eRE,channel,OPHIR LIVE TV(
x6EPGOIg3oE,channel,OPHIR LIVE TV(జాతీయ కోర్ కమిటి మీటింగ్  బెంగుళూర్ 5/10/2016
wTkuXLq6pLM,channel,సత్యవేదసారం22 SEPTEMBER 2016_యథార్థవంతులేరీ? ఎక్కడున్నారు??_Part 2_3
-2vbsQufNr4,channel,సత్యవేదసారం29 SEPTEMBER 2016_యథార్థవంతులేరీ? ఎక్కడున్నారు??_Part 3_3
mpTlRlby6uA,channel,సత్యవేదసారం15 SEPTEMBER 2016_యథార్థవంతులేరీ? ఎక్కడున్నారు??_Part 1_3
HYW84bc2pUM,channel,OPHIR LIVE TV(AVASARAMUNUBATTI--SILUVA YAGNAM ) SUNDAY SANDESAM
sXLxy9zn8sY,channel,OPHIR LIVE TV( సత్య సంస్థాపన కల్వరి ఫోన్ -ఇన్ ప్రోగ్రాం 1/10/2016
XRWAays7GVQ,channel,OPHIR LIVE TV(  అవసరమును  బట్టి సిద్ధాంత సంస్కరణ !   ఓఫిరిజం వర్ధిల్లాలి
Z2DIpo7t9Tw,channel,OPHIR LIVE TV(SATYA SAMSTHAPANA CALVARY PHONE IN PROGRAM 24 09 2016
CeQJjI5TnsA,channel,OPHIR LIVE TV(అగాపే సువార్తీకురాలు  సిస్టర్ సంధ్య మాధురి జ్ఞపకార్ధ  కూటము
3_itbQDU0NU,channel,23-Sep-2016 | దేవుడు ఉన్నాడా? | Debate | Hyderabad | Apostle Dr A S Ranjeet Ophir VS Fazlur Rahman
6X6biMYOhb8,channel,జానెడు  పెళ్లికూతురు | Sunday Service  Second Message |  Apostle Dr AS Ranjeet Ophir
zLK57_mOwFE,channel,OPHIR LIVE TV(MATHAM MARCHUKOKANDI ! !) మతం మార్చుకోకండి !!
TKCX6Q49gyw,channel,OPHIR LIVE TV(సత్య సంస్థాపన 16/09/2016 కల్వరి టీవి లైవ్ ఫోన్ ఇన్ ప్రోగ్రారం
f4F59UW6JRY,channel,అవసరమునుబట్టి_ అధర్మ శా స్త్రం -PART 2 |  Sunday Service Message |  Apostle Dr A S Ranjeet Ophir
EpyPuoJgets,channel,అవసరమునుబట్టి_ అధర్మ శా స్త్రం -PART 1 |  Sunday Service Message |  Apostle Dr A S Ranjeet Ophir
s3V9tfFYwbw,channel,OPHIR LIVE TV
fGWZKKQesSY,channel,అవసరమును బట్టి సిద్ధాంత సంస్కరణ! - Part 2 | Sunday Service Message |  Apostle Dr A S Ranjeet Ophir
v9ong73n7gs,channel,అవసరమును బట్టి సిద్ధాంత సంస్కరణ! - Part 1 | Sunday Service Message |  Apostle Dr AS Ranjeet Ophir
GlReNGLcgzA,channel,OPHIR LIVE TV( OTAMI ERUGANI PRARDHANAVEERULU)ఓటమి ఎరుగని ప్రార్ధన వీరులు
NV75pZ5YdJ4,channel,సత్యవేదసారం_08 SEPTEMBER 2016
o2IUmB-i-Kw,channel,సత్యవేదసారం 01 SEPTEMBER 2016
2q0JPfLI9b8,channel,అవసరమునుబట్టి మానవ దీపం! |  | Sunday Service | Second Message | Apo Dr AS Ranjeet Ophir
Fgjn1gBGCII,channel,మన ముంగిట్లో విశ్వచక్రవర్తి! Part-2 | శుభవార్త టీవీ | సత్య వేదసారం | Apostle Dr A S Ranjeet Ophir
pxwpgaI9iYM,channel,మన ముంగిట్లో విశ్వచక్రవర్తి! Part-1 | శుభవార్త టీవీ | సత్య వేదసారం | Apostle Dr A S Ranjeet Ophir
xPoionrzHUc,channel,SVS 25 August 2016_మన ముంగిట్లో విశ్వచక్రవర్తి _3
ouiTmFqzhBI,channel,OPHIR LIVE TV( అవసర మునుబట్టి _మాదిరి పురుషుడు! / AVASARAMUNU BATTI_MAADIRI PURUSHUDU!
L7o4Y01FeOc,channel,"V6 CHANEL EPISODE on 26-1-2013, By Dr.A.S. Ranjeet Ophir garu."
ell9tx_qdys,channel,"V6 CHANEL EPISODE on 25-1-2013, By Dr.A.S. Ranjeet Ophir garu."
B0GXTRfc39M,channel,Apostle Addanki Ranjeet Ophir's Brief Testimony_English to Tamil
vQbk_o90hyA,channel,వేదాలలో యేసు! Part-2| బైబిల్ సెమినార్  | కోయింబత్తూర్ | | Apostle Dr A S Ranjeet Ophir
KLu2arK1fvo,channel,వేదాలలో యేసు! Part-1| బైబిల్ సెమినార్  | కోయింబత్తూర్ | | Apostle Dr A S Ranjeet Ophir
B7aJ393Sv1I,channel,21-Aug-2016 | సమస్తమూ సకారణమే | | Sunday Service Message |  Apostle Dr A S Ranjeet Ophir
vsX41gGRqOc,channel,చిన్నపాపం - ఘోరనష్టం! | Church Anniversary Message |  Apostle Dr A S Ranjeet Ophir
zLdMoPpU194,channel,OPHIR LIVE TV )REV DR.ADDANKI RANJITH OPHIR HAS BEEN HONOURED WITH  BEST PREACHER AND  SEVA RATHNA.
c-IL63l_3nk,channel,OPHIR LIVE TV
lBWPkBzL4LI,channel,OPHIR LIVE TV(రాష్ట్రీయ క్రైస్తవ పరిషత్ సభ్యత్వం  నమోదు కార్యక్రమము
ZD9U2t08Z_w,channel,OPHIR LIVE TV(రాష్ట్రీయ క్రైస్తవ పరిషత్ అధ్వర్యంలో  70 వ స్వాతంత్ర దినోత్సవం జండా వందన కార్యక్రమమము
OuQ0rvCTrlA,channel,OPHIR LIVE T ( దేవుడు కోరుతున్న కానుక !!)DEVUDU KORUTHUNNA KANUKA!!
W78pje48t_k,channel,OPHIR LIVE TV(RAKSHANA NICHAYATHA MANJANMA HAKKU రక్షణ నిశ్చయత  మనజన్మ హక్కు !!
7M6fDliku14,channel,25-march-2016_సత్య సంస్థాపన/Satya samsthapana_EPISODE 032
yTSJnLBhVx0,channel,OPHIR LIVE TV(DEVUDU MECHUKONU SANGAM) దేవుడు మెచ్చుకొను సంఘం    07/02016 ఆదివారం సందేశము
6xs3qWmRoCs,channel,"V6 CHANEL EPISODE on 24-January-2013, By Dr.A.S. Ranjeet Ophir garu."
S5b0UnjXPGI,channel,"V6 CHANEL EPISODE on 23-1-2013, By Dr.A.S. Ranjeet Ophir garu."
yPFDZB7V8DI,channel,"V6 CHANEL EPISODE on 22-January-2013, By Dr.A.S. Ranjeet Ophir garu."
IYZg26Jh0CM,channel,"V6 CHANEL EPISODE on 21-1-2013, By Dr.A.S. Ranjeet Ophir garu."
UpYlgRC1ypU,channel,"V6 CHANEL EPISODE on 20-January-2013, By Dr.A.S. Ranjeet Ophir garu."
cM_bnrKgrK8,channel,"V6 CHANEL EPISODE on 19-January-2013, By Dr.A.S. Ranjeet Ophir garu."
huyeQrc-Tqs,channel,సత్యవేదసారం 04 August 2016
tOehfv03wrA,channel,"V6 CHANEL EPISODE on 18-January-2013, By Dr.A.S. Ranjeet Ophir garu."
e10mhmxKjJU,channel,"V6 CHANEL EPISODE on 17-January-2013, By Dr.A.S. Ranjeet Ophir garu."
HCB1vMPTYzU,channel,"V6 CHANEL EPISODE on 13-January-2013, By Dr.A.S. Ranjeet Ophir garu."
DKbcK9gbvjs,channel,"V6 CHANEL EPISODE on 14-January-2013, By Dr.A.S. Ranjeet Ophir garu."
4y1nTmujbEo,channel,"V6 CHANEL EPISODE on 12-1-2013, By Dr.A.S. Ranjeet Ophir garu."
UgMQjIruAFc,channel,"V6 CHANEL EPISODE on 3-1-2013, By Dr.A.S. Ranjeet Ophir garu."
GXf4Mb9_-go,channel,"V6 CHANEL EPISODE on 09-January-2013, By Dr.A.S. Ranjeet Ophir garu."
sVyW41OZnEw,channel,"V6 CHANEL EPISODE on 08-January-2013, By Dr.A.S. Ranjeet Ophir garu."
0dtl6LbDjBo,channel,"V6 CHANEL EPISODE on 07-January-2013, By Dr.A.S. Ranjeet Ophir garu."
5uNe0iWEM3Q,channel,"V6 CHANEL EPISODE on 3-1-2013, By Dr.A.S. Ranjeet Ophir garu."
x46g3V2mlnM,channel,"V6 CHANEL EPISODE on 02-01-2013, By Dr.A.S. Ranjeet Ophir garu."
CgeDCiym6F4,channel,"V6 CHANEL EPISODE on 01-January-2013, By Dr.A.S. Ranjeet Ophir garu."
2AirgKmDKJw,channel,OPHIR LIVE TV(OPHIR DANDU VARI VISWASAM!! ఓఫీర్ దండు వారి విశ్వాసం !!)31/07/2016 సండే సందేశం
BmDBwCMaS1g,channel,OPHIR LIVE TV(సత్యాన్వేషక మహాసభలు భీమిలి )2008 చివరి రాత్రి సందేశము
_5gC0BIPlmc,channel,సత్యవేదసారం 27 July 2016
VkcMNNkXOtg,channel,11-Dec-2012 | Satyame Vajayathe | V6 Channel Messages | Apostle Dr A S Ranjeet Ophir
rZuD2rtyI_A,channel,10-Dec-2012 | మతోన్మాదం అంటే ఏమిటి? | Satyavedasaram | V6 Channel Messages | Apo Dr AS Ranjeet Ophir
9UMJgU2FSBs,channel,24-june-2016_సత్య సంస్థాపన/Satya samsthapana_EPISODE 031
xgbrSK-UcB0,channel,OPHIR LIVE TV( సత్యాన్వేషక మహాసభలు భీమిలి )2008
VvrvaxWSF60,channel,"V6 CHANEL EPISODE on 14-5-2013, By Dr.A.S. Ranjeet Ophir garu."
vjY07_dhyvE,channel,"V6 CHANEL EPISODE on 12-5-2013, By Dr.A.S. Ranjeet Ophir garu."
282hoOKZbVM,channel,OPHIR LIVE TV(రక్షణకు కారణం రక్షణకు  ఫలితం !) 24/07/2016 ఆది వారం సందేశం
Jkt3BfGrnjw,channel,OPHIR LIVE TV(సకల జాతుల దేవుడు యేసు క్రీస్తు )భీమిలీ  2008 మీటింగ్ సాయంత్ర   సందేశం
aUE9pw0m-xk,channel,సత్యవేదసారం 21 July 2016_యేసు రాజు మెచ్చిన రాజు _Part 2_2
t2RKzggNhhY,channel,సత్యవేదసారం 14 July 2016_యేసు రాజు మెచ్చిన రాజు _Part 1_2
IgOXoFEg9IY,channel,OPHIR LIVE TV(మదనపల్లి డిబేట్   WHAT ARE THE QUALITIES OF TRUE GOD?) PART 2
khJGiY48GdY,channel,OPHIR LIVE TV( ఇదిగో ప్రజాపిత !!)సత్యసంస్థాపనసభ  అనకాపల్లి
vfMe3Lc4Wjo,channel,OPHIR LIVE TV(మదనపల్లి డిబేట్   WHAT ARE THE QUALITIES OF TRUE GOD?) PART 1
iXVqixFtDcM,channel,OPHIR LIVE TV(క్రైస్తవుడి మనో ధైర్యం !!)17/07/2016 ఆదివారం ప్రసంగం
aYBkR-ac0Gc,channel,OPHIR LIVE TV(అత్యవసరమైన స్థిరత్వం !!) 13/07/2016 సబ్బవరం లాస్ట్ డే బైబిల్ స్టడీ
MsAufWwQnug,channel,OPHIR LIVE TV(మన ఐక్యతకుతార్కిక పునాది !!)సేవకుల సదస్సు సబ్బవరం
TEvXY7Zlxpw,channel,OPHIR LIVE TV(అంత్య కాలపు క్రైస్తవ సంఘానికి దిక్కుచి!! ) సబ్బవరం మహాసభలు
yoGVGTx_Nzo,channel,OPHIR LIVE TV( పి.దొంతమూరు రక్షణసువార్తఉజ్జివ సభలు చివరి రోజు సందేశం )
MtvSTUKN63s,channel,OPHIR LIVE TV(కృతజ్ఞత మహాత్సవం) అనకాపల్లి అగాపే సంపూర్ణ సువార్తసంఘం
kGcpexLv8_M,channel,OPHIR LIVE TV(అపొస్తలునికి ఘన స్వాగతం )
0OMn1ymypPM,channel,OPHIR LIVE TV
vgQt1SS9nQ0,channel,OPHIR LIVE TV
thGVQMR9G5M,channel,OPHIR LIVE TV
XYPAPj_fSTk,channel,OPHIR LIVE TV
kGMdBX4pK7o,channel,OPHIR LIVE TV( దేవుడు ఆదిమా సంఘాన్ని తృణికరించాడా??)ఆదివారం సందేశం
9I5XalRX7oY,channel,OPHIR LIVE TV(ప్రియులైన శత్రువులు) అగాపే టివి క్లబ్ 8వ వార్షికోత్స వం  నిజామాబాద్
MWbBKJLmRzw,channel,07-Jul-2016 | ఏశావు ఆశీర్వదింపబడ్డాడా? | సత్యవేదసారం  | PART-3 |  Apo Dr AS Ranjeet Ophir
uK99MWN00XI,channel,07-Jul-2016 | ఏశావు ఆశీర్వదింపబడ్డాడా? | సత్యవేదసారం  | PART-2|  Apo Dr AS Ranjeet Ophir
juM6ME6RJZk,channel,07-Jul-2016 | ఏశావు ఆశీర్వదింపబడ్డాడా? | సత్యవేదసారం  | PART-1 |  Apo Dr AS Ranjeet Ophir
7IiymU9Zv1Q,channel,Song_త్రాహిమాం క్రీస్తు నాధ
JPmyHWqcfcI,channel,01-april-2016_సత్య సంస్థాపన/Satya samsthapana_EPISODE 030
4QDIYxJ5PUE,channel,29-JANUARY-2016_సత్య సంస్థాపన/Satya samsthapana_EPISODE 029
y-w5mZLjzR8,channel,OPHIR LIVE TV(సర్వ సత్య మహాసభలు విజయ నగరం 19/02/2012 సాయంత్రం సందేశం
tRfAGJCn3uU,channel,OPHIR LIVE TV( వ్యర్ధవివాదాలు విసర్జిచండి )3/07/2016 ఆదివారం సందేశము  )
dX2TZpAiMtI,channel,OPHIR LIVE TV( అగాపే సంపూర్ణ సువార్త సంగం ఆదివారం ఆరాధన క్రమము
3G2C8XqgLAU,channel,"V6 CHANEL EPISODE on 21-5-2013, By Dr.A.S. Ranjeet Ophir garu."
MRjGdv585CY,channel,"V6 CHANEL EPISODE on 20-5-2013, By Dr.A.S. Ranjeet Ophir garu."
3HRN0qkR8fw,channel,OPHIR LIVE TV(సర్వ సత్య మహాసభలు విజయ నగరం 18/02/2012 సాయంత్రం సందేశం
AFDe2UqbeGs,channel,OPHIR LIVE TV( సర్వ సత్య మహాసభలు విజయ నగరం 18/02/2012 బైబిల్ స్టడీ ప్రశ్నోత్తరి
Y7Zgv72fX-s,channel,"V6 CHANEL EPISODE on-19 5-2013, By Dr.A.S. Ranjeet Ophir garu."
wX7sr_O7WHU,channel,"V6 CHANEL EPISODE on 18-5-2013, By Dr.A.S. Ranjeet Ophir garu."
8zBJe7pcHT4,channel,OPHIR LIVE TV(సర్వ సత్య మహాసభలు విజయ నగరం 17/02/2012 సాయంత్రం సందేశం
3jCNJhTZpXU,channel,"V6 CHANEL EPISODE on 16-5-2013, By Dr.A.S. Ranjeet Ophir garu."
7kKXILuSfFs,channel,"V6 CHANEL EPISODE on 31-05-2013, By Dr.A.S. Ranjeet Ophir garu."
wcO9g9H3yLY,channel,"V6 CHANEL EPISODE on 03-01-13, By Dr.A.S. Ranjeet Ophir garu."
BeG_-65Y92s,channel,"V6 CHANEL EPISODE on 07 -01-2013, By Dr.A.S. Ranjeet Ophir garu."
zsw3-QaKAck,channel,"V6 CHANEL EPISODE on 14-05-2013, By Dr.A.S. Ranjeet Ophir garu."
k1t-WHFObq0,channel,"V6 CHANEL EPISODE on 30-01-13, By Dr.A.S. Ranjeet Ophir garu."
HrYBtWvOPsg,channel,"V6 CHANEL EPISODE on 28-05-2013, By Dr.A.S. Ranjeet Ophir garu."
-TiKJLcM2FE,channel,V6 CHANEL EPISODE on 07-5-2013. By Dr.A.S. Ranjeet Ophir garu.
uQ_2LS8lWIo,channel,"V6 CHANEL EPISODE on  30-05-2013, By Dr.A.S. Ranjeet Ophir garu"
jYckA9fU3Q8,channel,V6 CHANEL EPISODE on 27-5-2013. By Dr.A.S. Ranjeet Ophir garu
NfU_N6R8glQ,channel,OPHIR LIVE TV ( సర్వ సత్య మహాసభలు విజయ నగరం 17/02/2012 బైబిల్ స్టడీ ప్రశ్నోత్తరి
kw187-t2BKQ,channel,V6 CHANEL EPISODE on 29-05-2013.  By Dr.A.S. Ranjeet Ophir garu
5j2-pimF2as,channel,V6 CHANEL EPISODE on  26-5-2013. By Dr.A.S. Ranjeet Ophir garu
nFKSqVK75EI,channel,V6 CHANEL EPISODE on 08-01-2013. By Dr.A.S. Ranjeet Ophir garu
HhZvw71gKRQ,channel,"V6 CHANEL EPISODE on  02-05-2013, by A.S.Ranjeet Ophir garu."
ucnxQfWMS_U,channel,V6 CHANEL EPISODE on 31- 01-2013 By Dr.A.S. Ranjeet Ophir garu
KUk14P9Av2U,channel,V6 CHANEL EPISODE on 05-01-2013.  By Dr.A.S. Ranjeet Ophir garu
QlFUoT_uoAY,channel,"Vedalalo ""AGNI"" annayyaga agupaduta!! V6 CHANEL EPISODE on 22-5-2013."
rgrcnwx5fDY,channel,26-Jun-2016 | రంజిత్ ఓఫీర్ నోరు పారేసుకోవచ్చా! | ఆదివారం సందేశం | Apo Dr AS Ranjeet Ophir
2rAhX2RJZgM,channel,OPHIR LIVE TV( సర్వ సత్య మహాసభలు విజయ నగరం 16/02/2012
QzfdpYLeucs,channel,V6 CHANEL EPISODE on 11-05-2o13
_9-H02WdXbo,channel,V6 CHANEL EPISODE on 15-05-2013
2vq_rnJE7jo,channel,V6 CHANEL EPISODE on 6-5-2013.
qRT6j1xAPyA,channel,V6 CHANEL EPISODE on 12-5-2013
qMz9cFVFo1c,channel,V6 CHANEL EPISODE on 17-5-2013
1xfz4o1AVMA,channel,OPHIR LIVE TV(సర్వసత్య మహాసభలు (కాకినాడ 2007)దేవుని ప్రేమ    కలిగి ఉండ0డి!
D-LgPgQv4a4,channel,V6 CHANEL EPISODE  on  09-01-2013
ZeCyYwNa03o,channel,V6 CHANEL EPISODE on  13-3-13
DX05DOJl8Pw,channel,V6 CHANEL EPISODE  june 2013  ( SWAMY VIVEKANANDHA )
bSkTjBI_gL0,channel,OPHIR LIVE TV( కాకినాడ 2007 మహాసభలు సందేశం)15/7/2007
Ym6H7igFmtE,channel,V6 CHANEL EPISODE 25-05-2013
0VvICI0674Q,channel,OPHIR LIVE TV(BJP కేంద్ర మంత్రి శ్రీ బండారు దత్తా త్రేయ గారు )
PkO2VbN1eGY,channel,OPHIR LIVE TV(ఫజ్లూర్ రెహమాన్(ముస్లిమ్ సహాదరులు)  గారి ప్రశ్నలకు డాక్టర్ రంజిత్ ఓఫిర్ గారి జవాబులు
ASQ8Iv1PtuM,channel,(దేవునికి మనలను మనము అప్ప గించు కుంటే తనకు తానుగా మనకు అప్పగించు కుంటాడు అనే ప్రశ్న కు జవాబు
mX18FHWut28,channel,OPHIR LIVE TV( కాకినాడ 2007 మహాసభలు సందేశం
hCyMQh4-P0A,channel,"2005 ఓఫీర్ మినిస్ట్రీస్ సిల్వర్ జూబ్లీ సేలబ్రేషన్స్ | Nizam Grounds, HYD | Apo Dr A S Ranjeet Ophir"
fB9SEqajdKQ,channel,ప్రవచన పురుషుడు క్రీస్తు ప్రభు | Telugu Christian Christmas Song | Apo Dr A S Ranjeet Ophir
WD3__YFBuyY,channel,సత్యవేదసారం 16 June 2016_తిరుగులేని సత్యం - క్రీస్తు సువార్త Part 3
Lj6SWBm7OSA,channel,సత్యవేదసారం 09 June 2016_తిరుగులేని సత్యం - క్రీస్తు సువార్త Part 2
WgruGuBX9aw,channel,సత్యవేదసారం 2 June 2016_తిరుగులేని సత్యం - క్రీస్తు సువార్త Part 1
O8sHwoGPfTk,channel,OPHIR LIVE TV(2005 సిల్వర్ జూబ్లీ అగాపేఅభిషిక్త  సేవకులు వారే ఓఫీర్ దండు )
hSIEVEjJszs,channel,OPHIR LIVE TV(ఓఫీర్ గారి వీడియో సాంగ్స్ )
_D6NsIe9tJE,channel,OPHIR LIVE TV(సువార్త విరోధులకు రంజిత్ ఒఫిర్ జవాబు )
OXoTCx0cAro,channel,12-Jun-2015 | సంపూర్ణ సిద్ది కోసం చింతపడకుడి! | Sunday Service Message |  Apo Dr AS Ranjeet Ophir
55AqQpdUekA,channel,"OPHIR LIVE TV(క్రై స్తవనాడు,పుట్టా,మరియు షఫిగారు రంజిత్ఓఫిర్ పై చే స్తున్నాదుష్ ప్ర చారం పై ఖండన"
shgKANXq0Gk,channel,దేవుని తోటలో దేవుడు నాటని మొక్కలు!! | 29-May-2016 | Sunday Second Message | Apo Dr AS Ranjeet Ophir
ND-ZgEYNTFM,channel,ఆశైతే ఉంది నాలో
bP1IjZm4r6s,channel,సత్యవేదసారం 26 MAY 2016_సృష్టికర్తకు ద్రోహం చేస్తున్న మానవుడు_PART 3
bm6BmeOKbnY,channel,OPHIR LIVE TV( ఆగాపే ఫుల్ గాస్పెల్ చర్చ్ కాంపౌండ్ కూల్చి వేత పై అసంఘసబ్యుల ఆవేదన మరియు నిరసన
FJBJaawraO4,channel,OPHIR LIVE TV
H_5hPkNq1PY,channel,OPHIR LIVE TV
XB3VuWJPcJE,channel,OPHIR LIVE TV( నిందారహితులౌదాం !)22/05/2016 ఆదివారం సందేశం
8uXXSDWnv60,channel,సత్యవేదసారం 19 MAY 2016_సృష్టికర్తకు ద్రోహం చేస్తున్న మానవుడు_PART 2
d3ukvk19ksk,channel,OPHIR LIVE TV
czgmPXu-mMA,channel,OPHIR LIVE TV(15 05 2016 ఆదివారం సందేశం ( మన భర్త మనకు అపరిచితుడా ??
FcLeFHCinrw,channel,సత్యవేదసారం 12 MAY 2016_సృష్టికర్తకు ద్రోహం చేస్తున్న మానవుడు_PART 1
DSHGIDE9b3g,channel,OPHIR LIVE TV( దుర్బొదకులెవరు ? ఓఫిరా?ఒఫీర్ వీరొదులా ?
A6IHjFn0UnI,channel,సత్యవేదసారం 05 MAY 2016_కృతజ్ఞతా స్తుత్యర్పణ మహోత్సవము_EPISODE 2
0EQPMxjaFmY,channel,OPHIR LIVE TV(10/ 5/2005  peddada night meeting)
y1b0cq4Q-DA,channel,VBS 2016 TEACHER's TESTIMONY at KPHB colony
q10_KLSVXoU,channel,OPHIR LIVE TV(
OUERNO2EAls,channel,OPHIR LIVE TV 09/05/2015 పెద్దాడ రాత్రి  సభ  (బాధ్యత గల స్వాతంత్రమ్
JlsCUpZJ03w,channel,22-january-2016_సత్య సంస్థాపన/Satya samsthapana_EPISODE 028
bjc0dx7DqZw,channel,OPHIR LIVE TV 08 MAY 2016_సండే సందేశం_ఆశీర్వాదకరమైన ఒంటరితనం!!
VITX_vhAd-8,channel,OPHIR LIVE TV(
oZwY8Qj_sR4,channel,VBS Promo
-JBEZDYtosM,channel,OPHIR LIVE TV(
1foYlEQw4Z0,channel,OPHIR LIVE TV(
gz3HHtGtnc0,channel,OPHIR LIVE TV(పెందుర్తిసత్యసంస్థాపన మహాసభలు మూడవ రోజు )రాత్రి  సందేశం క్రై స్తవుల అతిశయం
PNpadcWRdGA,channel,OPHIR LIVE TV((పెందుర్తిసత్యసంస్థాపనమహాసభలుమూడవరోజు)బై బిల్  సందేశం( రక్షణ_ ఆనందమా? ఆందోళనా?  !!
a2cLkWCpNfE,channel,VBS PROMO 2015
pnI1kvOdIYA,channel,సత్యవేదసారం 28 APRIL 2016_కృతజ్ఞతా స్తుత్యర్పణ మహోత్సవము_EPISODE 1
XvuGIqjAZkA,channel,OPHIR LIVE TV(పెందుర్తిసత్యసంస్థాపన మహాసభలురెండవ రోజు ) సందేశం క్రి స్తు విరోధులకు అంతిమ అపజయం !!
ITgUwWajOoc,channel,OPHIR LIVE TV( పెందుర్తి సత్య సం స్థా పన  మహాసభలుమొదటి రోజు )మనిషికి ఉన్న అసలు సమస్య ?!
3TyNOGIKu28,channel,Dr. Ranjeet Ophir's Views on SWACHH BHARATH !!!
7uQqPrsP2hw,channel,OPHIR LIVE TV
4DV8L_xJveU,channel,OPHIR LIVE TV
h46CcISDAwM,channel,సత్యవేదసారం 21 APRIL 2016_దేవదర్శన దినోత్సవ వేడుకలు Episode 02
WBzJpGq83GA,channel,15-january-2016_సత్య సంస్థాపన/Satya samsthapana_EPISODE 027
FpoaeLM7wNM,channel,OPHIR LIVE TV
ohSvsce8wts,channel,OPHIR LIVE TV
765nddJqi70,channel,"Apo. Ranjeet Ophir gari 2016 B!rthd@y Celebr@t!ons, Hyderabad"
7EWz9yW0vew,channel,"Apo. Ranjeet Ophir gari 2015 Birthd@y Celebr@tions, Hyderabad"
KGP7djxpaOg,channel,Apo. Ranjeet Ophir gari 2014 B!rthd@y Celebr@t!ons at Vizag
h--pdKEP_WY,channel,OPHIR LIVE TV
lSCWzcBolF0,channel,OPHIR LIVE TV
ZJ3EoUEO2gs,channel,OPHIR LIVE TV
KRuc9v3mgVE,channel,సత్యవేదసారం_14 APRIL 2016_దేవదర్శన దినోత్సవ వేడుకలు
1iV2EFVa6E4,channel,సాత్వికానికి మారు రూపం!
2-SjY4ZyiFQ,channel,ఆజ్ఞను అతిక్రమించు / Break the Law
DW1tk6YlphI,channel,Ophir Ministries has no Confusion
DseEPfNxhrE,channel,Powerful Punch Lines by Apostle Addanki Ranjith Ophir
a4LV_urgiZA,channel,సంఘ సభ్యత్వం ఎందుకు?
hkCu65_W7K4,channel,పేతురు చంచలత్వం !
kMM2fONsVCg,channel,సన్బల్లటు టోబియలకు చెరో నమస్కారం !
mgiIC3j1o6w,channel,ఏకత్వం లో బహుళత్వం !
FLx68TsfDyw,channel,క్రైస్తవులపై ద్వేషం
ogFLS3hwTVw,channel,అపహాసకులు కూర్చుండు చోటను ఎందుకు కూర్చోకూడదు  ?
79HBpnivRlE,channel,మంచివి వాటిని ద్వేషించు !
2-fsh_jxkns,channel,అనుమతించు చిత్తము - నిర్ణీత చిత్తము / Permissive Will - Determinate will
wKtPFvuKaT0,channel,ఆదియందు వాక్యముండెను | In the Beginning there is a WORD | Powerful Punch Lines by Dr Ranjith Ophir
IOJ3Y7467VI,channel,మానవుడి సృష్టి / Origin of Mankind
XySTXucO37E,channel,Agree to Disagree with Love
wQ-gur_dPAU,channel,Mention about the Second Coming
tdjCQhfwanQ,channel,కుంటి కాలు బెణకక
rmRy-0aTT0w,channel,ఓఫీర్ మినిస్ట్రీస్ అడ్రస్ / Address of Ophir Ministries
CYwvuylkugI,channel,సాతాను వ్యూహానికి ఓఫీర్ మినిస్ట్రీస్ ప్రతి వ్యూహం !
MPblZtWMeqk,channel,ఓఫీర్ మినిస్ట్రీస్ భారము / Burden of Ophir Ministries
rf7jXIFjac0,channel,OPHIR LIVE TV( ఓఫిర్ విరోదులారా మీరెక్కడ?!)కృతజ్ఞత కూటం kphb
C554YgNRc3o,channel,OPHIR LIVE TV(11/04/2016 ఆదివారం సందేశం
2BZtO3sREvY,channel,OPHIR LIVE TV
hRWmGmWdZJo,channel,OPHIR LIVE TV (36  వ దేవదర్శన దినోత్సవము) ( ప్రమాణ వాక్యము గ్రంద ఆవిష్కరణ )
uxu9BiFOfJg,channel,OPHIR LIVE TV(అపో  రంజిత్ ఓఫిర్ అయ్యగారి 57 వ జన్మ దిన  వేడుక spg చర్చ్
OXK3jo-xY6Y,channel,OPHIR LIVE TV
1ZCJ4vIlP5s,channel,OPHIR LIVE TV
nYvD1Lm6mUg,channel,OPHIR LIVE TV (ఓఫిర్ మినిస్ట్రీస్ ఇంటర్నేసనల్ సేవకుల సదస్సు ) 04/04/2016 సేక్ సికిద్రాబాద్
5g3BQ7ptaMg,channel,OPHIR LIVE TV
Vr5xbBV_xeU,channel,03-Apr-2016 | హితవాక్యానికి కాపలాదారులు! |  ఆదివారం సందేశం |  Apo Dr A S Ranjeet Ophir
Th8xKgK1rHc,channel,OPHIR LIVE TV
4YnIhZs5OWg,channel,సత్యవేదసారం 31 MARCH 2016 మనుష్యులపై దేవుని న్యాయ కోపం
4i2tsjzNTQ8,channel,10-Mar-2016 | రెండవ అర్ధవారపు ఆరంభం! | సత్యవేదసారం | Subhavaartha TV | Apo Dr A S Ranjeet Ophir
Edyzrs_JWZE,channel,27-Mar-2016 | యేసు పునరుత్థానం నుండి మూడు పాఠాలు! | ఈస్టర్ సండే ఆరాధన | Apo Dr A S Ranjeet Ophir
GrhIo8yMiq0,channel,25-Mar-2016 | సిలువలో అసలైన విలువ!! |  గుడ్ ఫ్రైడే సందేశం |  Apo Dr A S Ranjeet Ophir
SqSR56AzXbI,channel,సత్యవేదసారం 24 MARCH 2016_సాక్ష్యపు గుడారం నుండి దిగివస్తున్న దైవోగ్రత
u5Kd0LXFukQ,channel,దేవదర్శన దినోత్సవ ఆహ్వానము
Vl_10LjPrH8,channel,OPHIR LIVE TV
nWhXccnn6S4,channel,OPHIR LIVE TV
K-dp_97_6ZI,channel,OPHIR LIVE TV
MysS_hyGzZ0,channel,సత్యవేదసారం  17 March 2016 కడవరి తెగుళ్ళు !!
Lh6otm5cLp4,channel,OPHIR LIVE TV( మన భక్తి సాధనకు వెలుపల _దేవుడు !)13/03/2016 ఆదివారం ప్రసంగం
145MJ68OY2I,channel,OPHIR LIVE TV(అంతిమ విజయానికి అతి చేరువలో మనం !!)7/3/2016
CUm7saFCvxA,channel,06-Mar-2016 | రక్షణ మార్గం లో నాశన మార్గం!? | సండే మెసేజ్ |  Apo Dr A S Ranjeet Ophir
YeuxuRQaY6E,channel,03-Mar-2016 | 70 వారాల లెక్కింపు పునఃశ్చరణం!! | సత్యవేదసారం  |  Apo Dr A S Ranjeet Ophir
x3dyJgkQTmQ,channel,OPHIR LIVE TV( నిరంతరం యేసు దర్శనం ! !) 28/2/2016 ఆదివారం
GN6eYqNJboY,channel,సత్యవేదసారం 25 FEBRUARY 2016_1335 దినాలు - మరో కొరకరాని కొయ్య
6CVl-TE-A34,channel,OPHIR LIVE TV( సేవకుల సదస్సు  విశాఖ  పట్నం దాస్ బాబు సంగమ్  )
jJHnyqTydfY,channel,OPHIR LIVE TV( ఆశించిన పలితాలు రాక పోయిన ఆనందించుడి !)
k97fWIkaIS0,channel,OPHIR LIVE TV( భ్రష్టత్వం ముసుగులో అసలైనభక్తి )
6ENSIx-9lo4,channel,OPHIR LIVE TV (బోల్తా పడ్డ క్రి స్తు విరోధులు !)
08kWBzolXBo,channel,23-Feb-2016 | మనము ఇంకను రక్షణ పొందక యే ఉన్నాము !? | సర్వ సత్య మహా సభలు | తాళ్ళ పొలం | Ranjeet Ophir
CYSbi2f6Wu4,channel,18-Feb-2016 | దేవుని చేతిలో కాల విభజన !  |  శుభవార్త టీవీ | సత్యవేదసారం | Apo Dr A S Ranjeet Ophir
kvY0jQrlnX0,channel,23- Feb-2016 | దావీదు జపాన్ కు వచ్చడా ?? |  తుని సేవకుల సదస్సు |  Apostle Dr AS Ranjeet Ophir
5cszze5KoJo,channel,22-Feb-2016 | క్రైస్తవులారా క్రమం లోకి రండి  | తాళ్ళ పొలం సర్వ సత్య మహా సభ | Apo Dr AS Ranjeet Ophir
lVOl1V_xKAo,channel,OPHIR LIVE TV(21/02/2016 ఆదివారం సెకండ్ మెసేజ్( (బిన్న రూపాలలో దేవుడు )
9sJt_U19eQA,channel,OPHIR LIVE TV
-XYbKwovwPI,channel,08-january-2016_సత్య సంస్థాపన/Satya samsthapana_EPISODE 026
NIwuLlkgUuw,channel,OPHIR LIVE TV
IkJsrx30Y1s,channel,OPHIR LIVE TV( ఎదురు చూస్తున్న దేవుడు ! !)
rxe2BJrQ-Zs,channel,జగద్గిరిగుట్ట ఓఫిర్ దండు నిర్వహించు క్రిస్మస్ మహోత్సవము on 19-12-2015
uZQBsl_-rmU,channel,సత్యవేదసారం 11 FEBRUARY 2016 ఇశ్రాయేలు పలాయనానికి కాల నిర్ణయం!!
cEoo2YWicEk,channel,07-Feb -2016 | మంచి వాటిని కాల్చి వేద్దాం !! Sunday Service Message |  Apostle Dr AS Ranjeet Ophir
yjmu31BwzOM,channel,సత్యవేదసారం  04 FEBRUARY 2016 భగ్నమైన సంధి
1hWfIasTJVQ,channel,OPHIR LIVE TV
pq5SPZ85kUA,channel,31-Jan-2016 | లౌకిక ఆత్మను పారద్రొలుధామ్  | Sunday Service Message |  Apostle Dr A S Ranjeet Ophir
prQU3dBf-pY,channel,సత్యవేదసారం 28 JANUARY 2016 ప్రాణప్రియుని అడుగుల సవ్వడి!
ET2-jgBRa9I,channel,OPHIR LIVE TV(ఓడి పోయిన క్రీస్తు విరోధులు ! !
OmIOAwuVxvE,channel,OPHIR LIVE TV (సిల్వర్ జూబిలీ సందేశం హైదరాబాద్ )
g9lgltZespI,channel,OPHIR LIVE TV
Hn4Nut4yBD8,channel,OPHIR LIVE TV( సిల్వర్  జూబిలీ సందేశం హైదరాబాద్ )
Twn-3UuIfik,channel,24-Jan-2016 | మనం నిలుచున్నది.. పరిశుద్ద భూమేనా?? | Sunday Service Message | Apo Dr AS Ranjeet Ophir
GEn6hR0U-9c,channel,OPHIR LIVE TV
LoZJpBThKEU,channel,OPHIR LIVE TV
sKFCEEptatc,channel,21-Jan-2016 | భయమే మన అజ్ఞానం | స్త్రీల సమాజ సమైక్య కూటము  | Apo Dr A S Ranjeet Ophir
7bl2fljQY9k,channel,సత్యవేదసారం 14 JANUARY 2016 మూడవ శ్రమ!
vAblGryO10s,channel,సత్యవేదసారం 21 January 2016 అర్ధ వారాల సంధి కాలం!
9mkROag-tEQ,channel,OPHIR LIVE TV
nka3Goj68vk,channel,OPHIR LIVE TV
M9mZ_nmcQZk,channel,సత్యవేదసారం 07 January 2016 అర్ధ వారపు అంతం_WITH ENGLISH SUBTITLES
vkcrMdBwuqU,channel,11-December-2015_సత్య సంస్థాపన/Satya samsthapana_EPISODE 022
50qrFDdhvKM,channel,OPHIR LIVE TV( శ్రేష్ట భక్తుని బుద్ధి హినత !)
pJTHHAtjDfw,channel,19 May 2015 Bible Study
szgiX_LmYN8,channel,20 May 2015 Bible Study
f4pxP-ORRy4,channel,20 May 2015 Evening
qUWdkgMnY_c,channel,19 May 2015 Evening
z3fNY1FbJ3s,channel,18 May 2015 Evening
GQaQY1Klez4,channel,01-JANUARY-2016_సత్య సంస్థాపన/Satya samsthapana_EPISODE 025
UJXAcsZ-s14,channel,OPHIR LIVE TV( సత్య దేవుని విజయ హాసం ! !)
IFuEfZ12mR0,channel,OPHIR LIVE TV
EOdm5DuKDVU,channel,OPHIR LIVE TV
fN11eYRYj_o,channel,OPHIR LIVE TV( న్యాయ మైన అవకాశ వాదం !!)
dfOmne_cumU,channel,OPHIR LIVE TV
OCgo08DaMs4,channel,OPHIR LIVE TV
lH5xKAu3Y1E,channel,OPHIR LIVE TV( దేవుని దయా పూర్వక సంకల్పం )
SyRkrLH8Nu8,channel,బల వంతులు కావడం ఎలా ? | 11-Jan-2016 | Bible Study Message |  Dr AS Ranjeet Ophir
C4QVTPVXFLg,channel,25 December-2015_సత్య సంస్థాపన/Satya samsthapana_EPISODE 024
M9iNrpRcWRs,channel,SVS 31 December 2015_Part 2
HQwpF8qaoYo,channel,SVS 25 December 2015_Part 1
NEJ6mHlMLec,channel,OPHIR LIVE TV SUNDAY WORSHIP
6cK5yTOjOM0,channel,OPHIR LIVE TV  (రేపటి విశ్వ కేంద్రం- చంద్రుడు !!
2_U6x9MeQtY,channel,OPHIR LIVE TV న్యూ ఇయర్ సర్వీస్  సెకెండ్  మెసేజ్
J8AY_otWpYY,channel,OPHIR LIVE TV  న్యూ ఇయర్ సర్వీస్  ఫస్ట్ మెసేజ్
fogFaNhfdxg,channel,OPHIR LIVE TV
4OPcDOydmxc,channel,OPHIR LIVE TV   వాచ్ నైట్ సర్వీస్ మెసేజ్
p9Kd374je4s,channel,27-Dec-2015 | సజీవ యాగ రహస్యం!! | Sunday Service | Second Message | Apo Dr A S Ranjeet Ophir
QOhJ2ecgMY4,channel,OPHIR LIVE TV
rL0RDpiBvv8,channel,OPHIR LIVE TV
pliBX6qergU,channel,OPHIR LIVE TV
-wUp26woAEM,channel,OPHIR LIVE TV
FD1oHn14cGk,channel,OPHIR LIVE TV
IYjcrx9842k,channel,OPHIR LIVE TV
1VLBMb98JHo,channel,OPHIR LIVE TV
f4RURwtfTtw,channel,SVS 17 Dec 2015
VRD71U5B1d0,channel,OPHIR LIVE TV
oLZ8q5EEjZc,channel,27-november-2015_సత్య సంస్థాపన/Satya samsthapana_EPISODE 020
tU580WBoGZo,channel,OPHIR LIVE TV
FHiQ5antQ5o,channel,OPHIR LIVE TV dec 17th 2017 OPHIR LIVE TV 1ST EPSODE
SVjBwNwdQx8,channel,OPHIR LIVE TV
x51AUQ74c-c,channel,04th-December-2015_సత్య సంస్థాపన/Satya samsthapana_EPISODE 021
2Yt_5bYlbjI,channel,ONLY THE WAY IS JESUS   (SKIT)
UKpUt6ljJLM,channel,Musalamma mucchatlu kattipetti
q1-r-8awAKM,channel,Yehova namoralalinchenu
9JMQspIhbFg,channel,Oranna chinnanna raro
C41QXi2gD_M,channel,20-november-2015_సత్య సంస్థాపన/Satya samsthapana_EPISODE 019
2nRqG96Vzhw,channel,SVS_03 December 2015
wloByNAa9MI,channel,SM_22 November 2015
q-UBHk_h43g,channel,22. Rajaadhi Raaja / రాజాధి రాజా
gcuz6p2EqtE,channel,21. Parama Daivame / పరమ దైవమే
mpq1i4jPfto,channel,20. Pad Ke Kalaam / पडके कलाम
06TYn50sPn4,channel,19. Ooo Chakkani Chukka / చక్కని చుక్క
U-Z7eftDHds,channel,18. Kaisa Suhana / कैसा सुहाना
epYUkWAu7AE,channel,17. Din Hai Kushi Ka Hallelujah / दिन है ख़ुशी का
rq00GkhifdM,channel,16. Yemi Yemi Yentha Chithramu / ఏమి ఏమి ఎంత చిత్రము
-0ZamkuI6nE,channel,15. Jwalitha Bhanukoti / జ్వలిత భానుకోటి
Bs_gOpYOOwg,channel,14. Padavalo Yesu Swami / పడవలో యేసు స్వామి
wYGxhKYI4xs,channel,13. Chithramaina Panulu / చిత్రమైన పనులు
aRXXWDC4IlQ,channel,12. I come before You today
-yd1T-85XSU,channel,11.  Vachhindhi Vachhindhi / వచ్చింది వచ్చింది క్రిస్మస్
vX3BORUxqP0,channel,10. Aaja Usey Thu Chakle / आज उसे तू छकले
4oe1WBjcFZU,channel,9. Yesayya Puttaadani / యేసయ్య పుట్టాడని
L7Rlt9Mr2Y0,channel,7. Vinthaina Thaaraka / వింతైన తారక
sje8iF503jk,channel,6. Yesayya Janminche Bethlehemulo / యేసయ్య జన్మించె బెత్లెహేములో
idG4DwHgcA4,channel,5. Christmas Thatha Vachhaadu / క్రిస్మస్ తాత వచ్చాడు
-VmXhiBPlUU,channel,4. Yennelo Yennelaa / వెన్నెలో వెన్నెల
DNEw5w_h9TE,channel,3. Hero Hero / हीरो हीरो
elKq0L0bV50,channel,2. Yeshu Baba Aaya / ईशु बाबा आया
dJa346pBz6w,channel,1. Christmas Vachhindhayya Nedu / క్రిస్మస్ వచ్చిందయ్యా నేడు
b8uC9OKf69s,channel,13-november-2015_సత్య సంస్థాపన/Satya samsthapana_EPISODE 018
Te8-lTO0Q-o,channel,SVS_26 NOVEMBER 2015
1C6UYrhmiR0,channel,15-Nov-2015 | సకల ప్రవచనాల ఫలితం - నేటి యోహానులు! | Sunday Service Message | Apo Dr AS Ranjeet Ophir
3hbGFVv-DZg,channel,06-november-2015_సత్య సంస్థాపన/Satya samsthapana_EPISODE 017
UteLS5THWVo,channel,SVS_19 NOVEMBER 2015
tVqFj71eiQk,channel,30-OCTOBER-2015_సత్య సంస్థాపన/Satya samsthapana_EPISODE 016
0oF1IblUQKo,channel,SVS_12 November 2015
llQFt3hEwI8,channel,08-Nov-2015 | శాంతి సంతోషాల సింహద్వారం! | Sunday Service Second Message | Apo Dr A S Ranjeet Ophir
hwgeKA1Y48Q,channel,23-OCTOBER-2015_సత్య సంస్థాపన/Satya samsthapana_EPISODE 015
Qb56ldxhrgI,channel,SVS 05 NOVEMBER 2015
-eLEyqPd0HQ,channel,16-OCTOBER-2015_సత్య సంస్థాపన/Satya samsthapana_EPISODE 014
_dZ34jtmTlY,channel,01-Nov-2015 | జయజీవితానికి దగ్గరి దారి !! | Sunday Second Message | Apo  Dr A S Ranjeet Ophir
fE_L-R40vEg,channel,SVS_29 October 2015_సత్య విరోధుల మధ్య సత్య ప్రవక్త_Part 3_3
8YiPSlqH3hw,channel,09-OCTOBER-2015_సత్య సంస్థాపన/Satya samsthapana_EPISODE 013
LCyjBhjRjHo,channel,25-Oct-2015 | దైవ కార్యం యొక్క మానవ కోణం! |The human side of God's work! | Apo Dr A S Ranjeet Ophir
yjjzcwhvNaE,channel,SVS_22 October 2015_సత్య విరోధుల మధ్య సత్య ప్రవక్త_Part 2
Jmxqs1Eer04,channel,11-Oct-2015 | అరుణోదయ గర్భంలో మంచు?? |  Sunday Service Second Message |  Apo Dr A S Ranjeet Ophir
rrwtway2IoE,channel,02-OCTOBER-2015_సత్య సంస్థాపన/Satya samsthapana_EPISODE 012
t9ai9V1orF4,channel,Teachers Training Camp Promo
xEfPEKmRa8c,channel,SVS_15 October 2015_సత్య విరోధుల మధ్య సత్య ప్రవక్త_Part 1
f_M6N3bAgso,channel,Teachers Training Camp_Day 1
QbqayNUQpFs,channel,30-SEPTEMBER-2015_సత్య సంస్థాపన/Satya samsthapana_EPISODE 011
vEV43QfRwt4,channel,Ophir Ministries' Peace Rally for Gandhi Jayanthi in both Telugu States Andhra Pradesh & Telangana
LpdTqymMryk,channel,SVS_08 OCTOBER 2015_రాజ కుమారులు - ఆనందమయులు!_Part 2 / Raaja Kumaarulu Aanandamayulu_Part 2!
jrKFsqefE0A,channel,SVS_1 OCTOBER 2015_రాజ కుమారులు - ఆనందమయులు!_Part 1 / Raaja Kumaarulu Aanandamayulu!_Part 1
rjZWc2bX9w0,channel,SM 27 September 2015_రాజ కుమారులు - ఆనందమయులు ! / Raaja Kumaarulu Aanandamayulu !
KXES3P1ZCt8,channel,23-SEPTEMBER-2015_సత్య సంస్థాపన/Satya samsthapana_EPISODE 010
c8EB4Qa-7Zg,channel,SVS_24 September 2015_గెలుపు గుఱ్ఱం ఎక్కండి ! / Gelupu Gurram Yekkandi!
M0g8emVcKUQ,channel,20 -SEP- 2015 || సంఘ సభ్యత్వం ఎందుకు ?? || Sunday Service | Second Message | Apo Dr AS Ranjeet Ophir
yT-IfeYhk0c,channel,SVS_17 September 2015_మంగళ స్నానానికి పరిమళ ద్రవ్యాలు!! / Mangala Snaanaaniki Parimala Dravyaalu!!
1eyenxxBkGM,channel,13-Sep-2015 | క్రీస్తు భక్తుల ముఖ్య లక్షణం!! | Sunday Second Message |  Apo Dr A S Ranjeet Ophir
s9tUJG9A9W0,channel,02 September 2015_సత్య సంస్థాపన / Sathya Samsthapana_Episode 007
q52OODvU_N0,channel,09 September 2015_సత్య సంస్థాపన / Sathya Samsthaapana_Episode 8
ObyP410ky6c,channel,SVS 10 SEPTEMBER 2015_పెండ్లి కూతురికి మంగళ స్నానం !!
rReHFwznzj8,channel,SM 6 September 2015_పరిమితులలో అపరిమితుడు !!!
71tg2u0G4HI,channel,SVS _03 SEPTEMBER 2015_సంఘమును వధువుగా నిర్మించి !!!
3-iwKq2Nins,channel,Apostle Ranjith Ophir's 2015 Birthday Celebrations
E3WhuAqyWDQ,channel,26 August 2015_సత్య సంస్థాపన / Sathya Samsthaapana_Episode 6
3dgsJlgPPH0,channel,27-Aug-2015 | దూతలో రెండు భాగాలు! | ప్రకటన గ్రంథ సందేశాలు | Apo Dr AS Ranjeet Ophir
5JySrVw79hc,channel,19 August 2015_సత్య సంస్థాపన / Sathya Samsthapana_Episode 005
TANwDKIiEcI,channel,23-Aug-2015 | సంశయాలు లేని వారే కార్యసాధకులు | Sunday Service Second Message | Dr AS Ranjeet Ophir
P9ybGG97Tsw,channel,16-Aug-2015 | దేవుడు ఎవరి పక్షం? | Sunday Service Second Message | Apo Dr AS Ranjeet Ophir
18ZKZo15y7U,channel,13-May-2015 | సువార్త విరోధులకు వచ్చిన తిప్పలు | సర్వసత్య మహా సభలు | నరసన్నపేట | Dr AS Ranjeet Ophir
IAFo-eJB1ek,channel,ORISA Promo
mnphok-ei-A,channel,15-aug-2015_Promo_At KPBH colony
53HrzUXNSP4,channel,SVS_20 Aug 2015_మనము పొందబోవుచున్న స్వాతంత్ర్యము !
fE_tAnaF510,channel,12 Aug 2015_సత్య సంస్థాపన / Sathya Samsthapana_Episode 004
A5B7sqZx6qk,channel,13-Aug-2015 | కృపా కాలం మూయబడుతోంది! | ప్రకటన గ్రంథ సందేశాలు | Apo Dr AS Ranjeet Ophir
U0164pLekJA,channel,05 July 2015_సత్య సంస్థాపన / Sathya Samsthapana_Episode 003
ZtqLJ5FTvZU,channel,09-Aug-2015 |యోహానులే సింహాసన వారసులు! | Sunday Service Second Message |  Apo Dr AS Ranjeet Ophir
nclGhDWym_A,channel,02-Aug-2015 | మరి ఎవని యొద్దకు వెళ్ళుదుము? | Sunday Service Second Message | Apo Dr AS Ranjeet Ophir
uEScXQAZiZo,channel,23-Jul-2015 | గెలుపు గుఱ్ఱం ఎక్కండి! | ఓలీవల కొండ | ఆశీర్వాదకరమైన ఒక రోజు |  Apo Dr AS Ranjeet Ophir
eFOHa4pTA7A,channel,దేవా నా హృదయము | Telugu Christian Song | Apo Dr A S Ranjeet Ophir
3wwysI2p7vo,channel,సకలము మరచి | sakalamu marichi   | Telugu Christian Song | Apo Dr A S Ranjeet Ophir
BafU2A6CqBo,channel,Bhajeham Bhajeham/ భజేహం భజేహం
OatNhXI0xh0,channel,sthuthi paadedha / స్తుతి పాడేద నే నీకోసమే
XxmmOPMS1hM,channel,tu hi to hai haq
F0Ec1ufGeiM,channel,Musalamma / ముసలమ్మ ముచ్చట్లు
vvTQtur44h0,channel,promo
YmjYocdkBJY,channel,SVS_6 August 2015_అంత్యవారము లో మూడవ మహా శ్రమ !! / Anthya Vaaramulo Moodava Mahaa Srama
tcDm9fDcSvo,channel,29 July 2015_సత్య సంస్థాపన / Sathya Samsthapana_Episode 002
jkTb8sBVNjQ,channel,30-July-2015 | ప్రపంచ చరిత్రలోని అతి గొప్ప విషాదం! | సత్య వేదసారం |  Apo Dr A S Ranjeet Ophir
IcHicuOoam8,channel,22 July 2015_సత్య సంస్థాపన / Sathya Samsthaapana_Episode 001
xVKi6Vm3XS0,channel,23-Jul-2015 | భూనివాసుల మీద నలుగురు దుష్ట దూతల దాడి | ప్రకటన గ్రంధ సందేశము | Apo Dr AS Ranjeet Ophir
nkrSC9lwHno,channel,19-July-2015 | పరలోక వారసుల ముఖ్య లక్షణం ! | Sunday Second Message | Apo  Dr A S Ranjeet Ophir
4hpkBSLJt7I,channel,Apostle Addanki Ranjith Ophir Live on Calvary TV
7u29iPxGVw8,channel,12-Jul-2015 | దేవుని విమర్శలో శ్రేష్ట భక్తులు!! | Sunday Second Message | Apo Dr A S Ranjeet Ophir
xpn9tsKEJNw,channel,14-May-2015 | రక్షణ సులభంగా ఎందుకు రాదు?? |  Evening Gospel Meeting I Apostle Dr A S Ranjeet Ophir
-wpoHyY5AwI,channel,Classical Performance
mDBac0eO9uI,channel,PROMO
t_UUkAg_6Q8,channel,16 May 2015 Prashnotthari
qqkodVf6dP8,channel,15 May 2015 Prashnotthari
LjTwmUBSAqs,channel,14 May 2015 Pastors & Leaders Fellowship
TzYpnTWyUjY,channel,05-July-2015 | హితబోధకు పరిరక్షకులు !! | Sunday Service Second Message | Apostle Dr AS Ranjeet Ophir
6GHuR1YGshU,channel,16-July-2015 | బెడిసికొట్టిన భ్రష్టుల తెలివి?? |  శుభవార్త టీవీ | సత్య వేదసారం | Dr AS Ranjeet Ophir
y5a98l52gek,channel,09-July-2015 | నేర్పరియైన అబద్ధికుడు!! | శుభవార్త టీవీ | సత్య వేదసారం | Apostle Dr AS Ranjeet Ophir
0amOKTyNYtc,channel,25-June-2015 | సత్యము కొరకు ఆసక్తిపరులు ఎక్కడ?  | Thanuku Gospel | Apostle Dr AS Ranjeet Ophir
nsuPUM9OD3k,channel,Tanuku Day 3 Evening
9jgaBkZ2OiI,channel,Tanuku Day 3 Bible Study
wrspdnDav-I,channel,Tanuku Day 2 Bible Study
5NF7MMYwczo,channel,Tanuku day 1 Bible Study
LQQiM3I8kR4,channel,Tanuku Day 1 Evening
moLyY5vuT_Q,channel,Tanuku Intro
x2v4Mg0sWcQ,channel,Song
7Z2GNq8Vk2U,channel,Promo Tanuku
pRq7T3CJ09Q,channel,25-June-2015 | సత్యము కొరకు ఆసక్తిపరులు ఎక్కడ?-Part 3 | Thanuku Gospel | Apostle Dr AS Ranjeet Ophir
HvuzcdjCPPU,channel,భజేహం భజేహం _దేవుని ప్రియ శిష్యుడు ఆచార్యులు అద్దంకి రంజిత్ ఓఫీర్ గారి మధురమైన క్రొత్త గీతం
gP0oKZOvJS0,channel,25-June-2015 | సత్యము కొరకు ఆసక్తిపరులు ఎక్కడ?-Part 2 | Thanuku Gospel | Apostle Dr AS Ranjeet Ophir
ObCI7yjCSFs,channel,25-June-2015 | సత్యము కొరకు ఆసక్తిపరులు ఎక్కడ?-Part 1 | Thanuku Gospel | Apostle Dr AS Ranjeet Ophir
9oyrI26xfOE,channel,SVS_11 June 2015_Part 3_పరిశుద్ధుల సహవాసం లో కీలక రహస్యం
MkhvrNgFSWY,channel,SVS_4 June 2015_పరిశుద్ధుల సహవాసం లో కీలక రహస్యం
-Ttel8vqO4o,channel,28-May-2015 | పరిశుద్ధుల సహవాసంలో కీలక రహస్యం | శుభవార్త టీవీ సత్య వేదసారం | Apo Dr AS Ranjeet Ophir
qubJdqzSU8w,channel,07-May-2015 | బూరలు ఊదటం ఎందుకు? | శుభవార్త టీవీ | సత్య వేదసారం | Apostle Dr AS Ranjeet Ophir
p2o5PpzAJDE,channel,SBVT_14_May_2015
CuXPRhsvYdw,channel,23-Apr-2015 | ఇద్దరు సాక్షులను గూర్చిన సంపూర్ణ సమాచారం! | వేదసారం | Apostle Dr AS Ranjeet Ophir
TUX9nabIe_0,channel,16-Apr-2015 | నడచి వస్తున్న ఒలీవ చెట్లు! |శుభవార్త టీవీ | సత్య వేదసారం | Apostle Dr AS Ranjeet Ophir
pjF3A8z4PbE,channel,09-Apr-2015 | తెరువబడిన మర్మగ్రంధంలో మొదటి పేజీ | శుభవార్త టీవీ | సత్య వేదసారం | Dr AS Ranjeet Ophir
YFuLpdLTERM,channel,SBVT_2-April-2015_మహా శ్రమల కాలంలో యేసు శ్రమల వార్త
-B9xm1L_Geo,channel,SBVT_26-March-2015_అధికారం అబద్ద క్రీస్తుకు ఉంటే మనం ఎలా గెలుస్తాం
WSjIXCIXSYk,channel,15-Mar-2015 | దేవునిలో మానవ కోణం! |  Sunday Service Second Message | Apostle Dr AS Ranjeet Ophir
9QbhbTJdSCg,channel,SVS_12-March-2015_అంత్య కాలపు భక్తులలో రెండు వర్గాలు / Anthya Kalapu Bhakthulalo Rendu Vargaalu
W_pvwpNhIss,channel,08-Mar-2015 | దుష్ట మేధావి పై విశ్వ జ్ఞాని విజయం! | Sunday Second Message | Apo Dr A S Ranjeet Ophir
Omwvcx7ywJA,channel,05-March-2015_నేటి పిల్లులే - రేపటి పులులు / Neti Pillule - Repati Pululu
e_ScmKsWy6g,channel,SVS_26-february-2015_Anthyakaalapu Bhakthulalo Rendu Vargaalu / అంత్యకాలపు భక్తులలో రెండు వర్గాలు
HQ-wu7D3TTk,channel,28-Dec-2014 | రాజులైన కనిష్టులు | Sunday Second Message | Apo Dr A S Ranjeet Ophir
DZjNoInz5xY,channel,SVS_19-february-2015_నవ్వులపాలైన సాతాను రాజ్యం / Navvulapaalaina Saathaanu Rajyam
5MuY5z4kOAs,channel,15-Feb-2015 | కృపారక్షణలో పవిత్ర ధిక్కారం!! | Sunday Service Message | Apostle Dr AS Ranjeet Ophir
leqOoNGjhlg,channel,Every Christian can break the rule by living in grace
AX-cDizpY28,channel,12-Feb-2015 | మహా శ్రమల అగ్నిగుండంలో నాలుగవ వ్యక్తి! | సత్య వేదసారం | Apostle Dr AS Ranjeet Ophir
YusCWMVGwOE,channel,08-Feb-2015 | సకల సమస్యలకు అసలు పరిష్కారం! | Sunday Service Message | Apostle Dr AS Ranjeet Ophir
s_hTR5jBeQE,channel,05-Feb-2015 | శ్రమలకాలం కాదు దేవుని ప్రత్యక్షతా కాలం! | సత్య వేదసారం | Apostle Dr AS Ranjeet Ophir
H9oYK4aN55c,channel,01-Feb-2015 | ఉత్తమ భక్తులకూ సంస్కరణ కావాలి! | Sunday Service Message | Apostle Dr AS Ranjeet Ophir
GWpwtCmyv_g,channel,25-Jan-2015  | శ్రేష్ట భక్తులకు ముఖ్య పాఠం! Sunday Service Message | Apostle Dr AS Ranjeet Ophir
BU5K5P6vPXM,channel,25-Jan-2015 | పరిశుద్ధత కోసం అత్యవసర జ్ఞానం! | Sunday Service | First Message | Dr AS Ranjeet Ophir
zUVTsYFOWpc,channel,11-Janu-2015 | సామాన్యులు చేస్తున్న అసాధారణ పరిచర్య! | Sunday Service Message | Dr AS Ranjeet Ophir
OEqUqTQ0Glo,channel,29-Jan-2015 | అన్నిటి అంతం యొక్క ప్రారంభం! | శుభవార్త టీవీ | సత్య వేదసారం | Dr AS Ranjeet Ophir
vQxjg5cnNsA,channel,Satan's strategy behind women's beauty / औरत की खूबसूरती के पीछे शैतान की जाल I
1zvuOGv4CiE,channel,14. Padavalo Yesu Swami / పడవలో యేసు స్వామి
6n3Bq2jJwTQ,channel,13. Chithramaina Panulu / చిత్రమైన పనులు
9nPEdOGptCI,channel,10. Aaja Usey Thu Chakle / आज उसे तू छकले
BsKvB9rhvVo,channel,5  Christmas Thatha Vachhaadu / క్రిస్మస్ తాతా వచ్చాడు
DWiW3jSkzC0,channel,3. Hero Hero Hero / హీరో హీరో హీరో
DlulINJfrSU,channel,15. Jwalitha Bhanukoti / జ్వలిత భానుకోటి
EKk49MNCoxU,channel,1. Christmas Vachhindhayya Nedu / క్రిస్మస్ వచ్చిందయ్యా నేడు
EY8OsrnqHMA,channel,7. Vinthaina Thaaraka / వింతైన తారక
LT--NYng85A,channel,6. Yesayya Janminche Bethlehemulo / యేసయ్య జన్మించే బెత్లెహేములో
OXl7dezRED8,channel,2. Yeshu Baba Aaya/ ఈశు బాబా ఆయా
Q2Pbg9y22ag,channel,22. Rajaadhi Raaja / రాజాధి రాజా
Rs97AIi6L-w,channel,17. Din Hai Kushi Ka Hallelujah / दिन है ख़ुशी का
UcRI5cldEHw,channel,23  Skit 2
VlTovaEqhcI,channel,4. Yennelo Yennelaa / యెన్నెలో యెన్నెలా
WJbPHKR7r60,channel,11. Vachhindhi Vachhindhi Christmas / వచ్చింది వచ్చింది క్రిస్మస్
amBiJ2BO-8Y,channel,21. Parama Daivame / పరమ దైవమే
aqpTsNXkB_o,channel,19. Ooo Chakkani Chukka / ఓ చక్కని చుక్క
dV8HZyzqscc,channel,9. Ambaraaniki antelaa / అంబరానికి అంటేలా
ldh7VUG3j2E,channel,20. Pad Ke Kalaam / पद के कलाम
p-cVkcG_50c,channel,8. Skit 1
rk-9pQ7XHAI,channel,16. Yemi Yemi Yentha Chithramu / ఏమి ఏమి ఎంత చిత్రము
xXX6rDpJvzo,channel,12. English Song
xtf5NAkpd1Y,channel,18. Kaisa Suhana / कैसा सुहाना
qK2FblrJBlo,channel,Speeches
KWhDX5kkHl8,channel,పశుశాలలో నీవు పవళించినావ | క్రిస్మస్ సాంగ్  | Apo Dr A S Ranjeet Ophir
1XlQArXH6b8,channel,10. Yehova na mora /  యెహోవ నా మోర
38CwkH8c0AI,channel,7. Yeshu mujhe pyaar kartha / ईशु मुझे प्यार करता / ఈశు ముఝె ప్యార్ కర్తా
K546bxSbGsg,channel,5. Everybody likes to take a holiday
LKg9mpzKa7w,channel,3. Tintinana tin / టిన్ టిననా టిన్
NOhDC9Ao1AM,channel,8. Oranna chinnanna / ఓరన్నా చిన్నన్న
PoE_TqKctfs,channel,6. Tera raaj aave / तेरा राज आवे / తేరా రాజ్ ఆవె
UkXPPR1z62k,channel,9. Dutha ganamu /  దూత గణము
WitQ7Ez-fFE,channel,11. Skit_Yesu rakada / యేసు రాకడ
oThpsqzWR20,channel,2. Aakasamlo oka chukka puttindhi / ఆకాశంలో కొత్త చుక్క పుట్టింది
wB8pXlbAwLU,channel,1. Musi musi navvula christmas thatha / ముసి ముసి నవ్వుల క్రిస్మస్ తాత
wlAD7IHhnPg,channel,4. Musalamma muchhatlu / ముసలమ్మ ముచ్చట్లు
zQy8dKL5VeA,channel,12. Skit_Praloka dvaramu / పరలోక ద్వారము
P9hW8BjFx28,channel,Kula Vyavastha Kuppa Koolali 01/03(0002)
TMaxDb2MfiI,channel,Kula Vyavastha Kuppa Koolali 02/03(0003)
ZMWK0ONFjj8,channel,Kula Vyavastha Kuppa Koolali 03/03(0004)
0pWd0fGJkp0,channel,SVS_22 January 2015_భక్తుల శ్రమలు దేవుని కోపమా ? / Bhakthula Sramalu Devuni Kopamaa?
WrQwhUkKG5k,channel,18-Jan-2015 | ఆనందమే అసలైన సువార్త! |  Sunday Service  Second Message | Apostle Dr AS Ranjeet Ophir
4s381O5jgyI,channel,15-Jan-2015 | నెలలు నిండక ముందే పురుటి నొప్పులా? | Satya Veda Saaram | Apo Dr A S Ranjeet Ophir
nU4u9btAO7s,channel,08-Jan-2015 | పప్పులో కాలు వేసిన రాకడ బోధకులు! | శుభవార్త టీవీ | సత్య వేదసారం | Dr AS Ranjeet Ophir
qmK2B597VSo,channel,SVS_1 January 2015_మన వ్యక్తిగత జూబ్లీ!! / Mana Vyakthigatha Jubilee
64G9xKjgpgA,channel,25-Dec-2014 | రారాజు జననం!! | శుభవార్త టీవీ | సత్య వేదసారం | Apostle Dr AS Ranjeet Ophir
g6EowYJSABE,channel,18-Dec-2014 | జగన్నాటక సూత్రధారి క్రీస్తే !! | Pre Christmas Message | Apostle Dr A S Ranjeet Ophir
NIhbCJuK9Cw,channel,16-Nov-2014 |  ధర్మ రక్షకులా? ధర్మ విరోధులా? | Gospel Meeting |  Apo Dr A S Ranjeet Ophir
3RDwmXQ1I-w,channel,16-Nov-2014 | పాపం-పరిశుద్ధత-క్రొత్త నిర్వచనం!! |  Sunday First Message | Dr AS Ranjeet Ophir
VmUYX3Pk4-0,channel,15-Nov-2014 | భారతీయ క్రైస్తవుడి గుండెల్లో అశోక నినాదం! | Gospel Meeting |  Apo Dr A S Ranjeet Ophir
koTgpiIprVM,channel,"15-Nov-2014 | వధువు నిర్మాణం లో కీలక ఘట్టము! | సర్వ సత్య మహా సభలు,సబ్బవరం | Apo Dr A S Ranjeet Ophir"
mh7HOX-uzVg,channel,14-November-2014_Eve_యేసు వివాహితుడా?!
XRFN0Qa_zuE,channel,14-Nov-2014 | సంపూర్ణ సిద్ధి అంటే ఏమిటి ? | బైబిల్ పరిశోధన తరగతి | Apo Dr A S Ranjeet Ophir
TE3RXpXeWXI,channel,13-Nov-2014 | అసత్య ప్రచార ఖండన!! | Gospel Meeting |  Apo Dr A S Ranjeet Ophir
PMqFPscO9dc,channel,13-Nov-2014 | లేఖన జ్ఞాని పొందవలసిన కుమార ప్రత్యక్షత! | Bible Study Message | Dr A S Ranjeet Ophir
CPAcluBP8xs,channel,07-Dec-2014 | మన సమస్యల వెనుక దేవుని అనంత జ్ఞానము!! | Sunday Service | Apo Dr A S Ranjeet Ophir
9PqJf4hsjaM,channel,30-Nov-2014 | భక్త శ్రేష్టుని విచిత్ర కానుక! | Sunday Service Message |  Apostle Dr AS Ranjeet Ophir
4Jy_zF-7O9Y,channel,11-Dec-2014 | ఒక చిన్న రాజుకు ప్రపంచ ఆధిపత్యం ఎలా సాధ్యం?! | సత్య వేదసారం | Apo Dr AS Ranjeet Ophir
ttVW65KTsYQ,channel,Truth that sets you free / जो सत्य आपको आज़ाद करता है
rq9v-0YNDD8,channel,The ultimate result of John 3:16 / यूहन्ना की आख़री आसार
1KmP3hb5Xx0,channel,Shortcut to Heaven..!! / स्वर्ग जाने के लिए छोटा रास्ता !!
8ROohnQmHeI,channel,Avathar ke kaaran / अवतार के कारण
UCm5XfAiJpo,channel,The Resurrection of the Church / कलीसिया की पुनरुद्धान्
Bej6Ze8cXqU,channel,The Bible and the Science / बाइबिल और शास्त्रीय विज्ञान
MjuiJh2qV1I,channel,"18-Oct-2014 | ఉపకారికి అపకారం | Bible Study | Katni, Madhya Pradesh | Apo Dr A S Ranjeet Ophir"
ejYYwXykhDM,channel,The saving Faith ! / उद्धार कारक विश्वास !!
5QiExLRg6W8,channel,SVS 4 December 2014_యేసు వివాహితుడా?! / Yesu Vivaahithudaa ?!
I24qhiPns9U,channel,A Blessfull Day_4 Feb 2013 in Kolkata_Second Message
vFhOjc8cuSM,channel,A Blessfull Day_4 Feb 2013 in Kolkata_First Message
_As4qPCsF8w,channel,27-Nov-2014 | అద్భుతం చేసే ప్రతివాడు దేవుడేనా? | శుభవార్త టీవీ | సత్య వేదసారం | Dr AS Ranjeet Ophir
db9Y-nOeb_c,channel,20-Nov-2014 | నకిలీ క్రీస్తుకు ముందు నకిలీ యోహాను | శుభవార్త టీవీ సత్య వేదసారం | Dr AS Ranjeet Ophir
bqB9cYCiAJg,channel,13-Nov-2014  | ఎవరీ బబులోను వేశ్య ? | | శుభవార్త టీవీ | సత్య వేదసారం | Dr AS Ranjeet Ophir
ziXT2CkGaHE,channel,09-Nov-2014 | కృప యొక్క చివరి నేస్తం | Sunday Second Message | Apo Dr A S Ranjeet Ophir
xwLPcc0zkRQ,channel,06-Nov-2014 |అంత్యకాలపు ప్రపంచ వాణిజ్య కేంద్రము | శుభవార్త టీవీ | సత్య వేదసారం | Dr AS Ranjeet Ophir
UwJtL6YJLWM,channel,Apostle Ophir's Challenge to the Indian Nation !!!
cvbnlkpG3W4,channel,02-Nov-2014 | విజయానికి రాజమార్గం!! |  Sunday Service  Second Message | Apostle Dr AS Ranjeet Ophir
17HnqmfZbgs,channel,Ensure your Salvation/अपनी उद्धार को निश्चय करो
geEm4XBJn_o,channel,The Christ of Madhya Pradesh/मध्यप्रदेश का ईशु
3ROpSt1d6lc,channel,30-Oct-2014 | అంత్యకాలంలో క్రొత్త మతం! |  శుభవార్త టీవీ | సత్య వేదసారం | Dr AS Ranjeet Ophir
Eb2HfEUGEgA,channel,The Saving Faith/उद्धार कारक विश्वास
zAC-fnHj1ds,channel,26-Oct-2014 | అగాపే సంఘాల ఆధిక్యత ఏమిటి ? | Sunday Service Second Message | Apo Dr A S Ranjeet Ophir
Pm_r634c1M4,channel,05-Oct-2014 | మనమెరుగని  మన ప్రియ బంధువు! | Sunday Second message |  Apo Dr A S Ranjeet Ophir
-ZblyuyjVDw,channel,14-Sep-2014 | మన సమస్యల మూలము! | Sunday Second Message | Apostle Dr A S Ranjeet Ophir
3_2eTuyhB-0,channel,07-Sep-2014 | హనోకు మారు మనస్సు!! | Sunday Service | Second Message | Apo Dr A S Ranjeet Ophir
HJB2y6XU6o0,channel,26-Jan-2014 | విశ్వాసం లేని విశ్వాసులు! | Sunday First Message | Apo Dr A S Ranjeet Ophir
bUPgsQQ3KxM,channel,Moorkhula Noru Mooyinchandi_2 march 2014_1st message
mzIgfilTlp0,channel,నీతులు మాట్లాడే సాతాను | 09-Mar-2014 | Sunday Service Second Message  | Dr AS Ranjeet Ophir
2p5TVAboXpc,channel,Gaayapadakunda Samaadhaanapadalemu_2 march 2014_second message
P4X17apCFVQ,channel,Anthya Kaalapu Balashurula Dandu_26 January 2014
V0AGXhlESGw,channel,23-Feb-2014 | దేవుడు యధార్ధవంతుడా ?? | Sunday Second Message | Apo Dr A S Ranjeet Ophir
rSkjEZIV82M,channel,09-Feb-2014 | విందు శాలకు మన ప్రయాణం!! | Sunday Service Second Message | Apo Dr A S Ranjeet Ophir
tvH_FTQzgys,channel,02-Feb-2014 |  సంపూర్ణ సిద్ధి యొక్క పూర్వాపరాలు!! | Sunday Second Message | Apo Dr A S Ranjeet Ophir
vBA-s6wHoCw,channel,Bhakthulanu Gurthinchandi !!!_16 february 2014
f9qtZMP-IFw,channel,08-Dec-2013 | దీవెనకరమైన తికమక | Sunday Second Message |Apo Dr A S Ranjeet Ophir
E3pIscLDgFg,channel,Mana Rakshana Nishchayatha 15th Dec 2013
BaJsaeNzNRs,channel,25 Dec 2013 | యేసు క్రీస్తును పూజించడం ఎందుకు? | Sunday First Message | Apo Dr A S Ranjeet Ophir
lYZ5jiKU9yg,channel,25-Dec-2013 | నడిపించే నక్షత్రాలు! | Sunday Service Message |  Apostle Dr AS Ranjeet Ophir
Q3H0VDVnCLs,channel,Anivarya Krupa 31 Dec 2013
-Qwcae0qLGs,channel,01-Jan-2014 | హృదయానికి పెదవులకు అనుసంధానం!  New Year Message  |  Apostle Dr AS Ranjeet Ophir
LHLOpr1EjzM,channel,01-Jan-2014 | సాతాను వ్యూహానికి ప్రతివ్యూహం! |  Sunday Service Message |  Apo Dr AS Ranjeet Ophir
ZiY_xqyflh0,channel,05-Jan-2014 | సన్బల్లటు టోబియాలకు చెరో నమస్కారం! | Sunday Service Message | Apo Dr AS Ranjeet Ophir
lbp0G1v1RsE,channel,12-Jan-2014 | హృదయంలో క్రీస్తు రాజు పరిపాలన! |  Sunday Service Message | Apostle Dr AS Ranjeet Ophir
nf4baJEoFA4,channel,19-Jan-2014 | పరిమితులలో అనంతుడు! Sunday Service Message |  Apostle Dr AS Ranjeet Ophir
R9GMKWW8Z8w,channel,26-Jan-2014 | అయోగ్యులకు ఆశీర్వాదం! | Sunday Service Message |  Apostle Dr AS Ranjeet Ophir
Ofdq13h0V_E,channel,Apostle Ranjith Ophir's Sermons
01zv0D8kmAc,channel,19-Feb-2014 | భక్తుల జ్ఞానము | Bhakthula gnanamu | Bible Study | Rajamundry | Dr A S Ranjeet Ophir
FMeMTL0icUM,channel,18-Feb-2014 | భరతమాత కష్టాలకు కారణం! | Gospel meeting | Rajamundry | Apostle Dr A S Ranjeet Ophir
KSCMCt6myJ4,channel,19-Feb-2014 | మనపట్ల దేవుని చిత్తము! | Gospel Meeting |  Apo Dr A S Ranjeet Ophir
LhQ27ipYgFU,channel,17-Feb-2014 | యెహోవాయే ప్రసంగీకుడైతే!! | Rajamundry Meetings | Apo Dr AS Ranjeet Ophir
clzFRfA_e_M,channel,18-Feb-2014 | దావీదు భూదిగంతాలలో ఉన్నాడా ? | Bible Study | Rajamundry |  Apo Dr A S Ranjeet Ophir
PbtlHVKlHpU,channel,RANJITH OPHIR/VEDAALA LO SATHYA DARSHANAM part9
UtECfsY_5Kk,channel,RANJITH OPHIR///THE MARKS OF THE VIRTEOUS WIFE! OF CHRIST!!!!
EW9CUJm13Rk,channel,మోహము వెనుక మర్మము! స్త్రీల పునరుజ్జీవన సదస్సు | PART- 2 | Apo Dr A S Ranjeet Ophir
oXCTEdAwr-I,channel,RANJITH OPHIR/ HOW TO KNOW GOD?
ic-_ataYXRU,channel,RANJITH OPHIR/SRUSHTI LO STHREELU YENDHUKU ??
Lui3wqU8RHU,channel,RANJITH OPHIR/ T S STATE D. CM. DR. T .RAJAYYAGARU. DEEVUNETO SAHAVASAM
lE45XRM2rSI,channel,"RANJITH OPHIR TATA NAGAR """"THE LORD SAYS"""""
8kd7nSWq-eg,channel,"RANJITH OPHIR TATANAGER ""'THE LORD SAYS """" PART 2 SECOND DAY"
xhYAswcKcgA,channel,RANJITH OPHIR MINISTRIES 2014 INDEPENDENCE DAY CELEBRATION'S
NOYgQoNQjMs,channel,RANJITH OPHIR/VEDAALA LO SATHYA DARSHANAM part5
QLzMPP34a-0,channel,RANJITH OPHIR/VEDAALA LO SATHYA DARSHANAM part7
eHR15Rit920,channel,RANJITH OPHIR/VEDAALA LO SATHYA DARSHANAM part8
r82kv1mEpqk,channel,RANJITH OPHIR/VEDAALA LO SATHYA DARSHANAM part6
04Kv-B2-sDs,channel,RANJITH OPHIR/VEDAALA LO SATHYA DARSHANAM part3
6k0XumMXsEM,channel,RANJITH OPHIR/VEDAALA LO SATHYA DARSHANAM 4
Z-ym8wxx9OM,channel,సర్వ శుభదాయక l Sarva Shubhadaayaka l యాత్రికుడి పద ధ్వనులు | By Apo Dr A S Ranjith Ophir
Vefcc5wEMeg,channel,దేవదర్శన దినోత్సవం / Devadarshana Dinothsavam
vaIYHH-joMs,channel,RANJITH OPHIR/NEW SONG
ypi9O8Y89RU,channel,RANJITH OPHIR/VEDAALA LO SATHYA DARSHANAM
f14pq-kNAP4,channel,RANJITH OPHIR/VEDAALA LO SATHYA DARSHANAM 2
9H8sl5KH-cs,channel,Copy of OPHIR MINISTRIES INTERNATIONAL AGAPE CHILD EVANGELISM VBS 2014 AT KPHB
68VdsskRSdI,channel,OPHIR MINISTRIES INTERNATIONAL AGAPE CHILD EVANGELISM VBS 2014 AT KPHB
JlyI3JRkKVM,channel,OPHIR MINISTRIES INTERNATIONAL AGAPE CHILD EVANGELISM VBS 2014 AT KPHB
fGTbIv-3YVo,channel,OPHIR MINISTRIES INTERNATIONAL AGAPE CHILD EVANGELISM VBS 2014 AT KPHB
sMS-2YnoCxE,channel,OPHIR MINISTRIES INTERNATIONAL AGAPE CHILD EVANGELISM VBS 2014 AT KPHB
yZXkPSItZWc,channel,OPHIR MINISTRIES INTERNATIONAL AGAPE CHILD EVANGELISM VBS 2014 AT KPHB
XnkiqmP1_0Y,channel,Ranjith ophir ministries ACE VBS@2014kphb
duMCQcu9ieM,channel,RANJITH OPHIR/DEVA DARSHANA DENOTHSAVAM (EVENING MEETING MESSAGE)
3jxKqJfhWZw,channel,Ranjirh ophir satyadevuduevaru?4
FmmXAFeeTeE,channel,MSG00005Ranjirh ophir satyadevuduevaru?1
cwKnkO1YI4U,channel,MSG00006Ranjirh ophir satyadevuduevaru?3
yLGk86BSrz4,channel,MSG00006Ranjirh ophir satyadevuduevaru?2
BhTBgl8aXdA,channel,MSG00004DEVA DARSHANA DENOSTHAVAM-ORDAINED PASTORS AND LEADERS MEET MESSAGE
bbvL4jdTboM,channel,SampleClipOutdoor
QekhcA19Tpw,channel,MSG00002SUN-KP-14042013-2ndMsg
PcDIKcTlrpk,channel,MSG00003SIM-KP-28042013_2ndMsg
_913jKL9GU8,channel,Indian Christian1
xrlvBSaQH2o,channel,Shine for Jesus
2N93KTX8H4Y,channel,Clean Man - Skit
TC8q43ZuhWQ,channel,Easter Sunrise Worship 2012
zNsZ5VM7hSw,channel,"ACE Club, Vizag"
vUbJBBuYGi0,channel,ACE club Vizag
t71pDXnLv00,channel,Ophir Ministries Palm Sunday 2012
rgA-838V6Co,channel,Palle Pallello
eDnogJBcZPQ,channel,Jesus the Saviour is born
AMKCpYQOleU,channel,Srushti Kartha Yesu Deva | Christmas Celebrations | ACE club | Ophir Ministries
BmysGsFDJOA,channel,KPHB Christmas Celebration 2011
8FBPQ4agpG8,channel,Palm Sunday
1Sveia0JXTM,channel,Snehaseela Charitable trust - Ophir Ministries
ydZYtRy25s4,channel,Invitation - Ophir Ministries
VFaK3gNlrNU,channel,Snehaseela Charitable Trust
uYHnQ_sKSgM,channel,God's Vision for Pastor Ophir
3pJxVrc-ZhI,channel,Rashtriya Kraisthava Parishad - Ophir Ministries
qYv0Sz3w5UE,channel,"Ace club, Vizag"
W7JE7PuW7XQ,channel,Agape Banjara Mission - Ophir Ministries
vNETfO4Z-DI,channel,Apostle Ophir's Telugu Literature Intro
zDviyQV1Lw0,channel,Health and Holiness - By Pastor Ophir
uZa5q6TQqZA,channel,MSG 00001A Brief Testimony of Pastor Ophir
XNDWKgcCG2k,channel,Ophir Ministries Miyapur Christmas Celebration 2011
s90Fx9RxWRU,channel,The True Gospel by Apostle Ranjith Ophir
JZx2Yf_bxWU,channel,Books Intro
HEID-hKmm7M,channel,Ophir Ministries - Aao Milke Sthuthi.flv
jDfwtCIDzUI,channel,Snehaseela Charitable Trust - Ophir Ministries
rom6EyPluJs,channel,Ophir Ministries - Miyapur ACE CLUB
wDsoQlXBUvg,channel,Ophir Ministries - Miyapur
88bCKeKJfv4,channel,Ophir Ministries - Satavahana ACE CLUB
5WAGRew8m8s,channel,Glimpse of Ranjith Ophir's musical night @ Kurnool(0005)
ekuy6t7rKhM,playlist,#ksmlive : 276 l Ksheerasagara Madhanam | Q&A | Apo. Ranjith Ophir | Maark Babu | 06-06-26
XPKhj9Qf6vs,playlist,#ksmlive : 274 | Ksheerasagara Madhanam | Q&A | Apo. Ranjith Ophir | Maark Babu | 23-05-26
2UF8IFftxM8,playlist,#ksmLive: 273 | Ksheerasagara Madhanam | Q&A | Apo. Ranjith Ophir | Maark Babu | 16-05-26
xTgDSyc8jrE,playlist,#ksm : 271: Ksheerasagara Madhanam क्षीरसागर मंथन #QandA Ranjith Ophir l Mark Babu 25-04-2026
A5eqDx_IZ8g,playlist,#ksm : 270: Ksheerasagara Madhanam क्षीरसागर मंथन #QandA Ranjith Ophir l Mark Babu 18-04-2026
GFNzeyXcdws,playlist,#ksm : 269: Ksheerasagara Madhanam क्षीरसागर मंथन #QandA Ranjith Ophir l Mark Babu 11-04-2026
1_-sQB1CtEU,playlist,#ksm: 268: Ksheerasagara Madhanam क्षीरसागर मंथन #QandA Ranjith Ophir l Mark Babu 04-04-2026
1MfWK_6FNXc,playlist,#ksm: 267: Ksheerasagara Madhanam क्षीरसागर मंथन #QandA Ranjith Ophir l Mark Babu 28-03-2026
NlFdukU89Gs,playlist,#ksm: 266: Ksheerasagara Madhanam क्षीरसागर मंथन #QandA Ranjith Ophir l Mark Babu 14-03-2026
GT0PswAI098,playlist,#ksm: 265: Ksheerasagara Madhanam क्षीरसागर मंथन #QandA Ranjith Ophir l Mark Babu 07-03-2026
Cf__5nXUUtM,playlist,#ksm: 264: Ksheerasagara Madhanam क्षीरसागर मंथन #QandA Ranjith Ophir l Mark Babu 28-02-2026
-4kdjkUQbfw,playlist,#ksm: 263: Ksheerasagara Madhanam क्षीरसागर मंथन #QandA Ranjith Ophir l Mark Babu 21-02-2026
doueSsjd7xw,playlist,#ksm: 262: Ksheerasagara Madhanam क्षीरसागर मंथन #QandA Ranjith Ophir l Mark Babu 14-02-2026
tuKY24xaFxg,playlist,#ksm: 261: Ksheerasagara Madhanam क्षीरसागर मंथन #QandA Ranjith Ophir l Mark Babu 07-02-2026
-JQffYfbn0E,playlist,#ksm: 260: Ksheerasagara Madhanam क्षीरसागर मंथन #QandA Ranjith Ophir l Mark Babu 31-01-2026
KRLbWPW-fy8,playlist,#ksm: 259: Ksheerasagara Madhanam क्षीरसागर मंथन #QandA Ranjith Ophir l Mark Babu 24-01-2026
eyhUeFSDzlE,playlist,#ksm: 258: Ksheerasagara Madhanam क्षीरसागर मंथन #QandA Ranjith Ophir l Mark Babu 10-01-2026
2vaoSKylKoA,playlist,#ksm: 257: Ksheerasagara Madhanam क्षीरसागर मंथन #QandA Ranjith Ophir l Mark Babu 03-01-2026
FSScEHvA1tU,playlist,#ksm: 256: Ksheerasagara Madhanam क्षीरसागर मंथन #QandA Ranjith Ophir l Mark Babu 27-12-2025
l2h6jJTu_gA,playlist,#ksm: 255: Ksheerasagara Madhanam क्षीरसागर मंथन #QandA Ranjith Ophir l Mark Babu 20-12-2025
HKY8araE7O4,playlist,#ksm: 254: Ksheerasagara Madhanam क्षीरसागर मंथन #QandA Ranjith Ophir l Mark Babu 29-11-2025
eWoTOxKN5Lc,playlist,#ksm 253: Ksheerasagara Madhanam क्षीरसागर मंथन #QandA Ranjith Ophir l 22-11-2025
gxN-1OZ1Qcw,playlist,#ksm 252: Ksheerasagara Madhanam क्षीरसागर मंथन #QandA Ranjith Ophir l Mark Babu 15-11-2025
kp1G8okI0ww,playlist,#ksm 251: Ksheerasagara Madhanam क्षीरसागर मंथन #QandA Ranjith Ophir l Mark Babu 08-11-2025
QK1VRHGx3Bw,playlist,#ksm 250: Ksheerasagara Madhanam क्षीरसागर मंथन #QandA Ranjith Ophir l Mark Babu 01-11-2025
FQpfi5qm4wc,playlist,#ksm 249: Ksheerasagara Madhanam क्षीरसागर मंथन #QandA Ranjith Ophir l Mark Babu 25-10-2025
XopCKgOo5ts,playlist,#ksm 248: Ksheerasagara Madhanam क्षीरसागर मंथन #QandA Ranjith Ophir l Mark Babu 18-10-2025
a9IlAHYmmPk,playlist,#ksm 247: Ksheerasagara Madhanam क्षीरसागर मंथन #QandA Ranjith Ophir l Mark Babu 11-10-2025
2GLTpE8hsU4,playlist,#ksm 246: Ksheerasagara Madhanam क्षीरसागर मंथन #QandA Ranjith Ophir l Mark Babu 04-10-2025
Jcjjnq2IHH0,playlist,#ksm 245: Ksheerasagara Madhanam क्षीरसागर मंथन #QandA Ranjith Ophir l Mark Babu 27-09-2025
9mjFtAPHB9A,playlist,#ksm 244: Ksheerasagara Madhanam क्षीरसागर मंथन #QandA Ranjith Ophir l Mark Babu 20-09-2025
BdocVdSRKhI,playlist,#ksm 243: Ksheerasagara Madhanam क्षीरसागर मंथन #QandA Ranjith Ophir l Mark Babu 13-09-2025
114905Xwl2w,playlist,#ksm 243: Ksheerasagara Madhanam क्षीरसागर मंथन #QandA Ranjith Ophir l Mark Babu 13-09-2025
MrHu9RazjRU,playlist,#ksm 242: Ksheerasagara Madhanam क्षीरसागर मंथन #QandA Ranjith Ophir l Mark Babu 06-09-2025
dorsIQG8SOs,playlist,#ksm 241: Ksheerasagara Madhanam क्षीरसागर मंथन #QandA Ranjith Ophir l Mark Babu 30-08-2025
PMrdGsr-6wA,playlist,#ksm 240: Ksheerasagara Madhanam क्षीरसागर मंथन #QandA Ranjith Ophir l Mark Babu 09-08-2025
RWI3aUj88CQ,playlist,#ksm 239: Ksheerasagara Madhanam क्षीरसागर मंथन #QandA Ranjith Ophir l Mark Babu 02-08-2025
3b5ap6TU7j4,playlist,#ksm 238: Ksheerasagara Madhanam क्षीरसागर मंथन #QandA Ranjith Ophir l Mark Babu 26-07-2025
wwUoIzhib48,playlist,#ksm 237: Ksheerasagara Madhanam क्षीरसागर मंथन #QandA Ranjith Ophir l Mark Babu 19-07-2025
3Uj8GH4uxS4,playlist,#ksm 236: Ksheerasagara Madhanam क्षीरसागर मंथन #QandA| Ranjith Ophir l Mark Babu 12-07-2025
C379GwMI1dU,playlist,#ksm 235: Ksheerasagara Madhanam क्षीरसागर मंथन #QandA| Ranjith Ophir l Mark Babu 05-07-2025
HL0CrAURk9Y,playlist,#ksm 234: Ksheerasagara Madhanam क्षीरसागर मंथन #QandA| Ranjith Ophir l Mark Babu 28-06-2025
uuobjWIKYLM,playlist,#ksm 233: Ksheerasagara Madhanam क्षीरसागर मंथन #QandA| Ranjith Ophir l Mark Babu 21-06-2025
rOmdd1Uu9pQ,playlist,#ksm 232: Ksheerasagara Madhanam क्षीरसागर मंथन #QandA| Ranjith Ophir l Mark Babu 14-06-2025
EeB4Bap6XUs,playlist,#ksm 231: Ksheerasagara Madhanam क्षीरसागर मंथन #QandA| Ranjith Ophir l Mark Babu 07-06-25
gZpmFcAKHxo,playlist,#ksm 230: Ksheerasagara Madhanam क्षीरसागर मंथन #QandA| Ranjith Ophir l Mark Babu 31-05-2025
O-RH-pZp61g,playlist,#ksm 229: Ksheerasagara Madhanam क्षीरसागर मंथन #QandA| Ranjith Ophir l Mark Babu 24-05-2025
waIgYaSGcrc,playlist,#ksm 228: Ksheerasagara Madhanam क्षीरसागर मंथन #QandA| Ranjith Ophir l Mark Babu 10-05-2025
gwaC1s9Ks9Y,playlist,#ksm 227: Ksheerasagara Madhanam क्षीरसागर मंथन #QandA| Ranjith Ophir l Mark Babu 03-05-2025
hMcd04erlwE,playlist,#ksm 227: Ksheerasagara Madhanam क्षीरसागर मंथन #QandA| Ranjith Ophir l Mark Babu 03-05-2025
HWzo95pAOuk,playlist,#ksm 226: Ksheerasagara Madhanam क्षीरसागर मंथन #QandA| Ranjith Ophir l Mark Babu 26-4-2025
MdVp__XrUx4,playlist,#ksm 225: Ksheerasagara Madhanam क्षीरसागर मंथन #QandA| Ranjith Ophir l Mark Babu 19-4-2025
jUqXy0NiJ-o,playlist,#ksm  224: Ksheerasagara Madhanam क्षीरसागर मंथन #QandA| Ranjith Ophir l Mark Babu 12-4-2025
odenNh9gY4o,playlist,#ksm 223: Ksheerasagara Madhanam क्षीरसागर मंथन #QandA| Ranjith Ophir l Mark Babu 29-3-2025
sogAWP08BMY,playlist,#ksm 222: Ksheerasagara Madhanam क्षीरसागर मंथन #QandA| Ranjith Ophir l Mark Babu 15-3-2025
SKlT9IXapUo,playlist,#ksm 221: Ksheerasagara Madhanam क्षीरसागर मंथन #QandA| Ranjith Ophir l Mark Babu 08-3-2025
0cglxt9AonY,playlist,#ksm 220: Ksheerasagara Madhanam क्षीरसागर मंथन #QandA| Ranjith Ophir l Mark Babu 01-3-2025
QT8jtkNS9iY,playlist,#ksm 219: Ksheerasagara Madhanam क्षीरसागर मंथन #QandA| Ranjith Ophir l Mark Babu 14-2-2025
4P1x5FDn50g,playlist,#ksm 218: Ksheerasagara Madhanam क्षीरसागर मंथन #QandA| Ranjith Ophir l Mark Babu 7-2-2025
cT213MtV3UU,playlist,#ksm 217: Ksheerasagara Madhanam क्षीरसागर मंथन #QandA| Ranjith Ophir l Mark Babu
69rPmQTsJEY,playlist,#ksm 216: Ksheerasagara Madhanam क्षीरसागर मंथन #QandA| Ranjith Ophir l Mark Babu
6DUJryRNHD4,playlist,#ksm 215: Ksheerasagara Madhanam क्षीरसागर मंथन #QandA| Ranjith Ophir l Mark Babu
GYiCdaD4dJ4,playlist,#ksm 214: Ksheerasagara Madhanam क्षीरसागर मंथन #QandA| Ranjith Ophir l Mark Babu | Tuni
_VLlp7ItEVw,playlist,#ksm 213: Part 2 l Ksheerasagara Madhanam क्षीरसागर मंथन #QandA| Ranjith Ophir l Mark Babu | Jammu
PSssqf3Am9M,playlist,#ksm 213: Part 1 l Ksheerasagara Madhanam क्षीरसागर मंथन #QandA| Ranjith Ophir l Mark Babu | Jammu
BvIGrGk519g,playlist,#ksm 212: Ksheerasagara Madhanam क्षीरसागर मंथन #Askanyquestion Ranjith Ophir l Mark Babu Romalla
iCoKULvA8WY,playlist,#ksm 211: Ksheerasagara Madhanam क्षीरसागर मंथन #Askanyquestion Ranjith Ophir l Mark Babu Romalla
gmB8nlwZP3c,playlist,#ksm 210: #క్షీరసాగర_మధనం #Bible_Q&A #MarkBabu_with_RanjithOphir #yvtv 15.11.2024
KUYmMTbrj08,playlist,#ksm 209: #క్షీరసాగర_మధనం #Bible_Q&A #MarkBabu_with_RanjithOphir #yvtv 08.11.2024
hxGMtUV2pDA,playlist,#ksm 208: #క్షీరసాగర_మధనం #Bible_Q&A #MarkBabu_with_RanjithOphir #yvtv 01.11.2024
YqO2HRBYaHo,playlist,#ksm 207: #క్షీరసాగర_మధనం #Bible_Q&A #MarkBabu_with_RanjithOphir #yvtv 25.10.2024 | 4K
PvU_CPxD-eM,playlist,#ksm 206: #క్షీరసాగర_మధనం #Bible_Q&A #MarkBabu_with_RanjithOphir #yvtv 18.10.2024 | 4K
HtEuLjhd3Mc,playlist,#ksm 205: #క్షీరసాగర_మధనం #Bible_Q&A #MarkBabu_with_RanjithOphir #yvtv 11.10.2024 | 4K
OXBFJ2HDfLs,playlist,#ksm 204 : #క్షీరసాగర_మధనం #Bible_Q&A #MarkBabu_with_RanjithOphir #yvtv 04.09.2024 | 4K
6YfzkFOpQxE,playlist,#ksm 203 : #క్షీరసాగర_మధనం #Bible_Q&A #MarkBabu_with_RanjithOphir #yvtv 27.09.2024 | 4K
iOT_cjlRQp4,playlist,#ksm 202 : #క్షీరసాగర_మధనం #Bible_Q&A #MarkBabu_with_RanjithOphir #yvtv 20.09.2024 | 4K
TIBIjvoiM00,playlist,#ksm 201 : #క్షీరసాగర_మధనం #Bible_Q&A #MarkBabu_with_RanjithOphir #yvtv 13.09.2024 | 4K
1ZfN8rMkOZ0,playlist,#ksm 200 : #క్షీరసాగర_మధనం #Bible_Q&A #MarkBabu_with_RanjithOphir #yvtv 06.09.2024 | 4K
jkJ1wierZ8o,playlist,#ksm 199 : #క్షీరసాగర_మధనం #Bible_Q&A #MarkBabu_with_RanjithOphir #yvtv 30.08.2024 | 4K
Ct1VQ0f_3ng,playlist,#ksm 198: #క్షీరసాగర_మధనం #Bible_Q&A #MarkBabu_with_RanjithOphir #yvtv 23.08.2024 | 4K
gqDRbe9nDo4,playlist,#ksm 197 : #క్షీరసాగర_మధనం #Bible_Q&A #MarkBabu_with_RanjithOphir #yvtv 09.08.2024 | 4K
7u_eZuiYe3A,playlist,#ksm 196 : #క్షీరసాగర_మధనం #Bible_Q&A #MarkBabu_with_RanjithOphir #yvtv 26.07.2024 | 4K
m85eiRor3S8,playlist,#ksm 195 : #క్షీరసాగర_మధనం #Bible_Q&A #MarkBabu_with_RanjithOphir #yvtv 19.07.2024 | 4K
IxdeaZSemNI,playlist,#ksm 194 : #క్షీరసాగర_మధనం #Bible_Q&A #MarkBabu_with_RanjithOphir #yvtv 12.07.2024 | 4K
abZAX29MKhQ,playlist,#ksm 193: #క్షీరసాగర_మధనం #Bible_Q&A #MarkBabu_with_RanjithOphir #yvtv 05.07.2024 | 4K
mr5GizxjiNg,playlist,#ksm 192 : #క్షీరసాగర_మధనం #Bible_Q&A #MarkBabu_with_RanjithOphir #yvtv 28.06.2024 | 4K
lQRVcvAXbKo,playlist,#ksm 191 : #క్షీరసాగర_మధనం #Bible_Q&A #MarkBabu_with_RanjithOphir #yvtv 21.06.2024 | 4K
Gcl7rk1wizk,playlist,#ksm 190 : #క్షీరసాగర_మధనం #Bible_Q&A #MarkBabu_with_RanjithOphir #yvtv 14.06.2024 | 4K
VG2xNdV57qA,playlist,#ksm 189 : #క్షీరసాగర_మధనం #Bible_Q&A #MarkBabu_with_RanjithOphir #yvtv 07.06.2024 | 4K
zgd8DcUWwpU,playlist,#ksm 188: ఓఫీర్ గారి పై వస్తున్న ఆరోపణలపై ప్రత్యేక కార్యక్రమం! #క్షీరసాగర_మధనం #Bible_Q&A 31.05.2024
xmdc2dpfLkA,playlist,#ksm 187 : #క్షీరసాగర_మధనం #Bible_Q&A #MarkBabu_with_RanjithOphir #yvtv 24.05.2024 | 4K
U1SowB_3Rug,playlist,#ksm 186 : #క్షీరసాగర_మధనం #Bible_Q&A #MarkBabu_with_RanjithOphir #yvtv 03.05.2024 | 4K
Y6OUzPgIq3Q,playlist,#ksm 185 : #క్షీరసాగర_మధనం #Bible_Q&A #MarkBabu_with_RanjithOphir #yvtv 26.04.2024 | 4K
wdlI-9rX0Is,playlist,#ksm 184 : #క్షీరసాగర_మధనం #Bible_Q&A #MarkBabu_with_RanjithOphir #yvtv 19.04.2024 | 4K
GjymFMv6WHw,playlist,#ksm 183 : #క్షీరసాగర_మధనం #Bible_Q&A #MarkBabu_with_RanjithOphir #yvtv 12.04.2024 | 4K
XoSbipar1eU,playlist,#ksm 182 : #క్షీరసాగర_మధనం #Bible_Q&A #MarkBabu_with_RanjithOphir #yvtv 05.04.2024 | 4K
EmAmPZQ1hG4,playlist,#ksm 181 : #క్షీరసాగర_మధనం #Bible_Q&A #MarkBabu_with_RanjithOphir #yvtv 29.03.2024 | 4K
bkoPRWl0img,playlist,#ksm 180 : #క్షీరసాగర_మధనం #Bible_Q&A #MarkBabu_with_RanjithOphir #yvtv 22.03.2024 | 4K
gmMAkD8PG8g,playlist,#ksm 179 : #క్షీరసాగర_మధనం #Bible_Q&A #MarkBabu_with_RanjithOphir #yvtv 15.03.2024 | 4K
fGsEuCxFyuY,playlist,#ksm 178 : #క్షీరసాగర_మధనం #Bible_Q&A #MarkBabu_with_RanjithOphir #yvtv 08.03.2024 | 4K
n540daCGM6M,playlist,#ksm 177 : #క్షీరసాగర_మధనం #Bible_Q&A #MarkBabu_with_RanjithOphir #yvtv 01.03.2024 | 4K
YcfK5TzT5ZU,playlist,#ksm 176: Part 1 : #క్షీరసాగర_మధనం #Bible_Q&A #MarkBabu_with_RanjithOphir #yvtv 23.02.2024 | 4K
npYRRpiMw3w,playlist,#ksm 176: Part 2 : #క్షీరసాగర_మధనం #Bible_Q&A #MarkBabu_with_RanjithOphir #yvtv 23.02.2024 | 4K
DzhPEGo41iw,playlist,#ksm 175: #క్షీరసాగర_మధనం #Bible_Q&A #MarkBabu_with_RanjithOphir #yvtv 16.02.2024 | 4K
d9uw1RRGWK4,playlist,#ksm 174: #క్షీరసాగర_మధనం #Bible_Q&A #MarkBabu_with_RanjithOphir #yvtv 09.02.2024 | 4K
hskuvJ23yMc,playlist,#ksm 173: #క్షీరసాగర_మధనం #Bible_Q&A #MarkBabu_with_RanjithOphir #yvtv 02.02.2024 | 4K
HQTFPOMILgg,playlist,#ksm 172: #క్షీరసాగర_మధనం #Bible_Q&A #MarkBabu_with_RanjithOphir #yvtv 26.01.2024 | 4K
ISSRW31sSJw,playlist,#ksm 171: #క్షీరసాగర_మధనం #Bible_Q&A #MarkBabu_with_RanjithOphir #yvtv 19.01.2024 | 4K
y7kElttmN1M,playlist,#ksm 170: #క్షీరసాగర_మధనం #Bible_Q&A #MarkBabu_with_RanjithOphir #yvtv 12.01.2024 | 4K
fknBCckG4xg,playlist,#ksm 169: #క్షీరసాగర_మధనం #Bible_Q&A #MarkBabu_with_RanjithOphir #yvtv 05.01.2024 | 4K
6OvoT430yhU,playlist,#ksm 168: #క్షీరసాగర_మధనం #Bible_Q&A #MarkBabu_with_RanjithOphir #yvtv 29.12.2023 | 4K
0Ysuy8RcZcw,playlist,#ksm 167: #క్షీరసాగర_మధనం #Bible_Q&A #MarkBabu_with_RanjithOphir #yvtv 15.12.2023
JRQoi1L_tys,playlist,#ksm 166: #క్షీరసాగర_మధనం #Bible_Q&A #MarkBabu_with_RanjithOphir #yvtv 08.12.2023
OsNFr1zYg80,playlist,#ksm 165: #క్షీరసాగర_మధనం #Bible_Q&A #MarkBabu_with_RanjithOphir #yvtv 01.12.2023
fwkyDKEDaeQ,playlist,#ksm 164: #క్షీరసాగర_మధనం #Bible_Q&A #MarkBabu_with_RanjithOphir #yvtv 17.11.2023
pR7Rvgjv_sY,playlist,#ksm 163: #క్షీరసాగర_మధనం #Bible_Q&A #MarkBabu_with_RanjithOphir #yvtv 03.11.2023
haNeaoHPZOE,playlist,#ksm 162: #క్షీరసాగర_మధనం #Bible_Q&A #MarkBabu_with_RanjithOphir #yvtv 27.10.2023
WCBnc2RNH6Y,playlist,#ksm 161: #క్షీరసాగర_మధనం #Bible_Q&A #MarkBabu_with_RanjithOphir #yvtv 13.10.2023
bWdNMMdyUaE,playlist,#ksm 160: #క్షీరసాగర_మధనం #Bible_Q&A #MarkBabu_with_RanjithOphir #yvtv 06.10.2023
7rnIY8ha-aA,playlist,#ksm 159: #క్షీరసాగర_మధనం #Bible_Q&A #MarkBabu_with_RanjithOphir #yvtv 29.09.2023
yVS_snAVD74,playlist,#ksm 158: #క్షీరసాగర_మధనం #Bible_Q&A #MarkBabu_with_RanjithOphir #yvtv 22.09.2023
6-rvUGkXr-0,playlist,#ksm 157: #క్షీరసాగర_మధనం #Bible_Q&A #MarkBabu_with_RanjithOphir #yvtv 15.09.2023
6eZi4bEfojM,playlist,#ksm 156: #క్షీరసాగర_మధనం #Bible_Q&A #MarkBabu_with_RanjithOphir #yvtv 08.09.2023
S-ZoosFPfqw,playlist,#ksm 155: #క్షీరసాగర_మధనం #Bible_Q&A #MarkBabu_with_RanjithOphir #yvtv 01.09.2023
i-nSa14Ub8E,playlist,#ksm 154 #క్షీరసాగర_మధనం #Bible_Q&A #MarkBabu_with_RanjithOphir #yvtv 25.08.2023
k2mpBg9o8A8,playlist,#ksm 153: #క్షీరసాగర_మధనం #Bible_Q&A #MarkBabu_with_RanjithOphir #yvtv 18.08.2023
g-UZHyz2oHc,playlist,#ksm 152: #క్షీరసాగర_మధనం #Bible_Q&A #MarkBabu_with_RanjithOphir #yvtv 11.08.2023
sYwp83SuQU0,playlist,#ksm 151: #క్షీరసాగర_మధనం #Bible_Q&A #MarkBabu_with_RanjithOphir #yvtv 04.08.2023
IKsXMwNHb9Q,playlist,#ksm 150: #క్షీరసాగర_మధనం #Bible_Q&A #MarkBabu_with_RanjithOphir #yvtv 28.07.2023
VYa92dS0FUM,playlist,#ksm 149: #క్షీరసాగర_మధనం #Bible_Q&A #MarkBabu_with_RanjithOphir #yvtv 21.07.2023
dEqgpyLz4XY,playlist,#ksm 148: #క్షీరసాగర_మధనం #Bible_Q&A #MarkBabu_with_RanjithOphir #yvtv 14.07.2023
oWGt8Vb8G3E,playlist,#ksm 147: #క్షీరసాగర_మధనం #Bible_Q&A #MarkBabu_with_RanjithOphir #yvtv 07.07.2023
nxjZiZYUCRk,playlist,#ksm 146: #క్షీరసాగర_మధనం #Bible_Q&A #MarkBabu_with_RanjithOphir #yvtv 16.06.2023
7LnYDnUIk7k,playlist,#ksm 145: #క్షీరసాగర_మధనం #Bible_Q&A #MarkBabu_with_RanjithOphir #yvtv 02.06.2023
4YL5nc04W_k,playlist,#ksm 144: #క్షీరసాగర_మధనం #Bible_Q&A #MarkBabu_with_RanjithOphir #yvtv 26.05.2023
Hvi8Z2sI3YQ,playlist,#ksm 143: #క్షీరసాగర_మధనం #Bible_Q&A #MarkBabu_with_RanjithOphir #yvtv 19.05.2023
jsfLvkwyZis,playlist,#ksm 142: #క్షీరసాగర_మధనం #Bible_Q&A #MarkBabu_with_RanjithOphir #yvtv 13.05.2023
0AuDY5lPVg4,playlist,#ksm 141: #క్షీరసాగర_మధనం #Bible_Q&A #MarkBabu_with_RanjithOphir #yvtv 28.04.2023
tBAFDLWJH4I,playlist,#ksm 140: #క్షీరసాగర_మధనం #Bible_Q&A #MarkBabu_with_RanjithOphir #yvtv 14.04.2023
eX0vquH2fOo,playlist,#ksm 139: #క్షీరసాగర_మధనం #Bible_Q&A #MarkBabu_with_RanjithOphir #yvtv 7.04.2023
tbXSYni2CrY,playlist,#ksm 138: #క్షీరసాగర_మధనం #Bible_Q&A #MarkBabu_with_RanjithOphir #yvtv 24.03.2023
ilMS7o6M83Q,playlist,#ksm 137: #క్షీరసాగర_మధనం #Bible_Q&A #MarkBabu_with_RanjithOphir #yvtv 17.03.2023
8ScaupYb38Q,playlist,#ksm 136: #క్షీరసాగర_మధనం #Bible_Q&A #MarkBabu_with_RanjithOphir #yvtv 10.03.2023
HbwY-JoF1NE,playlist,#ksm 135: #క్షీరసాగర_మధనం #Bible_Q&A #MarkBabu_with_RanjithOphir #yvtv 03.03.2023
pFXe3IUrQys,playlist,#ksm 134: #క్షీరసాగర_మధనం #Bible_Q&A #MarkBabu_with_RanjithOphir #yvtv 24.02.2023
CPo2fN8o8Mg,playlist,#ksm 133: #క్షీరసాగర_మధనం #Bible_Q&A #MarkBabu_with_RanjithOphir #yvtv 17.02.2023
by0pTfgzFhQ,playlist,#ksm 132: #క్షీరసాగర_మధనం #Bible_Q&A #MarkBabu_with_RanjithOphir #yvtv 10.02.2023
b1DxKbvDcPo,playlist,#ksm 131 : #క్షీరసాగర_మధనం #Bible_Q&A #MarkBabu_with_RanjithOphir #yvtv 03.02.2023
9Cv3OG-nLdQ,playlist,#ksm 130: #క్షీరసాగర_మధనం #Bible_Q&A #MarkBabu_with_RanjithOphir #yvtv 27.01.2023
4OavSMWsExY,playlist,#ksm 129: #క్షీరసాగర_మధనం #Bible_Q&A #MarkBabu_with_RanjithOphir #yvtv 20.01.2023
3QixnyUbV00,playlist,#ksm 128: #క్షీరసాగర_మధనం #Bible_Q&A #MarkBabu_with_RanjithOphir #yvtv 13.01.2023
P02Iytiea1E,playlist,#ksm 127: #క్షీరసాగర_మధనం #bible_q&a #MarkBabu_with_RanjithOphir #Yvtv #ask 06-01-2023
1bLJ7FAk_gw,playlist,KSM 126 : క్షీరసాగర మధనం ప్రశ్నోత్తరి | Bible Q&A | Mark Babu with Ranjith Ophir Garu | 30-12-2022
2KYI3f-69XQ,playlist,#ksm 125: #క్షీరసాగర_మధనం #Bible_Q&A #MarkBabu_with_RanjithOphir #yvtv 16.12.2022
NJausI6qSWE,playlist,KSM 124: క్షీరసాగర మధనం ప్రశ్నోత్తరి | Bible Q&A | Mark Babu with Ranjith Ophir Garu | 09-12-2022
HwXWr1jf5nQ,playlist,KSM 123: క్షీరసాగర మధనం ప్రశ్నోత్తరి | Bible Q&A | Mark Babu with Ranjith Ophir Garu | 25-11-2022
W57fPhOssCw,playlist,KSM 122: క్షీరసాగర మధనం ప్రశ్నోత్తరి | Bible Q&A | Mark Babu with Ranjith Ophir Garu | 18-11-2022
qIQeJmD4f_Q,playlist,KSM 121: క్షీరసాగర మధనం ప్రశ్నోత్తరి | Bible Q&A | Mark Babu with Ranjith Ophir Garu | 04-11-2022
EOIXo9rJmp4,playlist,KSM 120: క్షీరసాగర మధనం ప్రశ్నోత్తరి | Bible Q&A | Mark Babu with Ranjith Ophir Garu | 28-10-2022
-zHwglzAP1w,playlist,KSM 119: క్షీరసాగర మధనం ప్రశ్నోత్తరి | Bible Q&A | Mark Babu with Ranjith Ophir Garu | 21-10-2022
dH4PPUGR7mU,playlist,KSM 118: క్షీరసాగర మధనం ప్రశ్నోత్తరి | Bible Q&A | Mark Babu with Ranjith Ophir Garu | 14-10-2022
LYEsT8PVurg,playlist,KSM 117: క్షీరసాగర మధనం ప్రశ్నోత్తరి | Bible Q&A | Mark Babu with Ranjith Ophir Garu | 07-10-2022
5VMg4xKlCts,playlist,KSM 116: క్షీరసాగర మధనం ప్రశ్నోత్తరి | Bible Q&A | Mark Babu with Ranjith Ophir Garu | 30-09-2022
_VbUyQrrEAs,playlist,KSM 115: క్షీరసాగర మధనం ప్రశ్నోత్తరి | Bible Q&A | Mark Babu with Ranjith Ophir Garu | 23-09-2022
HyE26AwbI3U,playlist,క్షీరసాగర మధనం l Episode 114 l KSM l Q&A l Mark Babu with Ranjeet Ophir garu | 9000083219 | 16-09-22
ZQnZJ99aRyo,playlist,క్షీరసాగర మధనం l Episode 113 l KSM l Q&A l Mark Babu with Ranjeet Ophir garu | 9000083219 | 02-08-22
DWKT-XeMq74,playlist,క్షీరసాగర మధనం l Episode 112 l KSM l Q&A l Mark Babu with Ranjeet Ophir garu | 9000083219 | 19-08-22
arY3mlDSXak,playlist,క్షీరసాగర మధనం l Episode 111 l KSM l Q&A l Mark Babu with Ranjeet Ophir garu | 9000083219 | 19-08-22
KCsbYAQQEC0,playlist,క్షీరసాగర మధనం l Episode 110 l KSM l Q&A l Mark Babu with Ranjeet Ophir garu | 9000083219 | 29-07-22
gqV9X7SyMqw,playlist,క్షీరసాగర మధనం l Episode 109 l KSM l Q&A l Mark Babu with Ranjeet Ophir garu | 9000083219 | 22-07-22
odWmh3w-id0,playlist,క్షీరసాగర మధనం l Episode 108 l KSM l Q&A l Mark Babu with Ranjeet Ophir garu | 9000083219 | 27-05-22
NHK3pL-u7fU,playlist,క్షీరసాగర మధనం l Episode 107 l KSM l Q&A l Mark Babu with Ranjeet Ophir garu | 9000083219 | 27-05-22
9zv5ApxWX28,playlist,క్షీరసాగర మధనం l Episode 106 l KSM l Q&A l Mark Babu with Ranjeet Ophir garu | 9000083219 | 27-05-22
e-ZXddsTE6Q,playlist,క్షీరసాగర మధనం l Episode 105 l KSM l Q&A l Mark Babu with Ranjeet Ophir garu | 9000083219 | 27-05-22
Zr1Wb8fowsE,playlist,క్షీరసాగర మధనం l Episode 104 l KSM l Q&A l Mark Babu with Ranjeet Ophir garu | 9000083219 | 13-05-22
wYxgjg9PPgE,playlist,క్షీరసాగర మధనం l Episode 103 l KSM l Q&A l Mark Babu with Ranjeet Ophir garu | 9000083219 | 06-05-22
w-TeEzQ3yVc,playlist,క్షీరసాగర మధనం l Episode 102 l KSM l Q&A l Mark Babu with Ranjeet Ophir garu | 9000083219 | 22-04-22
oXTOlIVPuFk,playlist,క్షీరసాగర మధనం l Episode 101 l KSM l Q&A l Mark Babu with Ranjeet Ophir garu | 9000083219 | 15-04-22
6qxHwO1CF4A,playlist,క్షీరసాగర మధనం l Episode 100 l KSM l Q&A l Mark Babu with Ranjeet Ophir garu | 9000083219 | 01-04-22
THkMeqZ5zy0,playlist,క్షీరసాగర మధనం l KSM 99 l Q&A l Mark Babu with Ranjeet Ophir garu | 9000083219 | 25-Mar-22
ZtSQTiHdkYU,playlist,క్షీరసాగర మధనం l KSM 98 l Q&A l Mark Babu with Ranjeet Ophir garu | 9000083219 | 18-Mar-22
Nnr2_xGBA04,playlist,క్షీరసాగర మధనం l KSM 97 l Q&A l Mark Babu with Ranjeet Ophir garu | 9000083219 | 11-Mar-22
bKttlnyNzCA,playlist,క్షీరసాగర మధనం l KSM 96 l Q&A l Mark Babu with Ranjeet Ophir garu | 9000083219 | 04-Mar-22
3m1EzsDWfwY,playlist,క్షీరసాగర మధనం l KSM 95 l Q&A l Mark Babu with Ranjeet Ophir garu | 9000083219 | 25-Feb-22
iAtHMN3V5Gk,playlist,క్షీరసాగర మధనం l KSM 94 l Q&A l Mark Babu with Ranjeet Ophir garu | 9000083219 | 18-Feb-22
eGeC2kSnA7g,playlist,క్షీరసాగర మధనం l KSM 93 l Q&A l Mark Babu with Ranjeet Ophir garu | 9000083219 | 04-Feb-22
Wq5R-YcRJxk,playlist,క్షీరసాగర మధనం l KSM 92l Q&A l Mark Babu with Ranjeet Ophir garu | 9000083219 | 28-Jan-22
3lc10r3SCuc,playlist,క్షీరసాగర మధనం l  సిలువ బొట్టు వివాదం పై ప్రత్యేక కార్యక్రమం! 2 | Episode 91 l KSM l Q&A l 21-Jan-22
gYhBmGEBFCU,playlist,క్షీరసాగర మధనం l సిలువ బొట్టు వివాదం పై ప్రత్యేక కార్యక్రమం! 1 | Episode 90 l KSM l Q&A l 14-1-22
KPL4qVS-jNA,playlist,క్షీరసాగర మధనం l KSM 89 l Q&A l Mark Babu with Ranjeet Ophir garu | 9000083219 | 05-11-21
byEEyRNfBpU,playlist,క్షీరసాగర మధనం l KSM 88 l Q&A l Mark Babu with Ranjeet Ophir garu | 9000083219 | 22-10-21
NssTWUrNmFk,playlist,క్షీరసాగర మధనం l KSM 87 l Q&A l Mark Babu with Ranjeet Ophir garu | 9000083219 | 01-10-21
3cRmtpkGxm0,playlist,క్షీరసాగర మధనం l KSM 86 l Q&A l Mark Babu with Ranjeet Ophir garu | 9000083219 | 24-09-21
FcERsrCf4QE,playlist,క్షీరసాగర మధనం l KSM 85 l Q&A l Mark Babu with Ranjeet Ophir garu | 9000083219 | 13-8-21
lfn2npnWD84,playlist,క్షీరసాగర మధనం l KSM 84 l Q&A l Mark Babu with Ranjeet Ophir garu | 9000083219 | 06-8-21
gP1Q8BrFcFo,playlist,"""క్షీరసాగర మధనం"" l KSM 83 l Q&A l Mark Babu with Ranjeet Ophir garu | 9000083219 | 30-7-21"
EqjQbTL7Z7o,playlist,"""క్షీరసాగర మధనం"" l KSM 82 l Q&A l Mark Babu with Ranjeet Ophir garu | 9000083219 | 23-7-21"
xgCM4BCz1pU,playlist,"""క్షీరసాగర మధనం"" l KSM 81 l Q&A l Mark Babu with Ranjeet Ophir garu | 9000083219 | 16-7-21"
vi3NiC3rBVg,playlist,"""క్షీరసాగర మధనం"" l KSM 80 l Q&A l Mark Babu with Ranjeet Ophir garu | 9000083219 | 09-7-21"
Mk7wXsqwxzg,playlist,"""క్షీరసాగర మధనం"" l KSM 79 l Q&A l Mark Babu with Ranjeet Ophir garu | 9000083219 | 02-7-21"
YYP0dhcagLI,playlist,"""క్షీరసాగర మధనం"" l KSM 78 l Q&A l Mark Babu with Ranjeet Ophir garu | 9000083219 | 11-6-21"
le85MjZiTNs,playlist,"""క్షీరసాగర మధనం""  l KSM 77 l Q&A l Mark Babu with Ranjeet Ophir garu | 9000083219 | 16-6-21"
J3v5O4uZVZ4,playlist,"""క్షీరసాగర మధనం"" l KSM 76 l Q&A l Mark Babu with Ranjeet Ophir garu | 9000083219 | 11-6-21"
-v1GPqDHSIw,playlist,"""క్షీరసాగర మధనం"" l KSM 75 l Q&A l Mark Babu with Ranjeet Ophir garu | 9000083219 | 28-5-21"
3daJ3HHk_3o,playlist,"""క్షీరసాగర మధనం"" l KSM 74 l Q&A l Mark Babu with Ranjeet Ophir garu 9000083219 | 21-5-2021"
w6UGZ9J5zII,playlist,"""క్షీరసాగర మధనం"" l KSM 73 l Q&A l Mark Babu with Ranjeet Ophir garu 9000083219 | 14-5-2021"
GDAiEzW7fRU,playlist,"""క్షీరసాగర మధనం"" l KSM 72 l Q&A l Mark Babu with Ranjeet Ophir garu 9000083219 | 7-5-2021"
u8ITpZj7pug,playlist,"""క్షీరసాగర మధనం"" l ksm 71 l Q&A l  Dt. 09-04-2021"
t8Dn2aeCEck,playlist,"""క్షీరసాగర మధనం"" l ksm 70 l Q&A l Ksheerasagara Madhanam Program l Dt. 02-04-2021"
7BPCrBPxdWU,playlist,"""క్షీరసాగర మధనం"" l ksm 69 l Q&A l Ksheerasagara Madhanam Program l Dt. 26-03-2021"
TRFltJCR2dQ,playlist,"""క్షీరసాగర మధనం"" l ksm 68 l Q&A l Ksheerasagara Madhanam Program l Dt. 05-03-2021"
bJ8TaRiBncM,playlist,"""క్షీరసాగర మధనం"" l ksm 67 l Q&A l Ksheerasagara Madhanam Program l Dt. 26-02-2021"
wLRPXoeq9Hg,playlist,"""క్షీరసాగర మధనం"" l ksm 66 l Q&A l Ksheerasagara Madhanam Program l Dt. 12-02-2021"
pHuj-Ab6pMA,playlist,"""క్షీరసాగర మధనం"" l ksm 65 l Q&A l Ksheerasagara Madhanam Program l Dt. 29-01-2021"
yw3W3ecsWQk,playlist,"""క్షీరసాగర మధనం"" l ksm 64 l Q&A l Ksheerasagara Madhanam Program l Dt. 22-01-2021"
UbCWD__0yA8,playlist,"""క్షీరసాగర మధనం"" l ksm 63 l Q&A l Ksheerasagara Madhanam Program l Dt. 01-01-2021 | RECORDED"
S3PMsqprp0s,playlist,"""క్షీరసాగర మధనం"" l ksm 62 l Q&A l Ksheerasagara Madhanam Program l Dt. 25-12-2020 | RECORDED"
R3EHfeIsF2U,playlist,"""క్షీరసాగర మధనం"" l ksm 61 l Q&A l KsheeraSagara Madhanam Program l Dt. 18-12-2020"
qPGlwiwlXX4,playlist,"""క్షీరసాగర మధనం"" l ksm 60 l Q&A l KsheeraSagara Madhanam Program l Dt. 11-12-2020"
YxRt0UrtxwI,playlist,"""క్షీరసాగర మధనం"" l ksm 59 l Q&A l Mark Babu with Ranjeet Ophir garu l Dt. 04-12-2020"
-hum1xpgBgo,playlist,"""క్షీరసాగర మధనం"" l ksm 58 l Q&A l Mark Babu with Ranjeet Ophir garu l Dt. 27-11-2020 | KSM"
kZnYMnjt-n0,playlist,"""క్షీరసాగర మధనం"" l ksm 57 l Q&A l Mark Babu with Ranjeet Ophir garu l Dt. 20-11-2020"
okwugqWC6_o,playlist,"""క్షీరసాగర మధనం"" l ksm 56 l Q&A l Mark Babu with Ranjeet Ophir garu l Dt. 06-11-2020"
CLeWUyNvsh0,playlist,"""క్షీరసాగర మధనం"" l ksm 55 l Q&A l Mark Babu with Ranjeet Ophir garu l Dt. 23-10-2020"
grpqSehEXnk,playlist,"""క్షీరసాగర మధనం"" l ksm 54 l Q&A l Mark Babu with Ranjeet Ophir garu l Dt 16-10-2020"
RVFZN5rqm2o,playlist,"""క్షీరసాగర మధనం"" l ksm 53 l Q&A l Mark Babu with Ranjeet Ophir garu l Dt 09-10-2020"
rxLsbM_7kig,playlist,"""క్షీరసాగర మధనం"" l ksm 52 l ప్రశ్నలు - జవాబులు l Dt. 02-10-2020 | వాట్సాప్ నం. 9000083219"
PFpRhvDuywg,playlist,"""క్షీరసాగర మధనం"" l ksm 51 l ప్రశ్నలు - జవాబులు l Dt. 25-09-2020 | వాట్సాప్ నం. 9000083219"
WeH2Q1fqq4Y,playlist,"""క్షీరసాగర మధనం"" l ksm 50 l Q&A l Mark Babu with Ranjeet Ophir garu l Dt. 18-09-2020"
cTXkNC3tIpk,playlist,క్షీరసాగర మధనం l ksm 49 l Q&A l Mark Babu with Ranjeet Ophir garu l Dt 11-09-2020
N6iG1lLe6vQ,playlist,క్షీరసాగర మధనం l ksm 48 l Q&A l Mark Babu with Ranjeet Ophir l Dt 04-09-2020
8q9Q9M3jM_Y,playlist,క్షీరసాగర మధనం l ksm 47 l Q&A l Mark Babu with Ranjeet Ophir l Dt 28-08-2020
zYqKJNo6JmQ,playlist,క్షీరసాగర మధనం l ksm 46 l Q&A l Mark Babu with Ranjeet Ophir l Dt 21-08-2020
NEQvCvFB--Y,playlist,క్షీరసాగర మధనం l ksm 45 l Q&A l Mark Babu with Ranjeet Ophir l Dt 14-08-2020 | LIVE
Aya8fZWGeeQ,playlist,క్షీరసాగర మధనం l ksm 44 l Q&A l Mark Babu l Dt.7 August -2020 l Yadartha Vaadhi Tv
WJcGtmlYpws,playlist,క్షీరసాగర మధనం l ksm 43 l ప్రశ్నోత్తరి కార్యక్రమము | Dt. 31-July -2020 | యదార్థ వాది టీవీ
iMwZr_EcKnU,playlist,క్షీరసాగర మధనం l ksm 42 l Q&A l Apo. A S Ranjeet Ophir l Dt 24 .July -2020 | LIVE
hQwpJ6hZzzA,playlist,క్షీరసాగర మధనం l ksm 41 l Part 2 | Q&A | Mark Babu with Ranjith Ophir | Dt. 17-July -2020
EvmtPkMvWr4,playlist,#ksm 40 క్షీరసాగర మధనం l Episode 40 l   Bible Q&A l Apo. A S Ranjeet Ophir l Dt 10 july.2020 | LIVE
4fwlTBJhO20,playlist,క్షీరసాగర మధనం l ksm 39 l Q&A l Apo. A S Ranjeet Ophir l Dt 03 .July -2020 | LIVE
7PnExKgKrWo,playlist,క్షీరసాగర మధనం l ksm 38 l Bible Q&A l Apo. A S Ranjeet Ophir l Dt.26 .June.2020
UqjbGS6J56M,playlist,క్షీరసాగర మధనం l ksm 37 l Bible Q&A l Apo. A S Ranjeet Ophir l Dt.19.June.2020
bHFjbDCMG-g,playlist,క్షీరసాగర మధనం l ksm 36 l Bible Q&A l Apo. A S Ranjeet Ophir l Dt.12.June.2020
Nq6GBdWAk60,playlist,క్షీరసాగర మధనం l ksm 35 l Bible Q&A l Apo. A S Ranjeet Ophir l Dt. 05.June -2020
CepHFynL-zQ,playlist,క్షీరసాగర మధనం l ksm 34 l Q&A l Apo. A S Ranjeet Ophir l Dt.29.May -2020 | LIVE
fewG430crMk,playlist,క్షీరసాగర మధనం l ksm 33 l Q&A l Apo. A S Ranjeet Ophir l Dt.22.May -2020 | LIVE
AqG_oP85wbw,playlist,lksm 32l క్షీరసాగర మధనం Q&A l Apo. A S Ranjeet Ophir l Dt.15-May-2020
BP4gb6DiVdE,playlist,క్షీరసాగర మధనం l ksm 31 l Bible Q&A l Apo. A S Ranjeet Ophir l Dt. 8-5-2020 | KSM
oDiaCQiJctA,playlist,క్షీరసాగర మధనం l ksm 30 l Bible Q&A l Apo. A S Ranjeet Ophir l Dt.01.May -2020
DoGMOd4lYvI,playlist,క్షీరసాగర మధనం l ksm 29 l Q&A with Ranjeet Ophir l Dt.24.April -2020
P7Qn0Dtz3zI,playlist,క్షీరసాగర మధనం l ksm 28 l Bible Q&A l  Ranjith Ophir l Dt.17.04.2020
VNLhjHqLzYc,playlist,Ksheerasagara Madhanam | ksm 27 | Dt. 03-04-2020 | Krishnaveni with Ranjith Ophir |
6ZBh-zm1w50,playlist,#ksm 26 క్షీరసాగర మధనం l Q&A l Mark Babu with Apo. A S Ranjeet Ophir l Dt. 20-Mar-2020
_3GfVZ5y77U,playlist,lksm 25lక్షీరసాగర మధనం | Q&A l Mark Babu with Apo. A S Ranjeet Ophir l Dt.13.Mar.2020
CYqMT7g5tn0,playlist,lksm 24l క్షీరసాగర మధనం | Q&A l Mark Babu with Apo. AS Ranjeet Ophir l Dt.28.Feb.2020
crs62Q8Kn7Y,playlist,lksm 23lక్షీరసాగర మధనం| Q&A l Mark Babu with Apo. AS Ranjeet Ophir l Dt. 21-2-2020
ppnOQdW32jo,playlist,#ksm: 04: క్షీరసాగర మధనం Q&A with Apo. Dr. Addanki Ranjith Ophir
aMZbiGc_tkk,playlist,#ksm: 02:క్షీరసాగర మధనం  Q&A with Apo. Dr. Addanki Ranjith Ophir
qvZT8-f4MSA,playlist,lksm 22 lక్షీరసాగర మధనం| Q&A l Mark Babu with Apo. AS Ranjeet Ophir ll Dt. 31-01-2020
Gp_t06YoluE,playlist,క్షీరసాగర మధనం lksm 21l Q&A with Apo. Dr. Addanki Ranjith Ophir | Dt.24-1-2020
yNpbCx7PQ0g,playlist,lksm 20l క్షీరసాగర మధనం Q&A with Apo. Dr. Addanki Ranjith Ophir | LIVE
mcZZXrMfqbg,playlist,#ksm: 19: part 2 క్షీరసాగర మధనం l Q&A with Apo. Dr. Addanki Ranjith Ophir | LIVE
soEGyrad3OE,playlist,ksm: 19: part 1 |క్షీరసాగర మధనం l Q&A with Apo. Dr. Addanki Ranjith Ophir | LIVE
TVoep3xftfA,playlist,lksm 18l KSHEERASAGARA MADHANAM l Q&A with Apo. Dr. Addanki Ranjith Ophir | LIVE
FIg5WDXaTJs,playlist,lksm 17l KSHEERASAGARA MADHANAM l Q&A with Apo. Dr. Addanki Ranjith Ophir | LIVE
99irOP6buFA,playlist,#ksm: 16: KSHEERASAGARA MADHANAM l Q&A with Apo. Dr. Addanki Ranjith Ophir | LIVE
9AlVvK6yK7A,playlist,#ksm: 15: KSHEERASAGARA MADHANAM l Q&A with Apo. Dr. Addanki Ranjith Ophir | LIVE
kI_1fG1ZrPQ,playlist,#ksm: 14: KSHEERASAGARA MADHANAM l Q&A with Apo. Dr. Addanki Ranjith Ophir | LIVE
R5c17UpAvsI,playlist,#ksm: 13: క్షీరసాగర మధనం  Q&A l Mark Babu with Apo. AS Ranjeet Ophir ll
PxoUx3QTDcI,playlist,lksm 12lక్షీరసాగర మధనం lQ&A l Mark Babu with Apo. AS Ranjeet Ophir ll Dt. 25-10-2019
ElyXAo3ijLg,playlist,ksm: 11: క్షీరసాగర మధనం  l Q&A l Mark Babu with Apo. AS Ranjeet Ophir ll Dt. 18-10-2019
OcXI1Aznlgs,playlist,|ksm 10| క్షీరసాగర మధనం l Full Episode - 10 l Question and Answers l Dt.11-10-2019 l
lLn8UZtsf0Q,playlist,l ksm 09|  క్షీరసాగర మధనం  l Q&A l Mark Babu with Apo. AS Ranjeet Ophir ll Dt. 27-09-2019
2G-3oX6TSEE,playlist,క్షీరసాగర మధనం l ksm 08 l Q&A l Mark Babu with Apo. AS Ranjeet Ophir ll Dt. 13-09-2019
6lA0JblNVPw,playlist,ksm: 07: Ksheerasagara Madhanam ll Ophir Phone in Program l Dt. 16-8-2019
mWAgR2g4QS0,playlist,#ksm: 06: Ksheerasagara Madhanam ll Dt. 9-8-2019 ll Mark Babu with Ranjith Ophir
Th41ezzAY64,playlist,#ksm: 05:  Ksheerasagara Madhanam ll Dt. 26-7-2019 ll Mark Babu with RanjIth Ophir
1gvarrYgJcY,playlist,#ksm: 03: క్షీరసాగర మధనం  Ranjith Ophir Live program Dt. 6-7-2019
wc9HW2WExfk,playlist,#ksm: 01: క్షీరసాగర మధనం l Q&A l Mark Babu with Apo. AS Ranjeet Ophir ll Dt. 22-06-2019
jGloGE8JBgA,playlist,Private video
20_OPR5Ie3g,playlist,Private video
qRXPaNnUAb8,playlist,Private video
